order_date,region,country,product_category,product_name,revenue,cost,shipping_cost,material_cost
2025-10-16,Europe,Germany,Furniture,Ergonomic Chair,2826.47,1941.19,375.13,1566.05
2025-08-27,South America,Brazil,Technology,Laptop Pro,2577.06,1049.2,80.73,968.47
2024-07-22,South America,Brazil,Office Supplies,Printer,8189.59,3040.51,575.65,2464.86
2025-12-15,South America,Argentina,Office Supplies,Office Chair,2545.48,1144.54,89.37,1055.16
2025-01-24,Europe,United Kingdom,Office Supplies,Printer,8167.72,3808.37,464.02,3344.35
2025-01-22,Europe,Spain,Office Supplies,Printer,5984.85,2621.23,193.26,2427.97
2024-08-21,Asia Pacific,India,Technology,Laptop Pro,4111.2,1807.76,294.8,1512.97
2024-06-15,Asia Pacific,Australia,Technology,Business Tablet,7167.29,3125.67,240.61,2885.06
2025-10-12,North America,Mexico,Furniture,Conference Table,2052.32,895.62,163.11,732.51
2025-10-17,North America,Mexico,Office Supplies,Premium Paper,2675.96,938.16,122.49,815.67
2024-10-01,Europe,France,Furniture,Ergonomic Chair,2519.95,1131.76,187.07,944.69
2025-10-20,South America,Brazil,Office Supplies,Office Chair,2842.96,1214.92,122.64,1092.28
2025-08-21,South America,Chile,Office Supplies,Printer,2583.55,1304.97,143.33,1161.64
2024-04-03,Europe,Germany,Technology,Smartphone X,8024.75,3181.82,266.23,2915.58
2025-01-25,South America,Chile,Office Supplies,Premium Paper,6962.69,2725.35,516.91,2208.45
2024-09-30,Asia Pacific,India,Office Supplies,Desk Organizer,2002.5,734.1,132.37,601.72
2024-09-26,North America,Mexico,Technology,Business Tablet,8495.86,3535.08,339.37,3195.71
2025-01-17,North America,Mexico,Furniture,Executive Desk,6189.97,2530.98,220.32,2310.66
2025-01-06,Asia Pacific,Japan,Technology,Smartphone X,8841.09,4211.23,303.1,3908.14
2025-05-12,Europe,Spain,Technology,Smartphone X,6767.63,3250.38,258.9,2991.48
2025-06-24,South America,Brazil,Furniture,Conference Table,7273.02,3079.64,462.45,2617.19
2025-01-17,South America,Chile,Office Supplies,Premium Paper,2855.1,972.61,88.66,883.95
2025-07-21,North America,Mexico,Technology,Laptop Pro,1174.43,512.18,48.68,463.51
2024-02-02,Asia Pacific,India,Furniture,Conference Table,3145.53,1351.87,179.17,1172.69
2025-08-07,South America,Brazil,Office Supplies,Desk Organizer,2308.89,845.27,119.03,726.24
2025-03-09,South America,Argentina,Furniture,Executive Desk,6896.96,3328.1,240.85,3087.25
2025-02-16,Asia Pacific,India,Technology,Smartphone X,2306.98,965.21,117.87,847.34
2024-10-12,South America,Brazil,Technology,Cloud Server,8176.21,3787.96,285.31,3502.65
2025-10-29,Europe,Germany,Technology,Smartphone X,4360.93,2965.97,479.17,2486.8
2024-01-03,South America,Argentina,Office Supplies,Printer,4518.57,2364.88,360.45,2004.43
2025-07-23,South America,Brazil,Technology,Business Tablet,2568.16,964.5,171.52,792.98
2024-03-03,Asia Pacific,India,Technology,Cloud Server,5277.08,2457.96,199.85,2258.1
2025-06-04,Europe,France,Technology,Laptop Pro,6914.52,2567.19,248.88,2318.3
2025-08-06,North America,Mexico,Furniture,Executive Desk,6384.12,2694.53,377.84,2316.69
2025-06-19,Asia Pacific,Australia,Technology,Business Tablet,2767.52,1170.53,175.97,994.56
2024-11-03,South America,Argentina,Technology,Laptop Pro,4853.71,2570.39,387.35,2183.04
2024-03-16,North America,Mexico,Office Supplies,Office Chair,9365.96,4740.05,692.74,4047.31
2025-01-13,Asia Pacific,Japan,Office Supplies,Printer,6310.94,3223.53,395.69,2827.84
2024-01-09,Asia Pacific,India,Technology,Business Tablet,1596.57,596.66,92.06,504.6
2024-10-05,Asia Pacific,Japan,Furniture,Ergonomic Chair,2434.17,1066.98,105.15,961.83
2025-05-15,Asia Pacific,India,Technology,Cloud Server,8378.81,2960.16,391.1,2569.05
2024-05-13,Asia Pacific,Japan,Furniture,Storage Cabinet,5740.96,2265.59,175.0,2090.59
2024-03-18,North America,Mexico,Technology,Business Tablet,6033.84,2163.65,219.46,1944.19
2024-11-11,Asia Pacific,India,Office Supplies,Office Chair,6979.63,3124.95,332.82,2792.13
2025-07-27,South America,Chile,Furniture,Conference Table,9294.76,3472.85,354.36,3118.49
2024-06-30,South America,Brazil,Technology,Business Tablet,7932.67,3373.39,503.69,2869.7
2024-09-11,Asia Pacific,Japan,Furniture,Executive Desk,4134.15,1485.58,221.32,1264.26
2024-07-23,South America,Argentina,Office Supplies,Office Chair,2617.77,1175.19,130.69,1044.5
2024-10-12,Europe,United Kingdom,Office Supplies,Desk Organizer,6955.42,3290.66,323.83,2966.83
2024-01-29,Europe,United Kingdom,Technology,Business Tablet,863.44,377.12,40.83,336.3
2024-11-17,South America,Chile,Furniture,Executive Desk,4159.36,1785.3,177.75,1607.54
2025-12-26,South America,Brazil,Furniture,Conference Table,3960.1,1479.92,250.33,1229.6
2024-12-04,Asia Pacific,India,Furniture,Ergonomic Chair,5317.66,2373.5,246.26,2127.24
2025-12-14,Asia Pacific,Japan,Technology,Cloud Server,6816.83,2892.23,459.5,2432.73
2024-06-27,Asia Pacific,Singapore,Furniture,Executive Desk,3386.81,1357.49,234.67,1122.82
2025-09-13,Asia Pacific,Singapore,Office Supplies,Desk Organizer,6918.46,3088.14,482.13,2606.02
2024-06-22,Europe,United Kingdom,Furniture,Ergonomic Chair,1387.18,672.15,57.91,614.24
2024-11-13,North America,United States,Technology,Laptop Pro,939.03,477.17,56.87,420.3
2024-03-15,South America,Argentina,Furniture,Conference Table,7324.29,2985.23,366.09,2619.14
2024-05-31,Europe,Germany,Office Supplies,Office Chair,2170.92,1084.58,121.35,963.23
2024-02-21,North America,United States,Office Supplies,Office Chair,8113.46,3890.66,644.17,3246.49
2025-09-01,Asia Pacific,Singapore,Furniture,Storage Cabinet,8390.41,3834.76,628.11,3206.65
2025-05-01,South America,Argentina,Technology,Business Tablet,7775.23,3417.47,476.91,2940.55
2024-10-08,South America,Brazil,Furniture,Ergonomic Chair,2727.69,1159.35,203.63,955.72
2024-03-23,North America,United States,Technology,Cloud Server,7092.52,3114.85,235.55,2879.3
2025-02-21,Asia Pacific,Singapore,Office Supplies,Premium Paper,2464.93,1080.29,185.47,894.82
2025-08-21,Europe,Spain,Office Supplies,Desk Organizer,556.01,233.77,37.63,196.14
2025-03-05,North America,Canada,Technology,Business Tablet,4640.44,1629.54,217.2,1412.34
2025-11-26,South America,Chile,Technology,Cloud Server,9235.65,4653.05,523.72,4129.34
2025-02-07,Europe,Germany,Furniture,Storage Cabinet,1789.15,718.83,58.17,660.65
2025-01-23,Asia Pacific,Japan,Office Supplies,Printer,3706.26,1763.66,162.75,1600.9
2025-03-07,Asia Pacific,India,Office Supplies,Premium Paper,7615.73,2935.17,590.95,2344.22
2024-08-17,Europe,Germany,Technology,Smartphone X,2393.93,815.55,90.06,725.5
2024-05-09,South America,Chile,Technology,Smartphone X,4917.82,1902.61,238.24,1664.37
2025-09-12,Europe,France,Office Supplies,Premium Paper,5997.5,2987.49,352.59,2634.9
2025-01-19,South America,Chile,Technology,Laptop Pro,6124.93,2858.68,258.12,2600.56
2025-12-14,Asia Pacific,India,Furniture,Executive Desk,3798.44,1567.94,184.33,1383.61
2025-06-02,Asia Pacific,India,Office Supplies,Desk Organizer,1502.62,760.17,92.83,667.34
2025-04-15,North America,Canada,Technology,Business Tablet,6351.17,3217.98,436.53,2781.45
2025-04-21,South America,Chile,Furniture,Ergonomic Chair,3561.89,1473.04,273.31,1199.73
2024-10-12,South America,Brazil,Office Supplies,Desk Organizer,3695.77,1553.69,170.93,1382.76
2025-05-14,North America,Canada,Office Supplies,Printer,3156.76,1462.93,233.62,1229.32
2025-07-23,Europe,Spain,Technology,Laptop Pro,2792.88,1169.44,161.31,1008.13
2024-09-03,South America,Chile,Furniture,Storage Cabinet,4757.66,1652.33,212.72,1439.6
2025-02-18,North America,Canada,Furniture,Ergonomic Chair,4995.97,2152.83,256.17,1896.66
2025-07-17,Asia Pacific,Australia,Furniture,Storage Cabinet,3073.71,1148.78,110.75,1038.02
2024-07-16,Asia Pacific,India,Furniture,Conference Table,2319.64,1054.54,101.66,952.89
2025-08-26,Asia Pacific,India,Technology,Business Tablet,2661.09,951.67,81.72,869.95
2025-06-30,North America,Canada,Technology,Laptop Pro,5756.91,2538.37,209.06,2329.32
2025-05-17,Europe,Germany,Furniture,Ergonomic Chair,4959.27,2009.94,194.49,1815.44
2024-02-22,Asia Pacific,Singapore,Technology,Laptop Pro,4306.72,1604.62,264.74,1339.87
2024-02-24,North America,United States,Furniture,Ergonomic Chair,1309.22,517.32,75.81,441.51
2025-03-02,North America,Mexico,Office Supplies,Desk Organizer,9130.79,3689.11,542.61,3146.5
2025-03-15,Asia Pacific,India,Furniture,Executive Desk,9502.11,3532.12,385.32,3146.8
2025-11-07,Europe,France,Technology,Smartphone X,5743.93,3889.4,736.34,3153.06
2024-02-03,North America,Canada,Furniture,Ergonomic Chair,7178.38,3104.46,462.07,2642.4
2024-09-27,North America,Canada,Technology,Smartphone X,6652.53,3376.78,474.54,2902.24
2024-03-14,Europe,France,Office Supplies,Printer,4671.96,1941.24,211.19,1730.05
2025-02-16,Asia Pacific,Singapore,Office Supplies,Premium Paper,6181.35,3091.54,412.46,2679.08
2025-09-10,Asia Pacific,India,Technology,Smartphone X,9638.16,4666.35,566.34,4100.01
2024-01-22,Asia Pacific,India,Technology,Cloud Server,5430.16,2227.68,238.43,1989.25
2025-08-22,South America,Chile,Office Supplies,Premium Paper,4965.1,2022.31,228.66,1793.65
2024-04-17,North America,Canada,Office Supplies,Desk Organizer,3238.07,1659.37,228.86,1430.51
2025-07-17,Europe,Italy,Technology,Business Tablet,2897.79,1118.59,198.87,919.72
2025-06-10,Europe,Spain,Office Supplies,Desk Organizer,1014.94,445.45,62.05,383.41
2025-05-25,South America,Brazil,Technology,Business Tablet,5717.59,2807.66,296.78,2510.88
2025-12-16,South America,Brazil,Technology,Smartphone X,7242.94,2732.73,222.24,2510.49
2025-02-21,Europe,France,Technology,Cloud Server,9497.08,4129.85,358.03,3771.83
2024-10-25,Asia Pacific,Singapore,Office Supplies,Desk Organizer,2815.44,1215.9,138.46,1077.44
2025-09-05,North America,United States,Office Supplies,Desk Organizer,3728.81,1720.91,161.68,1559.23
2024-01-03,Asia Pacific,Australia,Furniture,Storage Cabinet,8719.98,3672.85,472.77,3200.08
2024-12-06,South America,Argentina,Office Supplies,Office Chair,9817.36,3779.38,482.51,3296.87
2025-02-24,Europe,United Kingdom,Furniture,Storage Cabinet,7199.66,3391.15,354.97,3036.18
2025-11-10,North America,Canada,Technology,Smartphone X,5271.77,2435.62,387.4,2048.23
2025-03-26,Europe,Spain,Office Supplies,Premium Paper,7363.22,3123.74,461.96,2661.78
2024-06-07,Europe,Italy,Office Supplies,Printer,6420.96,2527.54,218.41,2309.12
2024-12-02,South America,Argentina,Furniture,Storage Cabinet,8787.64,2977.3,293.69,2683.61
2025-10-08,Asia Pacific,Japan,Furniture,Executive Desk,4622.73,1740.24,285.16,1455.08
2024-04-12,South America,Brazil,Furniture,Ergonomic Chair,9082.53,3421.44,634.03,2787.42
2024-10-27,Asia Pacific,Australia,Office Supplies,Office Chair,2819.88,1200.98,180.73,1020.25
2024-07-03,North America,United States,Technology,Cloud Server,6387.25,2630.05,483.14,2146.91
2024-05-26,North America,Canada,Furniture,Ergonomic Chair,4865.92,2311.17,364.68,1946.5
2025-04-21,Asia Pacific,Japan,Technology,Cloud Server,9479.74,4674.51,426.19,4248.32
2025-03-10,Asia Pacific,Singapore,Office Supplies,Office Chair,9994.05,4630.57,353.12,4277.46
2025-01-25,Asia Pacific,Australia,Furniture,Ergonomic Chair,708.43,336.01,35.27,300.73
2024-01-09,Europe,Spain,Furniture,Storage Cabinet,8411.97,4241.54,578.63,3662.91
2024-08-23,Asia Pacific,Japan,Furniture,Conference Table,6398.47,2992.64,422.6,2570.04
2025-11-06,North America,Mexico,Technology,Laptop Pro,3434.86,1460.17,202.58,1257.58
2024-05-14,Europe,United Kingdom,Office Supplies,Desk Organizer,2168.58,817.11,123.54,693.56
2025-01-09,Asia Pacific,Japan,Office Supplies,Desk Organizer,9690.15,4048.46,712.42,3336.04
2024-04-27,South America,Brazil,Technology,Smartphone X,8671.34,4228.4,685.01,3543.39
2025-07-24,Asia Pacific,India,Office Supplies,Premium Paper,3012.36,1105.44,145.89,959.55
2025-11-19,Asia Pacific,Singapore,Furniture,Ergonomic Chair,1529.29,560.22,47.79,512.42
2025-07-28,Asia Pacific,Japan,Furniture,Executive Desk,6536.34,2841.31,425.21,2416.09
2025-10-26,South America,Brazil,Technology,Laptop Pro,9489.48,3798.51,518.42,3280.08
2024-04-09,North America,Mexico,Technology,Cloud Server,4809.62,2249.6,323.0,1926.6
2025-07-07,South America,Chile,Furniture,Conference Table,8911.43,4187.69,638.81,3548.87
2025-09-22,South America,Argentina,Technology,Business Tablet,2564.06,1047.44,107.19,940.25
2025-01-06,Europe,United Kingdom,Furniture,Ergonomic Chair,1075.23,451.37,84.31,367.06
2025-04-10,Europe,France,Furniture,Executive Desk,980.5,421.09,77.89,343.2
2025-08-01,North America,United States,Furniture,Conference Table,6070.64,2814.4,252.84,2561.55
2024-05-31,Europe,United Kingdom,Technology,Smartphone X,5632.05,2564.12,199.92,2364.21
2024-01-27,North America,United States,Office Supplies,Office Chair,6094.1,2106.34,263.68,1842.66
2024-05-09,South America,Chile,Technology,Laptop Pro,5024.34,2373.32,279.66,2093.66
2024-04-21,South America,Chile,Technology,Laptop Pro,7408.81,3698.91,466.35,3232.56
2024-11-04,South America,Chile,Technology,Laptop Pro,9986.57,4777.66,512.45,4265.21
2024-04-20,South America,Chile,Office Supplies,Premium Paper,9043.03,3488.2,338.36,3149.84
2024-05-09,Asia Pacific,Australia,Office Supplies,Printer,4810.3,2048.1,168.16,1879.93
2025-12-19,Europe,Spain,Furniture,Conference Table,4585.66,3148.82,568.27,2580.54
2024-04-07,Asia Pacific,Singapore,Office Supplies,Printer,4055.86,1618.47,308.85,1309.62
2024-03-09,Europe,Germany,Technology,Cloud Server,1417.36,682.33,100.05,582.28
2025-07-23,Europe,Spain,Furniture,Ergonomic Chair,6865.13,2988.4,505.83,2482.58
2025-03-09,Europe,United Kingdom,Furniture,Ergonomic Chair,3840.64,1641.2,156.07,1485.13
2025-11-03,South America,Brazil,Technology,Business Tablet,8531.05,3610.89,581.22,3029.67
2025-08-10,North America,Canada,Furniture,Executive Desk,6285.45,2912.35,406.5,2505.85
2024-01-30,North America,Canada,Furniture,Ergonomic Chair,9254.61,3625.25,361.58,3263.67
2024-05-26,South America,Brazil,Technology,Laptop Pro,1371.7,587.61,66.95,520.66
2025-04-09,Asia Pacific,Japan,Office Supplies,Printer,7355.16,3493.0,429.39,3063.61
2024-03-27,Europe,France,Technology,Laptop Pro,6902.7,2788.09,435.54,2352.55
2025-05-12,South America,Argentina,Office Supplies,Office Chair,7671.96,2827.64,395.07,2432.57
2024-10-17,South America,Chile,Furniture,Ergonomic Chair,931.46,390.52,55.86,334.66
2024-01-08,North America,Canada,Technology,Smartphone X,7759.53,2944.09,279.34,2664.76
2025-05-24,South America,Brazil,Technology,Cloud Server,5559.53,2181.85,322.1,1859.76
2025-11-15,Asia Pacific,India,Office Supplies,Premium Paper,4644.09,1870.9,157.4,1713.5
2024-11-16,South America,Chile,Office Supplies,Desk Organizer,3250.39,1427.13,254.54,1172.59
2024-06-24,South America,Chile,Office Supplies,Premium Paper,4648.76,1709.18,240.73,1468.45
2025-02-14,Europe,Italy,Office Supplies,Printer,2604.93,1174.01,88.1,1085.91
2025-10-10,Europe,Spain,Furniture,Conference Table,9106.27,6472.71,1355.94,5116.77
2024-08-29,Europe,France,Office Supplies,Office Chair,2148.24,839.72,145.99,693.73
2024-03-18,North America,Mexico,Office Supplies,Desk Organizer,7667.24,3576.21,402.11,3174.1
2025-08-01,Asia Pacific,Australia,Technology,Cloud Server,1148.72,472.67,51.85,420.81
2024-10-08,Europe,United Kingdom,Furniture,Executive Desk,3448.87,1381.73,113.28,1268.45
2024-10-20,Europe,Germany,Furniture,Storage Cabinet,4895.76,2216.5,340.7,1875.8
2024-02-12,South America,Chile,Furniture,Conference Table,3554.5,1453.39,133.45,1319.94
2024-03-04,South America,Brazil,Office Supplies,Premium Paper,5293.22,1949.34,224.36,1724.97
2025-03-24,South America,Chile,Furniture,Conference Table,3957.03,1927.32,195.36,1731.95
2024-12-12,Europe,United Kingdom,Technology,Business Tablet,1397.81,623.37,61.79,561.58
2025-11-03,North America,Canada,Technology,Smartphone X,9209.09,3769.63,578.36,3191.27
2025-11-09,South America,Brazil,Furniture,Executive Desk,3441.03,1466.17,239.44,1226.73
2024-05-10,Europe,Italy,Furniture,Ergonomic Chair,673.19,285.36,52.21,233.15
2024-12-15,South America,Brazil,Technology,Smartphone X,1971.98,815.96,136.87,679.09
2025-06-03,Europe,United Kingdom,Furniture,Conference Table,6173.84,2236.04,241.04,1995.0
2025-12-10,North America,Mexico,Office Supplies,Premium Paper,4403.16,1952.06,184.39,1767.67
2025-03-30,Asia Pacific,Singapore,Technology,Smartphone X,3439.95,1633.1,183.87,1449.23
2024-07-17,Asia Pacific,Singapore,Office Supplies,Printer,7892.18,3364.98,401.97,2963.01
2024-06-14,North America,Mexico,Technology,Business Tablet,995.71,418.84,48.35,370.49
2024-04-15,Europe,United Kingdom,Technology,Smartphone X,3091.52,1462.79,115.52,1347.27
2025-03-23,Europe,France,Office Supplies,Printer,9339.48,3848.4,465.32,3383.08
2025-01-17,North America,Canada,Technology,Business Tablet,2633.12,1007.84,92.04,915.81
2025-10-27,Asia Pacific,Japan,Technology,Laptop Pro,3225.35,1578.06,209.01,1369.05
2024-05-22,South America,Argentina,Furniture,Executive Desk,9105.65,3129.0,371.35,2757.65
2024-06-02,South America,Brazil,Office Supplies,Office Chair,3360.94,1203.73,171.38,1032.35
2025-09-29,South America,Brazil,Technology,Cloud Server,6169.02,2209.95,344.04,1865.91
2024-09-04,North America,Canada,Office Supplies,Premium Paper,6340.69,2453.3,322.29,2131.01
2025-11-11,Europe,Spain,Office Supplies,Premium Paper,9557.33,6040.06,967.39,5072.67
2025-04-26,Europe,Italy,Office Supplies,Printer,7599.51,2940.57,253.66,2686.91
2024-09-03,Europe,Spain,Furniture,Ergonomic Chair,1767.39,706.55,82.94,623.61
2025-10-20,North America,Mexico,Office Supplies,Desk Organizer,6501.49,2957.4,215.56,2741.84
2025-04-13,Europe,United Kingdom,Technology,Laptop Pro,8015.54,3836.62,366.95,3469.68
2024-11-13,South America,Chile,Office Supplies,Printer,847.9,374.21,37.57,336.65
2024-02-18,Asia Pacific,Australia,Technology,Business Tablet,4651.04,1916.18,241.79,1674.39
2025-01-30,Asia Pacific,Japan,Office Supplies,Desk Organizer,3989.8,1847.0,172.9,1674.09
2024-03-25,South America,Brazil,Office Supplies,Office Chair,5682.01,2171.58,193.21,1978.37
2025-11-07,Asia Pacific,Australia,Office Supplies,Desk Organizer,2083.13,872.71,109.07,763.65
2024-12-27,South America,Argentina,Furniture,Executive Desk,1212.89,538.27,58.42,479.85
2025-11-26,North America,United States,Technology,Cloud Server,830.59,314.8,57.25,257.55
2025-01-10,Asia Pacific,Singapore,Furniture,Executive Desk,6248.4,2994.86,483.88,2510.98
2025-01-15,South America,Brazil,Furniture,Conference Table,5529.87,2334.62,345.5,1989.12
2024-09-12,Europe,Germany,Furniture,Conference Table,5240.92,2180.91,304.41,1876.5
2024-09-25,Asia Pacific,Singapore,Technology,Business Tablet,7092.82,3474.09,283.78,3190.31
2024-05-18,Europe,Italy,Technology,Cloud Server,9973.99,4986.55,781.74,4204.8
2024-11-23,Asia Pacific,India,Furniture,Ergonomic Chair,8967.65,4423.69,588.19,3835.5
2025-12-18,North America,Canada,Furniture,Conference Table,1652.94,606.78,61.07,545.71
2025-05-20,Europe,United Kingdom,Furniture,Ergonomic Chair,4940.36,2390.84,180.27,2210.57
2024-03-29,Europe,United Kingdom,Office Supplies,Desk Organizer,5494.11,2673.11,391.0,2282.11
2024-03-16,North America,Canada,Furniture,Executive Desk,4774.76,2145.02,225.49,1919.53
2025-07-18,North America,United States,Office Supplies,Premium Paper,8398.21,3551.78,379.65,3172.13
2024-06-14,Asia Pacific,Japan,Office Supplies,Printer,8536.37,3408.95,527.15,2881.8
2025-07-18,Asia Pacific,Japan,Furniture,Ergonomic Chair,6337.07,2383.14,393.21,1989.93
2025-08-29,North America,United States,Furniture,Ergonomic Chair,8504.04,3876.18,606.01,3270.17
2024-01-30,Europe,Germany,Furniture,Ergonomic Chair,6685.73,3114.7,339.83,2774.87
2025-10-16,Europe,Italy,Furniture,Ergonomic Chair,6598.12,4520.38,820.58,3699.8
2025-04-09,Europe,Germany,Technology,Cloud Server,4448.41,1853.55,209.12,1644.43
2024-05-27,Asia Pacific,Australia,Furniture,Ergonomic Chair,9766.05,3595.29,473.92,3121.38
2025-07-29,Europe,United Kingdom,Technology,Cloud Server,1663.96,673.04,61.64,611.4
2024-02-21,Asia Pacific,Singapore,Furniture,Storage Cabinet,2858.57,1337.19,108.58,1228.6
2024-12-01,Asia Pacific,Japan,Technology,Cloud Server,9961.71,4422.76,736.71,3686.05
2025-05-24,Europe,Germany,Office Supplies,Desk Organizer,9683.52,3678.93,461.37,3217.56
2024-02-21,Asia Pacific,Singapore,Furniture,Storage Cabinet,3214.61,1082.04,113.72,968.33
2024-05-17,Asia Pacific,Australia,Office Supplies,Printer,929.8,340.09,54.01,286.07
2025-01-06,Asia Pacific,India,Office Supplies,Desk Organizer,7761.84,3270.94,616.71,2654.22
2025-11-27,Europe,France,Technology,Cloud Server,4045.38,2529.24,439.55,2089.68
2025-09-08,South America,Chile,Technology,Laptop Pro,869.68,415.04,61.05,353.99
2025-06-15,South America,Brazil,Furniture,Conference Table,3615.68,1555.05,137.85,1417.2
2025-09-23,Asia Pacific,Australia,Furniture,Storage Cabinet,7233.03,3007.18,512.01,2495.17
2025-01-12,Asia Pacific,India,Office Supplies,Printer,8069.17,3818.34,519.67,3298.67
2024-01-28,South America,Argentina,Furniture,Conference Table,7353.3,3132.9,283.29,2849.61
2025-10-06,South America,Brazil,Furniture,Conference Table,799.92,382.14,28.39,353.75
2024-01-20,South America,Argentina,Office Supplies,Office Chair,4423.12,1705.89,243.67,1462.21
2025-09-18,South America,Chile,Furniture,Executive Desk,7204.86,3140.22,418.2,2722.01
2025-11-09,South America,Chile,Office Supplies,Printer,9588.51,4080.93,543.25,3537.68
2025-07-13,Asia Pacific,Australia,Furniture,Storage Cabinet,2326.51,918.7,134.72,783.98
2024-08-18,Asia Pacific,Australia,Furniture,Conference Table,7057.28,3015.86,381.02,2634.84
2025-07-27,Asia Pacific,Australia,Technology,Cloud Server,9009.72,3661.88,425.77,3236.11
2024-05-29,Asia Pacific,India,Office Supplies,Premium Paper,3790.45,1550.97,162.32,1388.66
2025-05-05,North America,United States,Furniture,Ergonomic Chair,9363.73,4132.11,345.18,3786.93
2025-09-22,North America,United States,Technology,Smartphone X,6560.47,2352.18,332.39,2019.8
2025-04-28,Europe,France,Technology,Smartphone X,4365.62,2244.69,322.71,1921.99
2025-05-03,North America,Canada,Office Supplies,Printer,6636.03,3123.34,228.76,2894.57
2025-08-10,North America,Mexico,Furniture,Executive Desk,9175.68,3673.69,680.03,2993.65
2024-06-29,Europe,Italy,Office Supplies,Office Chair,9397.78,4892.69,717.07,4175.62
2024-02-08,Europe,United Kingdom,Furniture,Executive Desk,9320.32,3755.84,491.34,3264.5
2025-10-18,South America,Brazil,Furniture,Storage Cabinet,3091.95,1446.59,143.88,1302.71
2025-04-14,Asia Pacific,Japan,Technology,Business Tablet,8012.29,3629.82,543.75,3086.07
2024-06-28,South America,Argentina,Furniture,Ergonomic Chair,1324.01,582.07,51.95,530.12
2024-05-23,South America,Argentina,Technology,Laptop Pro,2977.46,1199.96,201.54,998.43
2024-12-03,Asia Pacific,India,Office Supplies,Printer,7081.3,2444.68,254.3,2190.38
2024-11-10,North America,Canada,Furniture,Ergonomic Chair,7057.76,3337.18,543.67,2793.51
2025-01-11,North America,United States,Technology,Cloud Server,1955.26,923.76,117.88,805.88
2025-03-01,South America,Chile,Furniture,Conference Table,7737.67,3573.58,462.64,3110.94
2024-03-24,South America,Chile,Furniture,Ergonomic Chair,1241.98,518.79,41.09,477.7
2025-07-14,North America,Mexico,Furniture,Conference Table,2063.1,990.83,107.47,883.36
2025-11-27,North America,Mexico,Furniture,Storage Cabinet,1363.95,609.67,96.07,513.6
2025-04-09,North America,Mexico,Office Supplies,Desk Organizer,5857.16,2620.83,372.74,2248.09
2024-11-11,Europe,Italy,Office Supplies,Premium Paper,7585.14,3178.26,244.73,2933.53
2024-12-18,Europe,Spain,Technology,Laptop Pro,9868.3,4096.97,437.7,3659.27
2024-07-03,North America,Mexico,Furniture,Storage Cabinet,4057.38,1972.4,212.72,1759.69
2025-01-21,South America,Brazil,Furniture,Conference Table,6708.57,2623.65,261.12,2362.53
2025-07-04,South America,Chile,Technology,Smartphone X,8430.81,4150.92,665.4,3485.52
2025-04-19,South America,Chile,Office Supplies,Office Chair,2851.36,1128.3,124.84,1003.46
2024-04-25,Europe,Italy,Furniture,Executive Desk,2786.33,1030.36,166.34,864.02
2025-04-02,Europe,France,Furniture,Executive Desk,4321.52,1624.95,176.59,1448.36
2024-02-27,North America,Mexico,Office Supplies,Office Chair,8249.97,3759.29,379.05,3380.24
2025-09-04,Asia Pacific,Japan,Office Supplies,Office Chair,9864.11,4230.38,499.89,3730.48
2024-10-08,Europe,Spain,Furniture,Conference Table,6446.93,2700.37,353.17,2347.2
2024-12-18,South America,Chile,Office Supplies,Desk Organizer,4378.46,1682.1,171.61,1510.5
2025-07-04,South America,Brazil,Technology,Business Tablet,8646.64,3240.8,459.58,2781.22
2024-02-29,South America,Argentina,Furniture,Conference Table,4189.98,1612.15,194.89,1417.26
2024-03-21,South America,Argentina,Technology,Smartphone X,989.6,412.49,59.62,352.87
2024-02-10,Europe,France,Furniture,Conference Table,5054.24,2411.22,235.77,2175.45
2024-01-16,North America,United States,Furniture,Executive Desk,7595.35,3713.15,575.14,3138.02
2025-12-13,North America,Canada,Technology,Business Tablet,7867.38,3255.38,445.94,2809.44
2025-01-02,Asia Pacific,Australia,Office Supplies,Desk Organizer,4927.04,2397.22,325.78,2071.44
2024-11-23,North America,Canada,Office Supplies,Desk Organizer,934.3,464.04,62.66,401.39
2024-01-17,Asia Pacific,Singapore,Office Supplies,Office Chair,2363.82,928.96,138.26,790.7
2024-09-08,South America,Chile,Furniture,Ergonomic Chair,2944.6,1476.91,230.64,1246.27
2025-10-19,South America,Argentina,Technology,Business Tablet,2108.02,974.88,114.71,860.17
2025-07-09,Europe,Spain,Technology,Laptop Pro,9479.29,4440.57,646.65,3793.92
2025-02-26,North America,Mexico,Technology,Laptop Pro,7218.11,2574.4,399.07,2175.33
2025-01-17,Europe,Spain,Furniture,Storage Cabinet,6763.2,2427.79,382.87,2044.92
2025-02-25,Europe,Germany,Furniture,Ergonomic Chair,5589.51,2225.26,308.04,1917.22
2025-12-15,South America,Brazil,Technology,Laptop Pro,5481.66,2176.96,334.32,1842.63
2024-09-15,Asia Pacific,Australia,Office Supplies,Premium Paper,4043.99,1695.06,235.56,1459.49
2025-12-14,North America,Canada,Furniture,Executive Desk,6710.49,3333.18,456.17,2877.01
2024-04-05,South America,Argentina,Office Supplies,Desk Organizer,1033.09,351.24,39.85,311.39
2025-05-26,South America,Chile,Office Supplies,Premium Paper,9000.52,4314.5,373.42,3941.08
2025-12-09,South America,Argentina,Technology,Laptop Pro,7002.07,2795.28,400.18,2395.1
2025-11-04,Europe,France,Office Supplies,Premium Paper,9633.96,6504.55,1193.63,5310.92
2024-03-19,Asia Pacific,Japan,Furniture,Conference Table,5883.61,2890.43,375.68,2514.75
2025-07-07,Asia Pacific,Singapore,Furniture,Conference Table,8009.73,3502.8,271.7,3231.1
2024-12-20,Europe,Germany,Office Supplies,Office Chair,8467.41,3552.41,579.6,2972.81
2025-09-01,South America,Argentina,Technology,Business Tablet,7943.71,3248.89,328.92,2919.97
2025-07-20,South America,Argentina,Technology,Cloud Server,1314.09,608.02,91.86,516.16
2025-12-31,Europe,Germany,Office Supplies,Office Chair,4110.0,2632.88,499.95,2132.93
2024-04-03,Europe,United Kingdom,Office Supplies,Printer,7732.79,2704.15,265.74,2438.42
2025-03-17,South America,Chile,Furniture,Storage Cabinet,1481.28,549.78,85.49,464.3
2025-09-03,Asia Pacific,Singapore,Technology,Business Tablet,4431.2,2140.79,293.53,1847.26
2025-07-26,North America,Mexico,Furniture,Conference Table,7010.5,2585.97,304.58,2281.39
2024-10-01,South America,Brazil,Technology,Smartphone X,4629.42,1932.21,250.97,1681.24
2024-03-19,Asia Pacific,Australia,Technology,Cloud Server,6141.16,2239.56,217.08,2022.48
2024-11-07,Europe,Italy,Office Supplies,Desk Organizer,8138.73,3224.3,380.38,2843.93
2025-10-28,North America,Canada,Office Supplies,Office Chair,5050.59,1901.84,252.08,1649.75
2024-11-22,Asia Pacific,Singapore,Furniture,Conference Table,3595.92,1479.14,249.17,1229.97
2025-01-08,Europe,Spain,Technology,Smartphone X,6976.27,3210.24,541.71,2668.53
2025-04-17,North America,Canada,Office Supplies,Premium Paper,8280.17,3890.07,417.79,3472.28
2025-05-26,North America,Mexico,Office Supplies,Office Chair,2900.48,1085.59,148.38,937.21
2025-01-21,Europe,Italy,Furniture,Storage Cabinet,6031.32,2752.27,459.43,2292.84
2025-12-09,South America,Chile,Technology,Business Tablet,7165.53,3450.46,427.72,3022.74
2024-03-28,Europe,France,Furniture,Ergonomic Chair,2080.22,936.23,120.99,815.24
2025-10-22,South America,Argentina,Office Supplies,Premium Paper,600.2,236.69,33.33,203.35
2025-06-15,North America,Canada,Office Supplies,Desk Organizer,4899.1,2285.21,316.1,1969.11
2024-06-03,Asia Pacific,India,Office Supplies,Premium Paper,3306.61,1561.96,113.39,1448.57
2024-05-25,Asia Pacific,Australia,Office Supplies,Desk Organizer,7950.56,3383.62,376.98,3006.64
2024-04-09,South America,Chile,Furniture,Storage Cabinet,3529.64,1466.74,248.87,1217.87
2024-04-27,Europe,United Kingdom,Furniture,Executive Desk,6932.82,2799.81,549.04,2250.76
2024-09-06,North America,Mexico,Technology,Business Tablet,5818.57,2824.11,242.01,2582.1
2025-02-18,North America,United States,Furniture,Storage Cabinet,4258.03,2064.14,315.75,1748.38
2025-04-05,South America,Argentina,Technology,Smartphone X,2454.95,1186.44,172.92,1013.52
2024-03-05,Europe,Spain,Technology,Business Tablet,3596.86,1481.01,155.09,1325.92
2025-05-16,Asia Pacific,Singapore,Furniture,Storage Cabinet,6076.54,2579.28,439.19,2140.09
2025-09-24,North America,Mexico,Furniture,Ergonomic Chair,9227.48,4172.03,586.92,3585.11
2024-11-16,Europe,France,Office Supplies,Premium Paper,2238.92,1028.91,124.35,904.56
2025-03-04,North America,Mexico,Office Supplies,Desk Organizer,2264.66,1041.74,146.46,895.28
2025-10-22,North America,Mexico,Technology,Cloud Server,3243.93,1298.1,233.88,1064.22
2025-09-26,Europe,United Kingdom,Technology,Cloud Server,1797.08,899.39,140.52,758.88
2025-06-01,South America,Argentina,Furniture,Storage Cabinet,4448.49,2137.14,242.15,1894.98
2024-03-25,Europe,France,Office Supplies,Premium Paper,3111.1,1303.71,119.5,1184.21
2025-04-13,South America,Chile,Furniture,Executive Desk,5940.78,2360.5,339.55,2020.95
2025-01-10,Europe,Italy,Furniture,Conference Table,9902.87,3831.08,708.09,3122.99
2024-09-10,Asia Pacific,India,Office Supplies,Printer,3811.48,1808.41,198.02,1610.39
2024-04-30,North America,United States,Furniture,Ergonomic Chair,8679.96,3844.77,446.22,3398.55
2025-09-22,North America,United States,Technology,Laptop Pro,5915.71,2601.05,354.01,2247.04
2024-06-21,Asia Pacific,Australia,Office Supplies,Printer,9547.77,4317.22,716.16,3601.06
2024-04-07,North America,Canada,Technology,Business Tablet,8736.95,3427.83,640.45,2787.38
2024-09-12,North America,Mexico,Office Supplies,Office Chair,7734.0,3525.99,421.29,3104.7
2025-08-14,Asia Pacific,Singapore,Office Supplies,Desk Organizer,1217.4,593.65,83.32,510.32
2025-02-16,Asia Pacific,Australia,Office Supplies,Desk Organizer,3609.25,1332.09,247.98,1084.11
2024-04-05,South America,Chile,Furniture,Ergonomic Chair,8576.01,4024.19,427.82,3596.36
2025-03-15,North America,Canada,Office Supplies,Printer,8369.26,3427.71,492.92,2934.79
2025-08-02,South America,Argentina,Furniture,Executive Desk,936.46,436.17,67.27,368.9
2024-01-17,Europe,France,Office Supplies,Desk Organizer,506.42,245.02,20.32,224.7
2025-12-06,North America,Mexico,Office Supplies,Office Chair,8807.02,4105.45,305.31,3800.13
2025-01-04,Asia Pacific,India,Office Supplies,Office Chair,991.98,456.45,65.77,390.68
2024-08-27,South America,Chile,Technology,Laptop Pro,510.32,208.29,18.7,189.59
2024-08-19,South America,Brazil,Technology,Business Tablet,8262.54,4125.81,422.35,3703.46
2024-05-15,South America,Brazil,Technology,Cloud Server,1348.65,615.06,47.42,567.64
2025-01-11,Asia Pacific,Japan,Office Supplies,Office Chair,6594.97,2868.75,220.41,2648.35
2025-07-30,Europe,Spain,Furniture,Conference Table,4680.94,2198.96,287.43,1911.53
2024-06-04,South America,Chile,Furniture,Storage Cabinet,8669.64,3017.26,303.64,2713.63
2024-05-06,South America,Argentina,Office Supplies,Printer,8015.23,3201.27,498.8,2702.48
2024-09-11,Asia Pacific,India,Furniture,Ergonomic Chair,2451.73,1055.4,96.68,958.72
2025-02-05,Asia Pacific,India,Technology,Cloud Server,4165.91,1658.31,257.89,1400.42
2024-03-13,Europe,United Kingdom,Office Supplies,Office Chair,4174.96,1990.99,213.1,1777.89
2025-07-13,North America,Canada,Technology,Laptop Pro,6079.95,2084.55,247.98,1836.56
2024-03-02,South America,Chile,Office Supplies,Desk Organizer,4523.96,1910.78,280.61,1630.17
2025-07-04,North America,Canada,Technology,Business Tablet,1250.7,646.43,98.45,547.98
2024-06-08,Asia Pacific,Singapore,Furniture,Executive Desk,3446.61,1527.86,267.7,1260.16
2024-09-01,Europe,France,Technology,Cloud Server,1601.87,680.15,52.46,627.68
2025-11-13,North America,United States,Technology,Smartphone X,7164.25,2881.65,556.31,2325.34
2025-06-19,Asia Pacific,Japan,Office Supplies,Office Chair,7622.88,3793.65,508.04,3285.61
2024-04-30,Europe,United Kingdom,Office Supplies,Printer,5476.62,2290.29,431.3,1859.0
2025-10-04,Europe,Italy,Office Supplies,Printer,1026.67,659.26,150.3,508.95
2025-08-10,Europe,France,Furniture,Executive Desk,918.36,433.16,38.78,394.38
2025-04-28,Asia Pacific,Singapore,Technology,Smartphone X,9346.02,4544.65,538.73,4005.92
2025-11-02,South America,Brazil,Office Supplies,Office Chair,4454.44,2011.65,194.05,1817.6
2024-03-20,Asia Pacific,India,Furniture,Executive Desk,2203.77,1101.27,174.25,927.02
2025-02-14,Europe,Italy,Office Supplies,Printer,3609.36,1491.97,109.72,1382.25
2024-07-24,Asia Pacific,Australia,Furniture,Conference Table,4907.3,2176.0,268.27,1907.73
2024-07-19,North America,United States,Technology,Cloud Server,727.15,322.15,44.94,277.21
2025-12-11,Europe,United Kingdom,Technology,Cloud Server,8565.56,5544.24,978.96,4565.28
2025-05-18,Europe,France,Furniture,Ergonomic Chair,1383.75,709.94,103.59,606.35
2025-06-16,South America,Chile,Office Supplies,Desk Organizer,9758.27,3391.14,339.38,3051.76
2024-05-16,South America,Brazil,Furniture,Executive Desk,4632.34,2253.5,193.81,2059.69
2024-09-24,Asia Pacific,Singapore,Furniture,Ergonomic Chair,3521.55,1318.92,118.8,1200.12
2024-07-26,North America,Mexico,Technology,Smartphone X,1503.75,621.25,68.72,552.53
2024-05-03,Asia Pacific,Japan,Office Supplies,Printer,4901.79,2266.56,169.21,2097.34
2025-12-03,Asia Pacific,India,Technology,Business Tablet,1909.08,926.08,149.71,776.37
2025-02-09,Europe,United Kingdom,Office Supplies,Office Chair,795.28,328.66,41.84,286.82
2025-07-17,North America,United States,Office Supplies,Premium Paper,8137.02,2860.71,248.98,2611.73
2024-08-15,North America,United States,Office Supplies,Printer,7019.71,3333.23,240.09,3093.14
2025-08-23,Asia Pacific,India,Technology,Laptop Pro,2378.63,1111.68,167.61,944.07
2024-04-04,Asia Pacific,India,Technology,Cloud Server,981.06,480.99,50.68,430.31
2025-02-08,South America,Brazil,Office Supplies,Desk Organizer,2141.67,795.77,84.29,711.48
2024-10-13,South America,Brazil,Technology,Smartphone X,6649.14,2985.28,492.96,2492.32
2025-05-05,Europe,Germany,Office Supplies,Desk Organizer,1803.74,728.98,133.9,595.09
2025-06-22,North America,Mexico,Furniture,Executive Desk,9899.33,4605.59,474.73,4130.87
2025-07-11,South America,Argentina,Furniture,Ergonomic Chair,4189.62,1562.38,192.49,1369.89
2024-08-12,Europe,United Kingdom,Technology,Cloud Server,5529.61,2737.19,442.26,2294.93
2024-06-12,Europe,France,Furniture,Conference Table,3032.01,1510.87,230.02,1280.85
2024-02-27,North America,Mexico,Office Supplies,Printer,9384.46,4574.14,363.04,4211.1
2024-08-30,Asia Pacific,Australia,Furniture,Executive Desk,7182.8,2953.1,419.35,2533.75
2024-05-25,North America,Canada,Furniture,Ergonomic Chair,2167.79,733.8,71.12,662.68
2025-09-08,North America,United States,Furniture,Storage Cabinet,506.49,241.98,20.3,221.68
2024-05-13,Asia Pacific,Japan,Office Supplies,Premium Paper,708.17,328.49,53.72,274.76
2024-04-23,Asia Pacific,India,Office Supplies,Desk Organizer,6067.16,2406.32,279.88,2126.44
2024-06-10,South America,Chile,Office Supplies,Printer,2154.93,1098.99,139.38,959.61
2025-09-20,Asia Pacific,Japan,Furniture,Conference Table,4094.65,1862.35,183.14,1679.21
2024-06-30,Europe,Spain,Office Supplies,Premium Paper,2229.78,932.43,157.07,775.37
2025-09-18,North America,Mexico,Furniture,Executive Desk,9398.53,3650.05,632.21,3017.84
2024-08-31,Asia Pacific,Australia,Technology,Laptop Pro,8305.79,3878.54,552.04,3326.5
2024-12-09,South America,Brazil,Office Supplies,Office Chair,2870.64,1013.34,122.96,890.38
2024-04-20,Europe,Germany,Office Supplies,Desk Organizer,7459.55,3875.93,553.7,3322.22
2025-05-19,South America,Argentina,Furniture,Storage Cabinet,1463.57,651.47,107.14,544.34
2025-10-28,North America,United States,Office Supplies,Premium Paper,8092.35,2719.16,250.89,2468.26
2024-09-24,Europe,Germany,Office Supplies,Office Chair,8935.35,3197.83,301.57,2896.27
2024-04-05,Asia Pacific,Singapore,Furniture,Executive Desk,4597.57,2107.58,277.54,1830.04
2025-03-20,North America,United States,Technology,Business Tablet,2452.73,964.8,159.08,805.72
2025-07-07,Asia Pacific,Australia,Office Supplies,Office Chair,1411.2,587.65,81.12,506.53
2025-05-17,North America,United States,Office Supplies,Premium Paper,4562.26,1858.13,287.88,1570.25
2025-09-06,South America,Brazil,Technology,Laptop Pro,2466.05,1170.34,194.46,975.89
2025-04-29,Europe,United Kingdom,Office Supplies,Desk Organizer,5146.42,2232.07,177.84,2054.22
2025-07-11,South America,Brazil,Office Supplies,Desk Organizer,4009.32,1643.95,173.06,1470.88
2025-04-21,Asia Pacific,Japan,Office Supplies,Premium Paper,1935.74,850.38,67.43,782.95
2025-11-15,Asia Pacific,Singapore,Furniture,Conference Table,5759.22,2862.56,408.45,2454.12
2025-03-04,South America,Chile,Technology,Cloud Server,3339.1,1442.22,242.74,1199.47
2024-02-05,North America,United States,Office Supplies,Office Chair,9516.08,3479.74,386.3,3093.44
2024-07-16,North America,United States,Office Supplies,Premium Paper,9888.66,4402.16,789.74,3612.42
2025-10-04,North America,Mexico,Office Supplies,Printer,9152.64,4306.1,305.25,4000.86
2025-02-01,South America,Chile,Office Supplies,Printer,5437.04,2545.58,166.47,2379.11
2025-12-18,South America,Brazil,Office Supplies,Office Chair,1907.9,870.21,129.58,740.63
2024-04-12,Europe,Spain,Technology,Business Tablet,8741.02,4422.21,645.91,3776.3
2024-09-27,South America,Chile,Office Supplies,Desk Organizer,855.92,323.97,31.83,292.14
2025-09-15,South America,Brazil,Office Supplies,Printer,7059.88,2549.71,379.55,2170.16
2024-10-02,Asia Pacific,India,Office Supplies,Printer,3454.02,1724.73,251.84,1472.89
2025-12-02,Europe,France,Technology,Business Tablet,9755.08,6164.71,1219.45,4945.26
2025-10-23,Europe,France,Office Supplies,Office Chair,9177.61,6002.93,1123.66,4879.28
2024-02-27,North America,United States,Office Supplies,Desk Organizer,1788.67,897.31,132.3,765.0
2024-01-30,North America,United States,Technology,Laptop Pro,2870.16,1275.41,217.85,1057.56
2025-12-22,North America,Canada,Office Supplies,Desk Organizer,5298.7,2286.42,191.78,2094.64
2024-02-01,North America,Canada,Office Supplies,Desk Organizer,2187.05,1071.47,129.79,941.68
2024-12-24,Asia Pacific,Japan,Office Supplies,Premium Paper,3208.16,1270.85,122.38,1148.47
2025-08-08,North America,United States,Furniture,Conference Table,6938.1,2711.67,350.2,2361.47
2024-01-21,Europe,Italy,Technology,Smartphone X,6210.85,2135.84,264.7,1871.14
2024-11-08,Asia Pacific,Singapore,Office Supplies,Printer,4860.48,1836.48,219.24,1617.23
2025-06-17,South America,Chile,Technology,Laptop Pro,5359.38,2527.04,386.76,2140.29
2025-01-18,Asia Pacific,Australia,Furniture,Executive Desk,5076.51,2001.5,222.47,1779.03
2024-11-28,Asia Pacific,Australia,Furniture,Ergonomic Chair,2289.42,960.66,96.19,864.47
2024-02-28,South America,Chile,Office Supplies,Office Chair,7352.19,3515.7,587.24,2928.45
2024-09-22,South America,Argentina,Office Supplies,Premium Paper,6038.73,3140.22,427.55,2712.68
2024-12-17,North America,Mexico,Furniture,Storage Cabinet,9112.0,4156.4,504.49,3651.91
2024-06-23,North America,Canada,Technology,Cloud Server,1715.47,702.0,120.8,581.2
2024-07-06,Asia Pacific,India,Technology,Business Tablet,2621.62,1262.94,133.76,1129.17
2024-12-05,Asia Pacific,Australia,Furniture,Ergonomic Chair,4905.73,1718.73,160.34,1558.39
2025-10-11,Europe,Italy,Technology,Laptop Pro,8741.23,5565.2,1322.15,4243.05
2024-05-20,North America,Canada,Office Supplies,Desk Organizer,1860.63,871.48,72.6,798.88
2024-03-23,South America,Argentina,Furniture,Conference Table,3477.43,1256.41,182.92,1073.49
2024-08-02,North America,Mexico,Technology,Cloud Server,7959.5,3609.1,290.29,3318.82
2025-03-20,South America,Argentina,Office Supplies,Desk Organizer,4141.51,1431.43,165.54,1265.89
2025-01-17,Europe,United Kingdom,Furniture,Conference Table,670.2,246.16,44.69,201.47
2024-08-19,Asia Pacific,Australia,Technology,Laptop Pro,4143.73,1767.93,158.92,1609.01
2024-02-16,Asia Pacific,Australia,Office Supplies,Printer,4619.82,2031.36,169.5,1861.87
2025-05-16,Asia Pacific,Japan,Technology,Cloud Server,681.68,281.46,54.02,227.44
2024-08-04,Europe,Spain,Furniture,Conference Table,1670.04,795.39,116.25,679.15
2025-01-19,Asia Pacific,India,Furniture,Executive Desk,6788.71,2912.51,210.36,2702.15
2025-12-07,Europe,Italy,Office Supplies,Desk Organizer,1674.15,1074.29,236.3,837.99
2024-01-10,Asia Pacific,Singapore,Furniture,Executive Desk,6793.59,2722.72,409.53,2313.19
2024-05-20,South America,Brazil,Furniture,Executive Desk,3185.71,1505.57,174.85,1330.72
2025-09-15,North America,Canada,Furniture,Conference Table,3900.26,1558.08,148.28,1409.8
2025-07-15,South America,Brazil,Furniture,Storage Cabinet,3640.73,1325.2,231.48,1093.71
2024-04-23,South America,Brazil,Technology,Laptop Pro,7373.85,2639.75,315.56,2324.19
2024-08-24,South America,Argentina,Office Supplies,Desk Organizer,975.76,483.67,71.92,411.75
2024-10-24,Asia Pacific,Australia,Office Supplies,Premium Paper,1402.49,625.55,45.29,580.25
2024-05-21,North America,Canada,Office Supplies,Desk Organizer,9573.35,3895.39,638.1,3257.3
2025-01-16,Asia Pacific,Japan,Technology,Cloud Server,4302.38,1894.19,308.85,1585.34
2025-12-07,South America,Argentina,Furniture,Conference Table,1574.04,688.42,51.84,636.58
2024-06-12,Europe,Italy,Furniture,Storage Cabinet,8121.52,3580.14,317.25,3262.89
2025-01-23,Asia Pacific,India,Furniture,Conference Table,5089.26,2277.94,378.54,1899.41
2025-03-27,Europe,Germany,Office Supplies,Printer,617.42,300.37,34.72,265.64
2025-08-13,North America,Mexico,Office Supplies,Premium Paper,4612.06,2135.82,249.5,1886.32
2025-11-10,South America,Brazil,Furniture,Executive Desk,610.63,302.53,33.75,268.77
2025-04-25,South America,Brazil,Technology,Cloud Server,3546.02,1395.51,155.7,1239.81
2025-06-03,North America,Mexico,Furniture,Storage Cabinet,4331.13,1681.37,229.35,1452.01
2025-08-09,South America,Brazil,Office Supplies,Desk Organizer,3502.58,1801.6,235.59,1566.01
2024-01-19,Europe,Italy,Office Supplies,Premium Paper,5792.74,1938.08,200.11,1737.97
2025-09-10,Asia Pacific,Japan,Furniture,Storage Cabinet,9528.37,3689.53,311.71,3377.82
2024-08-16,South America,Argentina,Furniture,Storage Cabinet,7308.25,2975.34,384.61,2590.73
2024-04-09,North America,United States,Office Supplies,Printer,8383.9,4101.94,373.92,3728.03
2025-06-18,Asia Pacific,India,Technology,Smartphone X,5178.01,2539.3,347.58,2191.73
2025-02-23,Europe,United Kingdom,Furniture,Conference Table,2281.66,1116.14,113.27,1002.86
2025-04-13,North America,Mexico,Office Supplies,Premium Paper,7692.92,2835.9,474.36,2361.53
2025-11-19,Europe,Italy,Office Supplies,Office Chair,9656.62,6385.84,1216.43,5169.41
2025-08-22,South America,Chile,Technology,Smartphone X,7439.7,2742.48,367.3,2375.18
2025-09-06,Asia Pacific,Singapore,Office Supplies,Office Chair,3099.16,1621.06,243.36,1377.7
2025-04-08,North America,United States,Office Supplies,Printer,8509.21,3640.81,388.83,3251.97
2025-07-20,North America,United States,Technology,Business Tablet,7022.81,3334.52,257.27,3077.25
2025-12-28,North America,Mexico,Furniture,Ergonomic Chair,7248.35,3422.89,421.23,3001.66
2025-08-19,South America,Chile,Furniture,Ergonomic Chair,8836.03,3481.36,270.72,3210.64
2024-04-19,Europe,Italy,Technology,Laptop Pro,6867.41,2729.76,463.61,2266.14
2024-06-13,Asia Pacific,Australia,Technology,Laptop Pro,7060.65,2908.64,477.86,2430.78
2024-02-03,Asia Pacific,Singapore,Technology,Smartphone X,7552.92,3218.08,316.31,2901.76
2025-12-13,Asia Pacific,India,Office Supplies,Desk Organizer,4457.38,2150.57,286.42,1864.15
2025-07-19,Europe,Germany,Furniture,Ergonomic Chair,2429.33,1222.8,177.4,1045.41
2025-03-29,North America,Mexico,Furniture,Ergonomic Chair,7673.52,3392.94,461.71,2931.23
2024-07-17,Asia Pacific,Singapore,Technology,Laptop Pro,2276.28,869.0,126.77,742.22
2025-01-21,Europe,Italy,Office Supplies,Printer,1735.63,746.93,74.2,672.73
2024-12-04,South America,Chile,Technology,Laptop Pro,1960.18,746.71,63.79,682.92
2025-10-02,Asia Pacific,Singapore,Furniture,Ergonomic Chair,1192.37,551.38,67.09,484.28
2024-07-07,Europe,Spain,Technology,Cloud Server,5659.26,2308.88,268.65,2040.23
2024-08-06,Asia Pacific,Australia,Office Supplies,Printer,2575.23,1208.87,145.56,1063.31
2025-07-28,Europe,Germany,Furniture,Ergonomic Chair,4733.84,2349.69,287.27,2062.41
2025-09-28,North America,United States,Furniture,Ergonomic Chair,4123.04,1876.39,147.06,1729.33
2024-09-19,Asia Pacific,India,Furniture,Ergonomic Chair,5385.94,2319.46,292.67,2026.78
2024-10-30,North America,Canada,Furniture,Executive Desk,9508.01,3831.0,739.85,3091.14
2025-07-04,Europe,Germany,Technology,Smartphone X,8717.03,3476.59,306.81,3169.79
2025-07-04,South America,Chile,Technology,Smartphone X,725.65,318.87,23.14,295.72
2024-03-16,Europe,France,Office Supplies,Premium Paper,5962.14,2248.2,255.97,1992.23
2025-02-01,South America,Chile,Office Supplies,Desk Organizer,3505.84,1382.49,125.91,1256.58
2024-01-07,Europe,Spain,Technology,Laptop Pro,3898.15,1636.9,173.44,1463.47
2025-12-03,Asia Pacific,India,Office Supplies,Desk Organizer,4123.43,1875.58,130.06,1745.52
2024-06-09,North America,United States,Furniture,Storage Cabinet,8069.32,3810.08,361.09,3448.99
2025-10-11,North America,Canada,Furniture,Ergonomic Chair,9595.22,3602.15,707.54,2894.61
2024-05-24,Europe,Germany,Technology,Cloud Server,5602.94,2730.21,253.45,2476.76
2024-12-18,North America,Canada,Furniture,Conference Table,2029.07,821.48,145.56,675.92
2024-07-17,Europe,France,Furniture,Executive Desk,8588.18,4462.17,684.61,3777.56
2025-04-17,Europe,United Kingdom,Furniture,Executive Desk,2881.53,1119.88,170.1,949.79
2024-12-04,Asia Pacific,Japan,Furniture,Conference Table,1450.43,678.7,108.79,569.91
2024-11-21,South America,Argentina,Office Supplies,Printer,7087.85,2701.9,413.53,2288.38
2024-11-19,South America,Brazil,Technology,Business Tablet,2838.66,1136.09,190.16,945.92
2025-03-22,Asia Pacific,Australia,Technology,Business Tablet,8839.92,3689.47,423.76,3265.71
2024-11-08,South America,Chile,Technology,Smartphone X,6632.74,2363.42,292.04,2071.38
2024-05-23,North America,Canada,Furniture,Executive Desk,7410.54,3751.92,537.11,3214.81
2025-10-08,Europe,Spain,Furniture,Storage Cabinet,7807.4,5150.55,1199.52,3951.03
2025-07-06,South America,Chile,Technology,Business Tablet,4228.73,2085.59,251.53,1834.07
2024-10-24,North America,Canada,Furniture,Executive Desk,4269.46,1871.98,269.55,1602.44
2025-09-20,North America,Mexico,Technology,Cloud Server,2012.61,892.08,117.32,774.76
2024-05-29,South America,Argentina,Technology,Smartphone X,7733.99,2923.3,334.25,2589.05
2024-08-27,Europe,France,Furniture,Ergonomic Chair,4186.88,2142.69,310.15,1832.54
2024-02-10,Asia Pacific,India,Furniture,Ergonomic Chair,8431.29,3344.82,482.42,2862.4
2024-06-27,South America,Chile,Office Supplies,Printer,6082.95,2850.63,206.16,2644.47
2024-09-14,South America,Brazil,Furniture,Storage Cabinet,3852.53,1866.55,209.36,1657.2
2025-05-08,Europe,Spain,Technology,Cloud Server,2073.26,774.85,128.9,645.95
2024-08-04,North America,United States,Technology,Business Tablet,6219.19,3020.03,392.15,2627.88
2025-02-28,Asia Pacific,India,Office Supplies,Desk Organizer,5050.7,2277.77,314.98,1962.8
2025-02-24,Europe,France,Technology,Smartphone X,5948.12,2293.87,365.67,1928.2
2024-02-10,North America,United States,Technology,Business Tablet,9263.25,3962.53,465.69,3496.84
2025-07-31,Europe,United Kingdom,Technology,Smartphone X,4767.43,2489.94,349.76,2140.18
2024-06-23,North America,Canada,Furniture,Conference Table,8048.85,3719.87,314.66,3405.21
2025-11-06,Asia Pacific,Japan,Furniture,Ergonomic Chair,9262.34,3917.25,309.75,3607.5
2025-01-22,South America,Brazil,Technology,Laptop Pro,2422.31,1172.78,133.76,1039.02
2025-03-05,North America,Mexico,Technology,Smartphone X,5020.76,2129.63,160.42,1969.2
2025-06-28,Europe,Germany,Office Supplies,Office Chair,9068.86,3726.87,272.61,3454.26
2025-11-25,South America,Chile,Office Supplies,Printer,8810.83,4018.57,453.3,3565.27
2025-05-08,South America,Argentina,Furniture,Executive Desk,4542.15,1846.25,310.2,1536.05
2024-03-26,Asia Pacific,Singapore,Office Supplies,Office Chair,551.96,243.91,16.76,227.16
2025-06-19,Europe,Spain,Technology,Cloud Server,6718.19,3016.2,307.66,2708.54
2025-01-05,Europe,France,Office Supplies,Printer,2982.38,1308.22,173.67,1134.54
2025-09-18,Asia Pacific,Singapore,Technology,Cloud Server,5745.0,2427.67,223.69,2203.98
2025-07-26,South America,Argentina,Office Supplies,Printer,7854.85,3115.41,289.87,2825.54
2025-11-06,Europe,France,Office Supplies,Office Chair,1452.65,1012.39,198.78,813.61
2025-12-01,Europe,France,Office Supplies,Premium Paper,8141.51,5253.82,857.21,4396.62
2024-09-26,North America,Canada,Technology,Laptop Pro,7382.7,3614.83,369.37,3245.46
2025-11-02,Asia Pacific,India,Technology,Cloud Server,4670.23,1835.87,293.5,1542.37
2025-06-14,Asia Pacific,Japan,Technology,Smartphone X,6344.3,2849.17,304.44,2544.72
2025-11-01,Europe,France,Technology,Business Tablet,7906.89,5295.03,1036.31,4258.71
2025-12-21,Europe,Germany,Furniture,Ergonomic Chair,7398.32,4910.11,1101.84,3808.27
2024-08-19,North America,Canada,Office Supplies,Premium Paper,2980.52,1181.46,105.28,1076.18
2024-03-15,Asia Pacific,Australia,Technology,Business Tablet,8823.07,4241.4,518.31,3723.09
2025-12-11,South America,Argentina,Furniture,Storage Cabinet,7814.69,3842.35,610.03,3232.32
2025-04-14,South America,Chile,Technology,Cloud Server,1604.55,596.6,98.97,497.62
2024-08-13,North America,Canada,Office Supplies,Printer,5406.79,2017.1,387.17,1629.92
2024-09-11,Asia Pacific,India,Office Supplies,Printer,1222.27,603.24,65.79,537.44
2024-12-28,North America,Mexico,Office Supplies,Office Chair,9497.62,4539.51,717.04,3822.47
2025-05-25,North America,United States,Furniture,Conference Table,8791.05,3262.84,352.86,2909.99
2024-09-12,Asia Pacific,Japan,Technology,Laptop Pro,9241.79,4293.21,583.82,3709.39
2025-09-20,Europe,Spain,Technology,Cloud Server,4026.37,1700.01,301.6,1398.41
2025-08-11,Asia Pacific,Singapore,Technology,Business Tablet,4279.86,1921.39,155.84,1765.55
2025-06-22,South America,Argentina,Furniture,Executive Desk,5273.51,2232.67,339.18,1893.49
2024-06-27,South America,Brazil,Furniture,Storage Cabinet,3498.69,1276.91,222.88,1054.03
2025-01-23,Europe,United Kingdom,Office Supplies,Printer,2277.95,872.22,99.02,773.2
2025-09-19,Asia Pacific,Australia,Technology,Cloud Server,4527.46,1948.95,306.1,1642.85
2025-01-08,South America,Argentina,Office Supplies,Office Chair,5928.39,3030.54,381.2,2649.34
2024-04-12,Asia Pacific,Japan,Furniture,Storage Cabinet,8634.93,3448.89,604.46,2844.43
2024-06-02,South America,Brazil,Technology,Cloud Server,5246.18,2737.48,380.19,2357.29
2025-06-13,Asia Pacific,Singapore,Office Supplies,Printer,5840.32,2541.1,291.55,2249.55
2025-12-08,North America,United States,Technology,Business Tablet,5027.12,2246.98,263.89,1983.09
2024-12-08,Asia Pacific,Australia,Office Supplies,Printer,3769.33,1542.86,179.25,1363.61
2025-11-26,North America,Mexico,Furniture,Conference Table,9804.04,3813.24,453.48,3359.76
2025-06-06,South America,Chile,Office Supplies,Premium Paper,4120.17,1666.87,253.74,1413.13
2024-05-28,North America,Mexico,Office Supplies,Desk Organizer,6497.1,2976.91,470.68,2506.23
2024-03-14,Europe,France,Office Supplies,Office Chair,3478.08,1612.0,227.89,1384.11
2025-09-11,South America,Argentina,Office Supplies,Printer,7605.01,3275.13,399.37,2875.76
2024-06-20,North America,United States,Technology,Smartphone X,6789.21,3436.02,441.54,2994.49
2024-03-22,North America,United States,Office Supplies,Premium Paper,1407.76,695.68,75.54,620.15
2024-02-25,Europe,Italy,Furniture,Executive Desk,1487.32,634.98,50.89,584.09
2025-02-03,Asia Pacific,Japan,Technology,Business Tablet,4710.02,1767.67,265.35,1502.32
2024-06-23,Europe,Germany,Furniture,Ergonomic Chair,8673.5,3491.85,466.7,3025.15
2025-07-07,Asia Pacific,Singapore,Technology,Smartphone X,6112.89,2664.77,412.29,2252.49
2025-07-31,South America,Chile,Furniture,Ergonomic Chair,9134.77,3778.18,377.78,3400.4
2024-04-01,South America,Argentina,Office Supplies,Desk Organizer,2968.17,1114.67,89.06,1025.61
2024-05-19,Asia Pacific,Australia,Office Supplies,Premium Paper,7033.81,3105.87,476.71,2629.17
2024-11-02,Europe,Italy,Office Supplies,Office Chair,8069.29,3402.5,318.16,3084.34
2025-07-28,South America,Argentina,Technology,Smartphone X,7291.91,3414.95,520.8,2894.15
2024-08-13,Asia Pacific,India,Office Supplies,Office Chair,5407.8,2599.28,328.04,2271.24
2025-12-11,Asia Pacific,Australia,Furniture,Ergonomic Chair,4422.59,2065.98,173.01,1892.97
2024-10-23,Europe,Italy,Furniture,Storage Cabinet,3085.27,1335.31,121.53,1213.79
2024-01-20,North America,United States,Furniture,Executive Desk,2266.41,813.19,98.5,714.69
2025-03-24,Europe,France,Technology,Smartphone X,639.89,245.46,32.64,212.81
2025-05-25,Asia Pacific,Singapore,Furniture,Executive Desk,3637.36,1833.64,282.19,1551.45
2024-02-27,Asia Pacific,Singapore,Technology,Cloud Server,2225.24,1061.13,94.58,966.54
2025-01-25,Europe,Germany,Furniture,Conference Table,4155.58,2030.43,176.02,1854.41
2024-02-04,North America,Canada,Furniture,Executive Desk,5450.82,2730.64,292.39,2438.25
2025-11-28,Asia Pacific,Australia,Technology,Laptop Pro,7574.88,3170.42,273.51,2896.91
2025-05-07,Asia Pacific,Japan,Office Supplies,Premium Paper,8704.75,3206.09,310.29,2895.79
2025-10-10,South America,Argentina,Technology,Smartphone X,8046.71,3520.39,400.65,3119.75
2024-09-05,Europe,Germany,Furniture,Storage Cabinet,7039.86,2758.14,482.51,2275.63
2024-09-11,North America,Canada,Technology,Business Tablet,9343.06,4772.46,572.32,4200.13
2024-03-02,Asia Pacific,Japan,Furniture,Executive Desk,1695.36,701.85,134.08,567.78
2025-10-22,Asia Pacific,Singapore,Furniture,Conference Table,702.85,297.22,46.54,250.68
2024-09-13,Europe,Italy,Furniture,Storage Cabinet,5810.74,2532.99,316.71,2216.27
2025-08-03,North America,Mexico,Office Supplies,Printer,7457.82,3079.08,533.74,2545.34
2025-07-21,North America,United States,Furniture,Conference Table,4769.15,2289.16,272.22,2016.93
2025-04-09,Europe,Spain,Office Supplies,Office Chair,8887.86,3921.0,428.43,3492.58
2025-09-27,North America,Canada,Furniture,Executive Desk,6753.75,2905.58,333.46,2572.12
2025-06-20,South America,Chile,Technology,Business Tablet,3564.7,1538.73,126.63,1412.1
2025-06-19,Europe,Germany,Technology,Smartphone X,8798.18,3383.61,477.46,2906.14
2024-04-11,Europe,Spain,Furniture,Storage Cabinet,6750.25,2996.7,439.21,2557.49
2024-09-19,Europe,United Kingdom,Technology,Laptop Pro,624.32,312.75,39.2,273.55
2024-03-22,South America,Chile,Technology,Business Tablet,5801.19,2851.48,294.69,2556.8
2025-01-12,Europe,Spain,Office Supplies,Premium Paper,7475.85,3431.9,253.41,3178.5
2024-08-09,Europe,Germany,Furniture,Conference Table,5550.78,2135.54,312.56,1822.98
2024-09-11,North America,Mexico,Furniture,Storage Cabinet,7588.03,3594.99,446.39,3148.6
2025-11-21,South America,Chile,Furniture,Storage Cabinet,8886.83,3235.17,346.76,2888.41
2025-02-15,Asia Pacific,Japan,Furniture,Storage Cabinet,9368.44,4617.49,538.72,4078.76
2024-11-28,Asia Pacific,Singapore,Furniture,Storage Cabinet,8348.47,3260.53,350.94,2909.59
2025-07-12,North America,Canada,Furniture,Ergonomic Chair,3920.08,1747.77,305.73,1442.04
2024-01-01,Europe,United Kingdom,Furniture,Executive Desk,5417.29,2676.7,244.28,2432.43
2024-11-03,North America,United States,Office Supplies,Premium Paper,7829.47,4013.54,556.81,3456.73
2025-07-20,North America,United States,Technology,Cloud Server,3878.73,1431.7,187.55,1244.15
2025-08-19,North America,United States,Office Supplies,Printer,1373.1,598.48,104.21,494.27
2024-03-20,Asia Pacific,Singapore,Technology,Cloud Server,8344.2,3857.11,490.74,3366.38
2024-04-07,Asia Pacific,India,Furniture,Storage Cabinet,1245.54,469.49,85.38,384.11
2024-12-22,South America,Argentina,Technology,Smartphone X,7602.95,3830.78,581.11,3249.67
2025-10-11,South America,Brazil,Office Supplies,Premium Paper,3533.51,1523.22,163.75,1359.47
2025-12-15,North America,United States,Technology,Cloud Server,9724.88,4587.12,571.46,4015.66
2024-04-02,North America,Canada,Office Supplies,Desk Organizer,1906.12,770.49,102.54,667.95
2024-02-20,South America,Argentina,Technology,Cloud Server,5267.32,2383.95,192.36,2191.59
2024-05-18,South America,Chile,Technology,Cloud Server,4255.53,1888.43,247.07,1641.36
2025-06-20,North America,United States,Technology,Business Tablet,7879.33,3346.5,600.46,2746.04
2024-04-01,Europe,Italy,Office Supplies,Printer,3808.92,1553.3,227.37,1325.93
2024-01-25,Asia Pacific,Japan,Office Supplies,Desk Organizer,6420.23,2839.54,489.29,2350.25
2024-08-27,North America,Mexico,Office Supplies,Office Chair,7698.47,3568.5,274.21,3294.29
2024-02-25,North America,Mexico,Technology,Business Tablet,630.47,277.18,22.42,254.75
2025-04-05,South America,Brazil,Office Supplies,Office Chair,7530.12,2929.99,431.64,2498.35
2024-09-21,South America,Chile,Furniture,Conference Table,7103.18,3189.82,346.85,2842.97
2025-11-10,Europe,United Kingdom,Technology,Laptop Pro,3198.13,1997.53,445.45,1552.08
2024-01-09,Europe,Italy,Furniture,Ergonomic Chair,6798.33,3296.79,326.39,2970.4
2024-04-20,Europe,United Kingdom,Furniture,Storage Cabinet,2696.1,1175.33,212.54,962.79
2024-04-11,Asia Pacific,Singapore,Furniture,Executive Desk,2270.97,971.97,120.13,851.84
2025-12-30,Europe,Germany,Technology,Business Tablet,3668.91,2332.67,444.36,1888.31
2025-10-02,Asia Pacific,Japan,Furniture,Ergonomic Chair,8212.98,3842.05,607.22,3234.84
2024-01-31,Asia Pacific,Japan,Technology,Business Tablet,9023.17,3906.4,310.3,3596.09
2025-01-26,North America,Canada,Technology,Smartphone X,4551.42,1853.0,274.31,1578.69
2025-04-04,North America,United States,Furniture,Conference Table,6019.79,2665.1,241.49,2423.61
2024-05-21,Asia Pacific,Japan,Office Supplies,Office Chair,6734.2,2846.07,255.24,2590.83
2024-03-10,Europe,France,Office Supplies,Office Chair,7407.26,3620.83,548.19,3072.64
2025-02-27,South America,Argentina,Office Supplies,Printer,1943.59,708.96,71.09,637.87
2024-01-27,Asia Pacific,Japan,Furniture,Conference Table,2693.67,910.15,91.51,818.64
2025-05-03,North America,Mexico,Furniture,Storage Cabinet,7264.18,3114.16,527.43,2586.73
2025-05-18,South America,Brazil,Technology,Smartphone X,2649.59,1165.1,207.84,957.27
2024-10-03,South America,Brazil,Furniture,Conference Table,7698.88,2973.89,587.85,2386.04
2025-03-25,South America,Chile,Office Supplies,Desk Organizer,8932.08,3867.09,614.62,3252.47
2025-09-14,South America,Chile,Office Supplies,Desk Organizer,6309.3,2972.06,376.6,2595.46
2025-06-21,Europe,Spain,Technology,Cloud Server,4840.55,2447.16,357.66,2089.5
2024-09-08,South America,Chile,Technology,Cloud Server,5403.2,2307.5,175.41,2132.09
2024-10-25,South America,Argentina,Office Supplies,Printer,4882.8,2070.43,296.17,1774.26
2024-02-25,North America,Canada,Furniture,Storage Cabinet,1359.19,562.82,52.99,509.83
2025-08-22,North America,Canada,Office Supplies,Printer,4783.42,1848.06,284.69,1563.37
2025-12-30,North America,Canada,Technology,Business Tablet,3578.71,1656.44,234.67,1421.77
2024-06-16,Europe,Germany,Technology,Cloud Server,6523.69,2467.0,426.41,2040.58
2025-06-07,North America,Canada,Furniture,Storage Cabinet,917.11,341.52,42.88,298.64
2025-11-06,North America,United States,Technology,Smartphone X,7806.99,2756.65,354.46,2402.18
2025-04-01,Asia Pacific,Japan,Technology,Smartphone X,9624.12,3549.37,657.04,2892.34
2024-01-13,South America,Argentina,Office Supplies,Premium Paper,6275.85,2603.62,256.33,2347.29
2025-11-06,South America,Argentina,Office Supplies,Desk Organizer,1254.35,542.19,52.98,489.22
2025-07-14,Asia Pacific,Japan,Technology,Smartphone X,1908.43,820.3,60.76,759.54
2024-02-03,Asia Pacific,Australia,Technology,Laptop Pro,1534.43,747.46,58.41,689.05
2024-10-18,North America,Canada,Furniture,Ergonomic Chair,9349.06,3355.69,420.38,2935.31
2025-01-12,South America,Brazil,Office Supplies,Premium Paper,3281.91,1263.25,212.44,1050.81
2024-10-08,Asia Pacific,Singapore,Furniture,Conference Table,7110.38,3038.07,252.17,2785.9
2025-10-06,Europe,Italy,Furniture,Ergonomic Chair,4557.01,3075.57,626.11,2449.46
2024-05-12,South America,Chile,Furniture,Storage Cabinet,5178.79,2006.56,313.16,1693.39
2025-12-26,Asia Pacific,Japan,Technology,Laptop Pro,727.87,312.78,26.13,286.65
2024-07-31,South America,Argentina,Technology,Business Tablet,3821.68,1763.79,155.22,1608.57
2025-10-17,North America,Mexico,Office Supplies,Printer,8006.86,3214.76,443.06,2771.7
2024-11-27,Europe,Germany,Furniture,Ergonomic Chair,3742.94,1757.16,227.57,1529.59
2024-01-30,North America,United States,Office Supplies,Printer,9261.66,3941.68,497.58,3444.1
2024-02-06,North America,Canada,Technology,Cloud Server,8974.55,3834.83,419.61,3415.22
2025-02-27,Europe,Spain,Office Supplies,Printer,5774.18,2088.39,339.93,1748.47
2024-12-05,Asia Pacific,India,Technology,Business Tablet,8487.02,3391.71,413.84,2977.87
2025-07-01,North America,Mexico,Furniture,Storage Cabinet,2280.1,881.59,157.59,723.99
2024-11-11,Asia Pacific,India,Office Supplies,Desk Organizer,1324.58,635.98,64.35,571.63
2024-11-05,North America,Mexico,Office Supplies,Office Chair,1566.2,762.16,107.89,654.27
2024-04-04,South America,Chile,Technology,Cloud Server,9097.08,3366.99,427.62,2939.37
2025-05-10,Asia Pacific,Australia,Technology,Laptop Pro,8310.32,4192.88,530.5,3662.39
2024-05-15,North America,Mexico,Technology,Cloud Server,4182.09,1946.82,149.68,1797.13
2024-11-14,Europe,Spain,Technology,Business Tablet,4935.32,1791.27,276.52,1514.75
2025-11-05,Asia Pacific,India,Furniture,Ergonomic Chair,6569.08,2440.44,262.95,2177.5
2024-10-20,Asia Pacific,Australia,Office Supplies,Premium Paper,3090.21,1110.46,110.39,1000.07
2025-09-29,Europe,France,Furniture,Ergonomic Chair,5718.97,2389.51,441.3,1948.21
2024-10-17,North America,United States,Technology,Business Tablet,6326.0,2549.34,330.11,2219.23
2024-05-13,Europe,Italy,Furniture,Executive Desk,1506.31,541.36,77.31,464.05
2024-07-02,South America,Chile,Office Supplies,Printer,3657.15,1454.24,248.39,1205.84
2025-06-30,Europe,Italy,Furniture,Conference Table,1382.7,671.0,89.78,581.22
2024-04-09,South America,Argentina,Furniture,Storage Cabinet,4970.19,2382.23,184.82,2197.41
2025-09-23,Asia Pacific,Australia,Office Supplies,Office Chair,7146.34,3353.18,496.23,2856.94
2024-11-28,South America,Argentina,Technology,Laptop Pro,5015.68,2035.25,266.14,1769.11
2024-06-23,Asia Pacific,Australia,Furniture,Conference Table,5325.52,2271.69,349.96,1921.73
2024-04-19,Asia Pacific,India,Office Supplies,Desk Organizer,4307.76,1822.44,262.96,1559.48
2025-07-15,North America,Canada,Office Supplies,Premium Paper,3736.78,1799.77,222.52,1577.25
2025-03-21,Asia Pacific,Japan,Technology,Laptop Pro,7523.99,3601.16,540.5,3060.66
2024-04-27,South America,Argentina,Furniture,Executive Desk,8309.22,3358.76,646.41,2712.35
2024-03-12,Europe,Spain,Office Supplies,Printer,5195.8,2252.65,179.39,2073.25
2024-05-22,Europe,France,Furniture,Conference Table,4803.26,1942.94,291.94,1651.0
2025-04-02,North America,United States,Furniture,Ergonomic Chair,3347.49,1617.27,214.17,1403.11
2025-03-21,Asia Pacific,India,Furniture,Executive Desk,6309.16,2832.47,456.67,2375.8
2024-10-28,Europe,United Kingdom,Furniture,Executive Desk,508.01,235.18,40.1,195.08
2024-04-22,Asia Pacific,India,Technology,Cloud Server,7171.11,2904.63,329.2,2575.43
2025-01-26,South America,Argentina,Office Supplies,Office Chair,6793.63,2789.75,267.75,2522.0
2025-01-28,Asia Pacific,Singapore,Technology,Business Tablet,9975.83,4361.67,366.25,3995.42
2024-03-14,Europe,France,Furniture,Storage Cabinet,6750.3,3260.63,248.34,3012.3
2024-05-20,South America,Argentina,Furniture,Storage Cabinet,6420.86,2692.69,328.79,2363.9
2025-04-05,South America,Argentina,Technology,Smartphone X,4535.33,1614.68,249.03,1365.65
2024-08-30,Asia Pacific,Singapore,Furniture,Ergonomic Chair,817.89,294.31,44.3,250.01
2025-01-12,Europe,Spain,Office Supplies,Premium Paper,1849.83,904.33,146.47,757.86
2024-10-13,South America,Chile,Technology,Laptop Pro,2829.7,1295.4,178.8,1116.6
2025-11-15,Europe,Spain,Furniture,Ergonomic Chair,6323.87,3846.94,804.66,3042.28
2025-04-25,Asia Pacific,Singapore,Office Supplies,Printer,3247.48,1238.73,247.27,991.45
2024-11-07,Asia Pacific,India,Furniture,Storage Cabinet,5992.34,2689.03,376.41,2312.62
2024-10-25,Europe,United Kingdom,Office Supplies,Premium Paper,1704.8,649.05,117.95,531.1
2024-09-15,North America,Mexico,Office Supplies,Printer,8649.65,2921.06,307.73,2613.32
2024-06-27,North America,Mexico,Office Supplies,Printer,8174.49,3304.35,531.66,2772.69
2025-05-11,North America,Mexico,Technology,Business Tablet,9848.68,4972.39,588.73,4383.67
2024-06-06,South America,Argentina,Office Supplies,Office Chair,6776.34,3030.81,259.97,2770.84
2025-08-14,Asia Pacific,India,Furniture,Ergonomic Chair,7677.1,2731.35,294.65,2436.71
2025-02-12,South America,Argentina,Office Supplies,Office Chair,4108.11,1887.97,220.73,1667.24
2024-05-28,South America,Brazil,Office Supplies,Desk Organizer,4129.04,1667.58,233.34,1434.24
2024-02-12,Europe,Spain,Furniture,Ergonomic Chair,9583.74,4223.27,727.43,3495.84
2024-10-06,Asia Pacific,Australia,Office Supplies,Premium Paper,2925.77,1289.33,155.23,1134.11
2025-11-22,North America,Mexico,Furniture,Conference Table,5439.55,2618.16,433.32,2184.84
2024-11-16,Europe,Germany,Technology,Laptop Pro,4406.86,1952.52,283.25,1669.27
2024-12-25,North America,Mexico,Office Supplies,Printer,2334.26,789.34,80.76,708.58
2025-08-31,North America,Mexico,Furniture,Executive Desk,7226.71,2824.33,526.26,2298.07
2024-05-13,South America,Chile,Furniture,Conference Table,9012.02,4028.51,384.51,3643.99
2025-04-23,Europe,Italy,Office Supplies,Desk Organizer,7076.1,3316.16,484.76,2831.41
2024-09-20,North America,United States,Office Supplies,Premium Paper,4136.59,1583.91,136.52,1447.39
2024-09-28,North America,Canada,Technology,Cloud Server,9804.51,3723.09,486.61,3236.47
2025-10-22,South America,Brazil,Technology,Cloud Server,2574.67,1215.58,194.72,1020.86
2024-09-22,Europe,Germany,Technology,Laptop Pro,5927.77,2311.14,309.99,2001.15
2025-05-24,North America,Mexico,Furniture,Executive Desk,9362.49,4147.7,405.6,3742.1
2025-12-17,Asia Pacific,Singapore,Furniture,Executive Desk,5396.14,2673.9,294.27,2379.63
2025-03-22,South America,Chile,Technology,Smartphone X,531.42,273.16,37.68,235.48
2025-05-08,Europe,Spain,Furniture,Ergonomic Chair,3667.68,1387.06,120.15,1266.91
2025-10-24,Europe,United Kingdom,Furniture,Ergonomic Chair,1264.34,828.62,139.83,688.79
2024-02-10,South America,Chile,Technology,Business Tablet,7110.88,3527.0,437.54,3089.46
2025-01-02,South America,Brazil,Furniture,Storage Cabinet,7485.58,2699.65,296.84,2402.81
2025-08-30,North America,Canada,Office Supplies,Premium Paper,8031.02,3625.97,441.58,3184.39
2025-04-05,Europe,Germany,Office Supplies,Premium Paper,3708.33,1700.0,186.44,1513.56
2024-08-04,South America,Chile,Furniture,Conference Table,7539.99,2778.86,253.36,2525.5
2024-05-24,South America,Chile,Technology,Cloud Server,9118.2,3965.41,384.19,3581.23
2025-10-26,North America,United States,Technology,Laptop Pro,9094.29,4164.96,317.07,3847.89
2025-09-17,North America,Mexico,Technology,Laptop Pro,1584.71,713.16,96.32,616.84
2024-03-05,North America,Canada,Office Supplies,Desk Organizer,3580.23,1808.65,210.51,1598.14
2024-05-20,Asia Pacific,Japan,Technology,Smartphone X,3687.29,1309.63,136.66,1172.97
2025-03-01,North America,Mexico,Office Supplies,Office Chair,4667.28,2197.76,149.52,2048.24
2024-04-12,South America,Brazil,Technology,Cloud Server,1266.86,478.1,96.67,381.43
2025-12-24,Asia Pacific,Singapore,Furniture,Storage Cabinet,7077.4,2780.82,438.74,2342.08
2025-06-19,South America,Argentina,Technology,Smartphone X,6300.11,2171.29,245.7,1925.59
2025-05-26,Europe,United Kingdom,Office Supplies,Desk Organizer,543.42,201.73,19.5,182.23
2025-06-26,Europe,Spain,Office Supplies,Office Chair,4910.05,2132.8,198.39,1934.41
2024-02-24,North America,United States,Technology,Cloud Server,5226.39,2091.07,397.9,1693.16
2024-02-25,Asia Pacific,Australia,Technology,Cloud Server,2888.13,1348.83,215.18,1133.66
2025-04-09,Europe,Germany,Furniture,Executive Desk,9286.18,3674.15,643.3,3030.85
2025-05-11,Europe,Germany,Technology,Cloud Server,6130.71,2383.82,244.85,2138.98
2025-11-24,Asia Pacific,Japan,Technology,Business Tablet,2663.93,1028.8,134.87,893.93
2024-07-23,South America,Brazil,Technology,Cloud Server,6058.38,2180.68,313.78,1866.9
2024-08-09,South America,Brazil,Office Supplies,Printer,1795.84,843.28,110.63,732.65
2024-10-03,North America,Canada,Technology,Laptop Pro,7076.0,2446.69,260.57,2186.11
2025-04-21,South America,Argentina,Technology,Business Tablet,2588.61,989.14,97.95,891.19
2025-10-15,North America,Mexico,Furniture,Conference Table,1321.51,638.3,71.97,566.33
2024-08-09,South America,Argentina,Office Supplies,Premium Paper,7435.17,3366.34,314.75,3051.59
2024-12-01,South America,Chile,Technology,Smartphone X,9180.67,4458.38,467.19,3991.18
2024-02-15,Europe,Italy,Furniture,Executive Desk,4544.13,1952.31,320.3,1632.02
2025-12-14,Europe,Italy,Office Supplies,Office Chair,1289.37,817.13,145.8,671.33
2025-01-02,Asia Pacific,Japan,Furniture,Executive Desk,651.34,285.58,24.81,260.77
2025-04-15,Europe,Italy,Office Supplies,Office Chair,8804.89,3788.72,611.88,3176.84
2025-01-14,South America,Chile,Furniture,Executive Desk,8673.64,3341.75,647.68,2694.07
2024-12-06,Europe,United Kingdom,Office Supplies,Printer,7131.52,3213.72,419.06,2794.67
2024-07-31,Europe,Spain,Office Supplies,Premium Paper,5390.0,2612.53,259.8,2352.74
2024-02-22,Europe,Italy,Office Supplies,Desk Organizer,6381.77,2511.86,247.38,2264.48
2025-07-26,Europe,Spain,Furniture,Conference Table,1814.86,739.05,103.41,635.64
2025-10-26,South America,Chile,Furniture,Conference Table,7655.15,3522.56,352.31,3170.25
2024-09-30,South America,Argentina,Technology,Laptop Pro,4041.73,1709.39,222.59,1486.8
2024-05-05,South America,Chile,Furniture,Ergonomic Chair,4793.79,2008.06,305.2,1702.86
2025-12-10,Europe,France,Office Supplies,Premium Paper,1261.62,860.71,134.44,726.27
2024-10-09,Europe,France,Office Supplies,Office Chair,8812.43,3872.77,540.76,3332.01
2024-10-27,South America,Chile,Furniture,Conference Table,5002.1,2150.43,334.57,1815.86
2024-01-22,Asia Pacific,Japan,Technology,Laptop Pro,8782.04,3620.15,679.49,2940.66
2025-10-22,Asia Pacific,Singapore,Furniture,Ergonomic Chair,6729.72,3178.66,365.47,2813.18
2025-11-12,South America,Argentina,Office Supplies,Office Chair,9033.68,3752.93,627.51,3125.42
2024-08-20,South America,Argentina,Office Supplies,Premium Paper,1909.21,802.76,148.56,654.2
2025-09-25,North America,Mexico,Furniture,Ergonomic Chair,2231.66,874.16,145.96,728.2
2025-11-13,North America,United States,Technology,Laptop Pro,890.94,341.96,32.36,309.6
2024-09-23,Asia Pacific,Japan,Technology,Laptop Pro,6822.76,3302.9,255.15,3047.75
2025-04-04,North America,Mexico,Office Supplies,Premium Paper,9244.12,3842.37,508.16,3334.21
2024-05-28,South America,Argentina,Technology,Laptop Pro,9716.43,4248.92,538.0,3710.92
2025-10-24,Asia Pacific,Singapore,Office Supplies,Office Chair,8095.97,3929.75,616.22,3313.53
2024-12-12,Europe,Italy,Technology,Smartphone X,6941.08,2420.85,216.84,2204.01
2025-09-24,North America,Canada,Office Supplies,Premium Paper,3600.48,1551.74,143.15,1408.59
2025-06-23,North America,Canada,Technology,Laptop Pro,1294.1,635.75,82.63,553.12
2024-03-30,South America,Brazil,Office Supplies,Printer,6230.13,2551.46,204.36,2347.1
2025-11-13,Asia Pacific,Singapore,Technology,Cloud Server,4011.48,1605.22,177.44,1427.78
2024-12-25,Asia Pacific,Singapore,Furniture,Executive Desk,2549.1,1275.18,170.98,1104.2
2025-03-01,South America,Argentina,Technology,Cloud Server,7421.75,3220.33,532.7,2687.63
2025-09-04,Europe,France,Technology,Business Tablet,5008.82,2551.8,397.36,2154.44
2024-03-08,South America,Brazil,Technology,Cloud Server,6568.66,2494.41,254.5,2239.91
2025-04-18,North America,United States,Technology,Cloud Server,3249.9,1445.32,231.2,1214.12
2024-11-05,Asia Pacific,Singapore,Furniture,Storage Cabinet,2632.94,1201.63,99.26,1102.37
2024-11-03,South America,Brazil,Furniture,Ergonomic Chair,4462.99,1955.57,287.38,1668.19
2024-09-07,Europe,Germany,Office Supplies,Desk Organizer,9946.16,3752.56,669.16,3083.4
2025-08-18,South America,Chile,Office Supplies,Printer,6465.96,2819.92,418.43,2401.5
2024-05-02,Asia Pacific,India,Office Supplies,Office Chair,6025.72,2259.48,319.68,1939.8
2025-12-10,North America,Canada,Technology,Laptop Pro,3090.37,1355.23,233.65,1121.58
2024-12-30,Europe,United Kingdom,Office Supplies,Premium Paper,5381.73,2444.0,210.76,2233.24
2024-04-06,North America,Mexico,Office Supplies,Printer,8354.81,3741.27,376.41,3364.86
2025-12-02,Asia Pacific,India,Furniture,Ergonomic Chair,8321.49,2977.79,465.24,2512.55
2025-01-16,South America,Argentina,Office Supplies,Office Chair,1472.97,536.51,60.47,476.04
2024-07-11,Europe,Italy,Office Supplies,Premium Paper,1607.37,563.47,49.62,513.85
2024-12-22,Asia Pacific,Australia,Technology,Cloud Server,8952.4,4098.65,610.37,3488.28
2024-12-16,North America,Mexico,Office Supplies,Premium Paper,7572.37,2682.32,275.9,2406.42
2025-12-11,North America,Mexico,Technology,Business Tablet,1690.77,597.62,57.37,540.26
2025-12-08,Europe,Germany,Technology,Cloud Server,7694.67,5310.2,1006.53,4303.67
2024-03-01,South America,Brazil,Office Supplies,Premium Paper,1129.35,528.38,76.49,451.9
2024-05-06,North America,Mexico,Technology,Smartphone X,6870.71,2347.49,256.13,2091.37
2024-10-11,Asia Pacific,Australia,Technology,Smartphone X,5296.64,2019.24,375.95,1643.29
2024-01-15,North America,Mexico,Technology,Business Tablet,2131.85,945.09,64.42,880.67
2024-04-11,North America,Mexico,Furniture,Storage Cabinet,3981.4,1753.37,206.97,1546.4
2024-04-19,North America,Canada,Office Supplies,Desk Organizer,2535.6,937.6,90.37,847.23
2024-11-17,Europe,Italy,Technology,Smartphone X,5210.25,2076.81,231.41,1845.41
2024-02-11,Europe,United Kingdom,Office Supplies,Premium Paper,4155.42,1809.06,277.62,1531.45
2025-12-04,South America,Brazil,Furniture,Storage Cabinet,3260.6,1525.13,128.6,1396.53
2024-03-12,South America,Chile,Office Supplies,Office Chair,621.47,288.81,39.53,249.29
2025-02-09,South America,Chile,Furniture,Executive Desk,1632.57,692.17,105.71,586.45
2024-04-14,North America,United States,Office Supplies,Office Chair,3717.0,1742.44,295.62,1446.82
2024-05-05,North America,Canada,Furniture,Storage Cabinet,3145.92,1466.38,185.91,1280.47
2024-10-06,South America,Argentina,Office Supplies,Desk Organizer,9881.47,4091.73,369.26,3722.47
2025-04-10,Europe,Germany,Office Supplies,Desk Organizer,5224.1,2251.51,191.88,2059.63
2024-04-11,Europe,Germany,Office Supplies,Premium Paper,9734.69,4101.76,622.63,3479.13
2024-06-05,Asia Pacific,India,Technology,Cloud Server,8030.95,3159.33,506.79,2652.54
2025-05-17,Asia Pacific,Australia,Furniture,Executive Desk,9549.51,3402.11,491.99,2910.12
2024-05-01,South America,Argentina,Office Supplies,Desk Organizer,4704.28,1619.4,182.73,1436.67
2025-11-06,Asia Pacific,Japan,Office Supplies,Desk Organizer,1777.64,820.79,96.66,724.14
2024-04-22,South America,Chile,Furniture,Storage Cabinet,5021.16,2427.67,277.84,2149.82
2025-02-04,Asia Pacific,Singapore,Furniture,Storage Cabinet,6360.93,2746.67,501.81,2244.86
2024-11-24,Europe,Germany,Furniture,Executive Desk,1717.88,730.85,121.07,609.78
2025-08-20,Europe,United Kingdom,Office Supplies,Premium Paper,4567.41,2280.91,231.09,2049.82
2024-02-27,North America,United States,Technology,Business Tablet,6129.05,2879.63,203.94,2675.69
2024-11-08,Europe,United Kingdom,Technology,Laptop Pro,5614.96,2069.08,353.12,1715.97
2025-03-08,South America,Argentina,Technology,Cloud Server,6085.9,3023.18,297.52,2725.66
2025-02-03,Asia Pacific,India,Office Supplies,Premium Paper,7063.21,2724.44,387.32,2337.12
2025-11-14,Asia Pacific,Japan,Furniture,Ergonomic Chair,3951.68,1660.68,216.74,1443.94
2024-03-18,North America,Canada,Office Supplies,Premium Paper,3324.54,1516.85,233.48,1283.37
2025-10-01,Europe,Spain,Technology,Business Tablet,3096.97,1993.05,374.23,1618.82
2024-03-19,Asia Pacific,Australia,Office Supplies,Printer,2400.73,1012.13,147.04,865.09
2025-04-09,North America,United States,Furniture,Conference Table,5980.01,2452.1,467.07,1985.02
2025-04-23,Asia Pacific,Singapore,Furniture,Executive Desk,5461.56,2141.09,204.19,1936.89
2024-06-03,Asia Pacific,Singapore,Office Supplies,Printer,8671.77,4321.72,535.02,3786.71
2025-02-26,Asia Pacific,Australia,Furniture,Conference Table,2936.24,1293.35,147.67,1145.68
2024-04-26,North America,United States,Technology,Smartphone X,8071.93,3235.63,438.06,2797.58
2025-03-22,South America,Chile,Technology,Smartphone X,2013.91,731.82,86.44,645.39
2024-10-11,North America,Mexico,Technology,Cloud Server,7931.22,3038.64,593.46,2445.19
2024-11-17,Asia Pacific,India,Office Supplies,Printer,6880.88,3321.42,342.98,2978.44
2024-05-23,North America,United States,Furniture,Executive Desk,5458.6,2739.29,422.95,2316.34
2025-06-21,Asia Pacific,Singapore,Technology,Smartphone X,6198.3,2861.44,283.08,2578.36
2025-08-21,South America,Chile,Furniture,Conference Table,9387.25,3454.9,331.75,3123.15
2024-08-07,Asia Pacific,Singapore,Office Supplies,Printer,8697.55,3175.15,492.92,2682.23
2025-12-17,Europe,United Kingdom,Furniture,Storage Cabinet,5011.11,3343.02,544.68,2798.34
2025-05-01,Asia Pacific,Australia,Technology,Laptop Pro,8493.99,4046.33,654.4,3391.93
2025-12-08,North America,Canada,Furniture,Storage Cabinet,3438.05,1691.23,165.52,1525.71
2025-12-02,Europe,Spain,Technology,Cloud Server,4190.47,2904.55,483.3,2421.25
2024-04-02,North America,Canada,Technology,Smartphone X,9200.96,4312.27,680.63,3631.65
2025-10-21,South America,Brazil,Office Supplies,Premium Paper,8320.38,4115.5,445.59,3669.91
2025-02-26,Asia Pacific,Singapore,Technology,Smartphone X,7135.58,3022.22,339.6,2682.62
2025-09-08,Asia Pacific,Singapore,Furniture,Executive Desk,7738.77,3369.41,303.26,3066.15
2025-03-30,North America,United States,Office Supplies,Office Chair,6468.81,2465.72,220.66,2245.05
2024-06-10,North America,Mexico,Furniture,Conference Table,8546.12,4038.0,595.08,3442.92
2024-11-23,South America,Argentina,Furniture,Conference Table,2976.46,1412.21,212.34,1199.87
2024-10-15,North America,United States,Office Supplies,Printer,2227.95,1133.35,172.08,961.27
2025-08-07,North America,United States,Technology,Smartphone X,9115.03,4430.2,363.81,4066.39
2025-12-19,North America,United States,Office Supplies,Desk Organizer,6203.73,2483.29,483.28,2000.01
2024-06-23,Europe,Germany,Furniture,Storage Cabinet,7846.91,4006.68,559.98,3446.7
2025-05-21,Europe,France,Furniture,Conference Table,2310.17,1151.38,159.65,991.73
2024-10-21,South America,Argentina,Technology,Cloud Server,8635.21,4056.59,688.75,3367.84
2024-10-16,North America,Canada,Technology,Cloud Server,8028.4,3075.86,632.69,2443.17
2024-08-29,South America,Brazil,Office Supplies,Desk Organizer,1314.52,583.52,96.71,486.81
2025-12-10,South America,Chile,Technology,Cloud Server,7230.31,3276.97,309.54,2967.43
2024-04-07,Europe,Germany,Office Supplies,Office Chair,4973.86,2056.51,300.02,1756.5
2025-11-17,Europe,Germany,Office Supplies,Desk Organizer,3373.82,2396.69,450.65,1946.04
2025-08-17,North America,Canada,Technology,Cloud Server,9338.11,4372.85,341.74,4031.12
2024-11-20,South America,Brazil,Office Supplies,Premium Paper,3476.06,1744.07,191.05,1553.03
2024-10-14,Asia Pacific,Singapore,Office Supplies,Printer,6322.85,2892.21,273.07,2619.14
2024-11-16,South America,Brazil,Office Supplies,Desk Organizer,7754.92,3065.84,563.41,2502.43
2025-11-04,South America,Brazil,Technology,Smartphone X,1018.39,387.99,54.5,333.49
2024-06-16,South America,Argentina,Technology,Cloud Server,887.52,371.81,58.09,313.72
2025-05-11,South America,Argentina,Technology,Smartphone X,1674.72,648.86,122.94,525.92
2024-07-03,North America,Mexico,Furniture,Ergonomic Chair,5850.85,2574.9,237.66,2337.24
2024-01-05,North America,Canada,Technology,Smartphone X,7798.41,3711.3,579.96,3131.34
2024-01-27,Asia Pacific,India,Office Supplies,Printer,6108.22,3142.87,438.87,2704.01
2024-06-06,Europe,Germany,Office Supplies,Desk Organizer,4813.53,2421.16,287.42,2133.74
2024-01-06,Asia Pacific,India,Furniture,Storage Cabinet,3586.7,1708.88,239.29,1469.58
2025-08-05,North America,United States,Technology,Business Tablet,3570.12,1220.5,119.73,1100.78
2025-09-08,South America,Brazil,Office Supplies,Printer,2191.1,1135.06,160.55,974.51
2024-04-01,Europe,France,Technology,Cloud Server,7905.18,3244.04,534.61,2709.42
2025-10-31,North America,United States,Office Supplies,Desk Organizer,8110.45,3945.48,617.08,3328.39
2025-12-02,North America,Canada,Furniture,Executive Desk,8404.5,3625.53,457.89,3167.64
2025-02-01,South America,Argentina,Furniture,Storage Cabinet,1357.11,558.85,65.7,493.15
2024-07-09,South America,Chile,Office Supplies,Premium Paper,884.16,357.59,47.02,310.57
2024-08-17,North America,Canada,Furniture,Executive Desk,3261.68,1438.28,245.8,1192.48
2025-05-04,Asia Pacific,Japan,Technology,Business Tablet,8494.61,3595.24,380.34,3214.9
2024-02-18,Europe,Germany,Furniture,Executive Desk,5351.19,2221.74,284.86,1936.88
2025-08-05,Asia Pacific,Australia,Office Supplies,Premium Paper,7802.14,2882.63,522.94,2359.68
2025-04-18,North America,United States,Office Supplies,Premium Paper,1291.26,615.15,57.95,557.2
2025-08-24,South America,Chile,Office Supplies,Printer,3742.68,1902.09,263.86,1638.23
2024-08-04,North America,United States,Furniture,Ergonomic Chair,8780.35,3272.16,498.01,2774.15
2024-01-06,South America,Brazil,Technology,Smartphone X,6730.11,2821.79,338.22,2483.58
2025-11-04,South America,Argentina,Furniture,Ergonomic Chair,7061.29,3588.73,450.19,3138.54
2024-11-05,Europe,France,Technology,Laptop Pro,2312.62,1126.7,149.86,976.84
2024-07-11,Europe,France,Office Supplies,Office Chair,6672.53,2846.98,409.05,2437.93
2025-07-05,North America,United States,Office Supplies,Desk Organizer,1907.57,761.32,68.33,692.99
2024-06-05,South America,Argentina,Office Supplies,Premium Paper,8668.07,3708.64,347.3,3361.34
2025-08-06,South America,Brazil,Office Supplies,Premium Paper,1475.3,706.28,76.11,630.17
2025-03-01,South America,Chile,Furniture,Ergonomic Chair,851.66,353.97,47.41,306.56
2025-09-18,South America,Brazil,Furniture,Executive Desk,5518.93,2257.76,252.73,2005.03
2024-03-06,Asia Pacific,Singapore,Office Supplies,Premium Paper,5200.49,2538.79,246.18,2292.61
2025-12-15,South America,Brazil,Technology,Business Tablet,7398.99,3124.53,384.05,2740.48
2025-06-03,North America,Mexico,Furniture,Ergonomic Chair,9256.49,4570.65,608.71,3961.94
2025-04-24,North America,Canada,Furniture,Storage Cabinet,9618.13,4699.59,612.25,4087.34
2025-01-03,South America,Brazil,Furniture,Conference Table,3183.34,1514.45,201.67,1312.77
2024-05-12,North America,United States,Technology,Cloud Server,1458.59,644.82,116.23,528.59
2024-11-06,North America,United States,Furniture,Executive Desk,9992.98,3965.8,430.1,3535.7
2025-11-24,North America,United States,Furniture,Executive Desk,8164.75,3154.52,291.47,2863.05
2024-08-20,Europe,Spain,Technology,Cloud Server,2949.31,1176.22,140.87,1035.35
2024-02-17,Asia Pacific,Japan,Furniture,Executive Desk,7210.85,3539.71,374.18,3165.53
2025-04-13,Europe,Germany,Furniture,Executive Desk,8324.3,2843.3,293.6,2549.69
2025-10-07,Europe,France,Office Supplies,Office Chair,7419.32,5060.49,1129.44,3931.05
2024-06-06,Asia Pacific,Australia,Technology,Laptop Pro,8561.65,3567.24,434.82,3132.42
2024-01-07,North America,Canada,Office Supplies,Printer,5297.72,1914.63,257.58,1657.05
2025-02-28,Asia Pacific,Japan,Technology,Cloud Server,7978.55,2969.14,410.43,2558.71
2025-02-23,South America,Chile,Furniture,Ergonomic Chair,9465.53,4116.51,648.46,3468.05
2025-06-13,Europe,Germany,Office Supplies,Printer,4315.68,2017.84,223.14,1794.7
2025-02-06,Europe,France,Furniture,Executive Desk,9788.46,5060.25,684.74,4375.51
2025-06-16,Asia Pacific,Singapore,Office Supplies,Printer,7354.73,2899.69,347.2,2552.49
2024-10-13,North America,Mexico,Office Supplies,Desk Organizer,6616.85,3271.07,405.07,2866.0
2025-09-25,South America,Chile,Office Supplies,Desk Organizer,7866.3,3668.53,269.14,3399.39
2025-07-04,Asia Pacific,Singapore,Furniture,Conference Table,5444.46,2296.5,221.52,2074.98
2025-06-07,Asia Pacific,Australia,Furniture,Conference Table,722.51,354.42,41.18,313.24
2024-09-21,North America,Canada,Furniture,Storage Cabinet,9876.07,3452.31,325.88,3126.43
2025-01-16,Asia Pacific,Australia,Technology,Laptop Pro,7687.32,3794.76,403.1,3391.66
2025-08-09,Europe,Italy,Office Supplies,Office Chair,8151.18,4129.63,475.05,3654.58
2025-10-04,North America,Canada,Office Supplies,Printer,6835.76,3287.32,400.84,2886.48
2024-05-23,South America,Chile,Furniture,Conference Table,1499.66,625.5,59.43,566.07
2025-01-04,South America,Brazil,Technology,Cloud Server,8370.16,2891.07,277.13,2613.93
2024-05-13,South America,Brazil,Office Supplies,Premium Paper,4008.3,1757.04,238.14,1518.9
2025-06-15,South America,Argentina,Furniture,Storage Cabinet,6546.38,3364.37,421.92,2942.45
2025-05-16,South America,Brazil,Technology,Smartphone X,5105.26,2282.35,400.26,1882.09
2025-06-09,Europe,France,Office Supplies,Desk Organizer,809.77,308.91,46.93,261.98
2024-05-01,South America,Brazil,Technology,Business Tablet,5931.77,2038.79,223.42,1815.37
2025-01-15,Asia Pacific,Australia,Office Supplies,Printer,5116.29,2331.94,189.85,2142.09
2025-08-26,South America,Brazil,Office Supplies,Printer,2548.02,1216.19,138.71,1077.48
2024-05-05,Asia Pacific,India,Technology,Cloud Server,5071.18,2023.78,266.84,1756.94
2024-12-11,South America,Argentina,Furniture,Conference Table,7738.54,3317.99,410.5,2907.48
2025-04-05,South America,Brazil,Furniture,Ergonomic Chair,1348.49,613.42,82.5,530.92
2025-01-31,North America,Canada,Office Supplies,Premium Paper,9601.76,4803.78,641.36,4162.43
2025-10-23,Europe,France,Furniture,Executive Desk,5933.95,3818.68,637.47,3181.22
2025-07-26,Europe,France,Furniture,Executive Desk,9594.28,4277.04,647.88,3629.16
2025-05-29,Europe,Germany,Furniture,Conference Table,9642.58,3678.98,388.5,3290.48
2025-12-23,South America,Brazil,Furniture,Ergonomic Chair,4317.08,1639.83,315.57,1324.25
2024-01-24,Asia Pacific,Singapore,Technology,Cloud Server,728.54,312.02,35.77,276.25
2024-04-03,Europe,Germany,Furniture,Conference Table,3210.84,1270.9,219.67,1051.23
2024-06-06,Asia Pacific,Singapore,Furniture,Conference Table,1059.68,512.08,41.4,470.68
2025-12-31,Europe,United Kingdom,Office Supplies,Premium Paper,3540.39,2362.2,529.87,1832.33
2024-05-03,Europe,France,Technology,Smartphone X,5183.3,2395.26,255.29,2139.97
2024-04-27,Asia Pacific,India,Office Supplies,Desk Organizer,5754.65,1963.86,180.96,1782.9
2025-10-10,North America,United States,Office Supplies,Premium Paper,2840.0,1285.01,196.7,1088.31
2024-11-07,South America,Argentina,Technology,Smartphone X,7937.38,3003.32,452.61,2550.72
2024-06-21,North America,Mexico,Office Supplies,Desk Organizer,897.02,448.47,70.02,378.45
2025-09-27,Asia Pacific,Japan,Technology,Laptop Pro,9368.31,4049.18,561.1,3488.08
2025-11-27,South America,Argentina,Furniture,Conference Table,6059.01,2477.07,195.55,2281.52
2025-06-30,Europe,United Kingdom,Technology,Cloud Server,7135.08,3502.1,472.73,3029.37
2024-10-13,South America,Brazil,Furniture,Ergonomic Chair,8897.35,4480.44,549.49,3930.95
2025-12-25,South America,Argentina,Technology,Business Tablet,3745.48,1606.61,224.64,1381.97
2024-01-17,North America,Mexico,Technology,Cloud Server,540.65,183.88,20.91,162.97
2025-07-23,South America,Argentina,Furniture,Executive Desk,7979.4,3441.04,270.31,3170.73
2024-02-01,South America,Chile,Technology,Business Tablet,9734.37,4054.58,584.7,3469.88
2025-01-31,North America,Mexico,Technology,Laptop Pro,4895.58,2411.89,255.69,2156.2
2024-08-14,Europe,United Kingdom,Furniture,Ergonomic Chair,2319.36,1121.88,142.09,979.8
2024-08-14,North America,Canada,Office Supplies,Premium Paper,3167.19,1586.84,206.97,1379.87
2024-08-02,Europe,France,Furniture,Storage Cabinet,1553.99,616.34,85.49,530.85
2024-06-23,North America,Mexico,Furniture,Conference Table,1120.93,395.12,37.27,357.84
2024-09-22,North America,Mexico,Furniture,Ergonomic Chair,2322.59,1117.85,184.87,932.98
2025-12-10,Asia Pacific,Singapore,Technology,Cloud Server,6589.18,3123.63,214.76,2908.87
2024-11-26,South America,Argentina,Office Supplies,Premium Paper,6961.65,2910.4,334.67,2575.73
2024-02-14,North America,United States,Office Supplies,Desk Organizer,5557.9,2206.65,275.63,1931.02
2024-12-08,Europe,Spain,Technology,Smartphone X,9791.91,3890.28,330.2,3560.07
2024-09-12,North America,United States,Office Supplies,Printer,1097.02,466.44,34.44,432.0
2025-03-18,Europe,Spain,Furniture,Ergonomic Chair,8484.82,3315.46,455.46,2860.0
2024-12-14,Europe,United Kingdom,Furniture,Conference Table,9463.7,4517.41,577.08,3940.33
2024-04-07,South America,Chile,Technology,Laptop Pro,9757.99,4746.06,476.87,4269.19
2025-12-11,Europe,France,Technology,Cloud Server,1020.49,605.69,105.46,500.23
2024-02-23,Asia Pacific,Singapore,Office Supplies,Premium Paper,6364.37,2767.83,466.06,2301.78
2025-11-06,Europe,Italy,Office Supplies,Desk Organizer,8054.06,5397.97,1258.49,4139.48
2024-01-27,South America,Chile,Office Supplies,Office Chair,1526.06,560.84,100.21,460.63
2025-08-30,North America,Mexico,Technology,Business Tablet,3876.22,1679.38,236.61,1442.77
2024-07-09,North America,United States,Technology,Laptop Pro,1712.97,759.42,95.34,664.08
2025-10-29,Asia Pacific,Australia,Furniture,Conference Table,1900.39,747.7,89.59,658.11
2025-01-12,Europe,Spain,Furniture,Conference Table,1044.52,467.76,74.95,392.81
2024-02-25,South America,Argentina,Technology,Smartphone X,6585.27,2394.47,220.08,2174.38
2024-07-12,South America,Chile,Furniture,Storage Cabinet,6197.74,2532.35,365.17,2167.17
2024-12-09,Asia Pacific,Singapore,Office Supplies,Office Chair,1496.06,758.42,112.99,645.42
2025-05-22,North America,United States,Furniture,Conference Table,7085.6,2909.61,288.08,2621.53
2025-05-07,Asia Pacific,Singapore,Technology,Cloud Server,2250.32,1117.56,108.33,1009.23
2024-03-16,Asia Pacific,India,Furniture,Executive Desk,1852.82,792.32,114.07,678.25
2025-01-03,Europe,Germany,Technology,Smartphone X,3198.96,1202.62,137.87,1064.75
2024-06-27,Asia Pacific,Japan,Technology,Smartphone X,704.17,353.47,53.19,300.28
2024-01-22,North America,Canada,Furniture,Executive Desk,3714.64,1427.71,196.17,1231.54
2025-01-13,Asia Pacific,Japan,Furniture,Storage Cabinet,8844.68,3069.35,329.21,2740.14
2024-05-13,North America,United States,Furniture,Storage Cabinet,7096.36,2832.65,365.3,2467.35
2025-10-13,North America,United States,Furniture,Conference Table,8617.14,3287.92,322.53,2965.39
2024-09-10,Europe,United Kingdom,Technology,Cloud Server,2487.76,909.88,133.18,776.71
2025-11-10,Europe,France,Furniture,Storage Cabinet,7637.43,5023.25,976.49,4046.76
2024-11-25,Asia Pacific,Singapore,Furniture,Storage Cabinet,5000.7,2245.73,309.57,1936.16
2025-08-20,Europe,France,Technology,Smartphone X,4794.76,1803.25,196.25,1607.0
2025-03-11,South America,Chile,Technology,Business Tablet,2918.03,1109.71,197.2,912.51
2024-10-29,South America,Chile,Office Supplies,Office Chair,6047.64,2605.59,369.25,2236.34
2025-03-12,South America,Argentina,Office Supplies,Desk Organizer,3991.36,1669.52,174.23,1495.29
2024-01-26,North America,Canada,Technology,Business Tablet,6630.87,2572.68,226.25,2346.43
2025-05-28,Europe,United Kingdom,Technology,Laptop Pro,1626.58,669.07,93.21,575.87
2024-12-07,North America,Mexico,Office Supplies,Printer,3375.8,1642.37,216.65,1425.72
2024-10-08,North America,Mexico,Furniture,Conference Table,9984.85,4791.22,668.9,4122.32
2024-09-24,Europe,United Kingdom,Office Supplies,Printer,7939.72,3262.11,399.27,2862.84
2025-08-16,Europe,Italy,Furniture,Conference Table,8721.93,3491.42,577.1,2914.32
2024-08-02,South America,Brazil,Furniture,Storage Cabinet,7363.85,3231.3,512.49,2718.81
2024-11-16,North America,Canada,Furniture,Storage Cabinet,2491.06,1059.74,144.29,915.45
2025-01-18,North America,Mexico,Technology,Business Tablet,9461.86,3519.55,667.25,2852.3
2024-12-29,Asia Pacific,Japan,Office Supplies,Desk Organizer,7014.75,3012.4,483.54,2528.85
2025-07-04,Asia Pacific,Australia,Furniture,Executive Desk,5891.99,2013.81,217.75,1796.06
2024-12-04,South America,Argentina,Technology,Cloud Server,1105.24,455.03,59.39,395.64
2024-12-02,South America,Chile,Office Supplies,Premium Paper,2128.52,936.79,82.76,854.03
2025-12-06,South America,Brazil,Technology,Smartphone X,1160.16,566.9,51.27,515.63
2024-08-26,Asia Pacific,India,Office Supplies,Premium Paper,4002.2,1392.75,185.46,1207.29
2025-02-24,South America,Brazil,Technology,Smartphone X,5596.3,2267.49,187.13,2080.36
2024-07-30,North America,United States,Office Supplies,Desk Organizer,8270.01,3619.44,313.76,3305.68
2025-08-11,Asia Pacific,Japan,Furniture,Storage Cabinet,3116.69,1054.22,115.74,938.49
2024-03-06,South America,Chile,Technology,Business Tablet,9147.87,4435.77,484.93,3950.84
2025-08-12,Europe,Germany,Office Supplies,Desk Organizer,3794.43,1882.09,264.16,1617.93
2025-02-04,North America,Canada,Technology,Smartphone X,9049.66,4188.89,478.65,3710.24
2025-11-05,North America,Mexico,Furniture,Executive Desk,4238.74,2050.86,177.96,1872.9
2024-06-10,Asia Pacific,Australia,Furniture,Executive Desk,7131.42,3203.61,291.41,2912.2
2025-05-20,South America,Chile,Technology,Business Tablet,1227.07,471.33,83.84,387.49
2024-11-29,South America,Argentina,Technology,Business Tablet,2470.03,834.95,77.4,757.55
2025-10-16,South America,Argentina,Office Supplies,Desk Organizer,8629.84,3365.97,263.53,3102.44
2024-04-27,North America,Canada,Furniture,Storage Cabinet,5105.21,1876.97,293.15,1583.82
2024-09-05,South America,Brazil,Office Supplies,Printer,8494.84,3028.34,262.52,2765.82
2024-04-12,North America,Canada,Technology,Cloud Server,2100.31,905.8,64.19,841.61
2024-10-06,North America,Canada,Office Supplies,Office Chair,2558.39,943.84,163.1,780.74
2024-08-09,South America,Chile,Technology,Laptop Pro,4210.87,1595.37,137.36,1458.01
2024-01-05,Europe,Italy,Technology,Smartphone X,4059.12,1503.3,140.32,1362.98
2025-03-07,Europe,Germany,Office Supplies,Office Chair,6959.62,2696.25,542.41,2153.83
2024-04-08,North America,Mexico,Technology,Laptop Pro,4448.96,1612.79,206.24,1406.55
2025-07-29,North America,Mexico,Technology,Cloud Server,9419.77,3379.9,383.28,2996.62
2024-12-31,Asia Pacific,Japan,Technology,Cloud Server,6712.93,2298.75,272.8,2025.94
2024-08-13,Europe,United Kingdom,Furniture,Ergonomic Chair,917.42,443.46,46.38,397.08
2025-09-05,South America,Brazil,Furniture,Conference Table,2893.43,1042.88,133.73,909.15
2025-10-08,South America,Chile,Furniture,Conference Table,3654.44,1715.76,271.15,1444.61
2024-11-21,South America,Brazil,Office Supplies,Premium Paper,6281.07,2744.04,308.52,2435.52
2025-10-17,North America,Mexico,Furniture,Executive Desk,2709.76,1266.25,202.8,1063.45
2024-11-12,North America,Mexico,Office Supplies,Office Chair,6387.78,2285.0,311.25,1973.75
2024-10-30,North America,United States,Office Supplies,Office Chair,6599.37,2652.78,437.31,2215.47
2025-03-30,Asia Pacific,Japan,Office Supplies,Printer,6614.22,3109.46,370.68,2738.78
2025-02-28,Asia Pacific,India,Technology,Business Tablet,3755.92,1365.56,122.83,1242.73
2025-11-11,North America,Mexico,Furniture,Conference Table,6276.6,2531.38,289.24,2242.15
2025-03-28,Europe,Germany,Office Supplies,Premium Paper,9559.78,3703.62,760.96,2942.65
2024-07-28,North America,United States,Technology,Smartphone X,2744.95,1037.52,181.85,855.67
2024-11-14,North America,Mexico,Technology,Smartphone X,4528.16,1974.43,204.47,1769.96
2025-08-13,South America,Chile,Technology,Business Tablet,8693.04,3909.49,674.15,3235.34
2025-01-03,South America,Argentina,Technology,Cloud Server,4693.07,2076.87,313.25,1763.63
2024-06-08,South America,Brazil,Office Supplies,Desk Organizer,8613.4,4219.75,655.28,3564.47
2025-09-01,North America,Mexico,Furniture,Conference Table,2944.27,1243.15,155.1,1088.05
2025-01-19,South America,Brazil,Office Supplies,Office Chair,7291.2,2954.13,552.72,2401.41
2024-01-05,Europe,Spain,Furniture,Ergonomic Chair,5168.81,2666.42,398.07,2268.35
2025-01-17,South America,Argentina,Office Supplies,Premium Paper,4383.48,1674.07,333.5,1340.57
2025-01-29,North America,United States,Office Supplies,Printer,7827.07,3601.75,371.23,3230.52
2025-12-27,South America,Chile,Furniture,Ergonomic Chair,7116.33,3372.87,543.16,2829.71
2024-09-09,North America,Canada,Technology,Business Tablet,6494.05,3028.42,421.29,2607.13
2025-10-22,North America,Canada,Furniture,Storage Cabinet,9470.52,3451.78,401.27,3050.5
2025-08-15,North America,United States,Technology,Laptop Pro,6621.78,3227.56,330.32,2897.24
2025-08-23,Europe,Spain,Technology,Cloud Server,2075.32,889.53,134.05,755.48
2025-05-27,South America,Chile,Office Supplies,Desk Organizer,7648.39,3916.89,561.93,3354.95
2024-04-21,Asia Pacific,Japan,Office Supplies,Office Chair,9335.16,3781.68,423.86,3357.82
2024-06-21,South America,Brazil,Technology,Laptop Pro,7850.56,3246.35,399.14,2847.21
2024-10-22,South America,Brazil,Technology,Business Tablet,2270.8,850.35,123.36,727.0
2025-05-29,Europe,Italy,Furniture,Conference Table,2263.56,787.68,88.59,699.09
2024-07-15,Asia Pacific,Singapore,Office Supplies,Premium Paper,8749.44,3233.58,390.72,2842.86
2025-01-21,Europe,United Kingdom,Technology,Business Tablet,781.83,304.5,42.42,262.08
2024-04-13,Europe,Germany,Office Supplies,Premium Paper,6820.56,3072.49,218.89,2853.59
2024-08-04,Europe,Italy,Furniture,Ergonomic Chair,9355.22,3908.95,438.31,3470.64
2025-03-15,Asia Pacific,Australia,Furniture,Ergonomic Chair,9994.73,4993.13,770.09,4223.04
2025-11-12,South America,Argentina,Furniture,Executive Desk,9765.4,4895.15,686.64,4208.51
2024-01-04,South America,Chile,Office Supplies,Office Chair,743.96,278.96,42.06,236.9
2025-12-17,North America,Canada,Office Supplies,Desk Organizer,5391.68,2314.06,162.59,2151.47
2025-10-15,Asia Pacific,India,Furniture,Ergonomic Chair,8797.63,4506.41,587.6,3918.81
2025-11-25,South America,Brazil,Furniture,Storage Cabinet,4301.57,1832.29,146.55,1685.74
2025-03-14,South America,Chile,Furniture,Executive Desk,7475.64,2869.4,297.19,2572.21
2024-05-26,Europe,France,Office Supplies,Premium Paper,3362.81,1541.5,193.15,1348.35
2025-04-23,North America,Canada,Technology,Cloud Server,6795.1,2559.83,275.76,2284.07
2025-11-06,Europe,Germany,Office Supplies,Premium Paper,2022.24,1354.6,228.96,1125.64
2024-09-20,South America,Chile,Technology,Smartphone X,9265.99,4166.27,505.9,3660.36
2025-12-09,Asia Pacific,Japan,Furniture,Executive Desk,6617.87,2795.55,435.93,2359.61
2025-01-25,South America,Brazil,Technology,Business Tablet,1599.05,555.84,55.1,500.75
2025-08-29,North America,Mexico,Technology,Business Tablet,1710.47,677.37,83.83,593.54
2024-01-02,Asia Pacific,India,Furniture,Conference Table,8547.63,4213.64,393.04,3820.6
2025-01-08,North America,Mexico,Furniture,Conference Table,1512.57,565.7,109.84,455.86
2024-11-19,North America,Canada,Technology,Cloud Server,6959.82,2549.27,307.41,2241.85
2025-11-12,Europe,Spain,Office Supplies,Printer,5272.59,3686.62,708.84,2977.78
2025-10-08,North America,Canada,Office Supplies,Desk Organizer,1058.72,486.13,39.85,446.28
2024-08-03,North America,Mexico,Furniture,Executive Desk,9270.0,4535.3,675.22,3860.08
2025-02-05,Asia Pacific,Japan,Technology,Cloud Server,3705.4,1783.04,294.64,1488.4
2025-02-04,South America,Brazil,Furniture,Ergonomic Chair,3182.46,1602.42,207.04,1395.38
2025-07-15,South America,Brazil,Technology,Business Tablet,7646.53,3496.84,537.2,2959.65
2025-12-27,Asia Pacific,Singapore,Furniture,Conference Table,5983.0,2515.28,323.81,2191.47
2024-05-28,North America,United States,Furniture,Conference Table,7485.53,2752.19,496.27,2255.91
2025-08-12,Europe,France,Office Supplies,Desk Organizer,6954.73,2490.14,228.23,2261.91
2024-12-30,South America,Brazil,Technology,Laptop Pro,9812.63,4486.18,585.52,3900.66
2024-06-01,South America,Brazil,Technology,Laptop Pro,2788.13,1220.35,179.55,1040.79
2024-06-25,South America,Chile,Furniture,Executive Desk,7888.44,3883.08,493.15,3389.93
2024-10-08,South America,Argentina,Technology,Laptop Pro,1607.96,611.63,99.81,511.83
2025-06-05,North America,United States,Furniture,Storage Cabinet,3100.39,1492.9,216.15,1276.75
2024-07-04,South America,Argentina,Furniture,Storage Cabinet,3334.45,1217.23,154.26,1062.97
2025-12-31,North America,Canada,Furniture,Executive Desk,4241.07,2085.73,293.37,1792.36
2025-06-26,South America,Brazil,Furniture,Executive Desk,7658.33,3017.75,481.93,2535.82
2024-04-30,North America,Mexico,Furniture,Conference Table,550.58,227.28,25.17,202.11
2024-02-10,North America,Mexico,Technology,Smartphone X,1334.3,541.95,90.27,451.68
2024-03-27,Europe,Spain,Office Supplies,Printer,9679.62,3916.33,763.29,3153.04
2025-11-04,Europe,France,Office Supplies,Premium Paper,9489.04,6382.43,1202.22,5180.22
2025-08-13,South America,Chile,Office Supplies,Printer,6258.64,2759.97,403.03,2356.93
2025-11-09,Europe,France,Technology,Smartphone X,1845.84,1156.5,245.73,910.78
2025-08-28,Asia Pacific,Australia,Technology,Cloud Server,1206.42,467.29,59.22,408.07
2024-06-16,South America,Argentina,Technology,Business Tablet,6926.99,3312.43,257.42,3055.01
2024-07-27,Europe,United Kingdom,Furniture,Conference Table,7287.23,3256.92,454.64,2802.28
2025-06-07,North America,Canada,Technology,Business Tablet,9928.27,3934.97,310.71,3624.26
2025-09-10,North America,United States,Office Supplies,Premium Paper,5548.97,2513.33,279.33,2234.0
2024-12-03,Europe,United Kingdom,Office Supplies,Printer,1890.13,875.88,82.57,793.32
2024-04-10,South America,Brazil,Office Supplies,Premium Paper,7935.97,2974.79,446.98,2527.81
2024-11-09,South America,Brazil,Furniture,Ergonomic Chair,7154.33,3486.93,411.93,3075.0
2025-09-14,Europe,Germany,Technology,Business Tablet,9491.85,3850.78,448.57,3402.21
2025-11-25,South America,Argentina,Furniture,Conference Table,2961.08,1387.74,194.43,1193.31
2025-11-04,North America,United States,Office Supplies,Printer,1002.21,488.62,78.9,409.72
2025-12-25,North America,Mexico,Furniture,Storage Cabinet,7214.47,2934.69,572.2,2362.49
2025-04-24,Asia Pacific,Australia,Office Supplies,Office Chair,3399.28,1720.24,263.01,1457.23
2025-02-20,Asia Pacific,India,Furniture,Executive Desk,1228.59,455.42,42.61,412.81
2025-08-12,Europe,Germany,Furniture,Ergonomic Chair,5764.52,2580.46,424.95,2155.51
2025-03-10,North America,Canada,Office Supplies,Premium Paper,4351.98,2036.67,328.77,1707.9
2024-01-08,South America,Chile,Furniture,Ergonomic Chair,2820.15,1377.34,218.68,1158.65
2025-06-24,Europe,Spain,Office Supplies,Office Chair,6907.96,3374.3,388.06,2986.24
2024-08-18,North America,United States,Office Supplies,Office Chair,5380.0,2657.77,275.11,2382.65
2025-01-23,North America,Canada,Technology,Business Tablet,9183.43,3622.14,523.05,3099.08
2024-04-30,Asia Pacific,Australia,Office Supplies,Printer,3015.13,1091.16,185.61,905.55
2025-02-07,North America,Canada,Furniture,Executive Desk,9386.44,4752.28,679.74,4072.53
2024-02-28,Asia Pacific,India,Furniture,Storage Cabinet,3621.24,1388.17,109.57,1278.6
2024-07-09,South America,Argentina,Technology,Laptop Pro,4592.64,1773.16,259.28,1513.88
2024-06-06,South America,Brazil,Office Supplies,Premium Paper,1978.49,870.14,81.72,788.42
2025-02-08,Asia Pacific,Australia,Office Supplies,Desk Organizer,8975.84,3805.2,390.22,3414.98
2025-03-25,South America,Brazil,Technology,Business Tablet,7597.37,2849.4,563.56,2285.83
2025-12-27,North America,United States,Technology,Business Tablet,882.43,376.25,59.3,316.95
2024-02-02,North America,Mexico,Technology,Cloud Server,9617.14,4648.72,345.64,4303.09
2025-05-15,South America,Chile,Furniture,Conference Table,3586.43,1752.86,265.71,1487.15
2025-05-28,South America,Brazil,Technology,Laptop Pro,8030.77,2940.26,379.1,2561.16
2024-01-14,North America,United States,Furniture,Ergonomic Chair,4581.82,1924.2,139.29,1784.91
2025-05-06,Asia Pacific,Australia,Office Supplies,Premium Paper,7728.55,2896.56,290.79,2605.77
2025-06-07,North America,United States,Office Supplies,Premium Paper,8709.58,4280.81,369.01,3911.81
2025-03-15,North America,Canada,Furniture,Executive Desk,7160.88,2967.54,279.7,2687.84
2025-08-28,North America,United States,Technology,Smartphone X,4312.19,1641.6,170.8,1470.8
2024-05-29,South America,Brazil,Furniture,Conference Table,1363.89,488.28,68.69,419.59
2024-11-09,North America,United States,Office Supplies,Desk Organizer,5052.35,2216.33,314.22,1902.11
2024-11-07,Europe,United Kingdom,Office Supplies,Printer,9458.49,4247.68,400.55,3847.13
2024-02-18,North America,United States,Technology,Laptop Pro,6774.09,2658.91,299.86,2359.05
2024-10-13,Europe,Italy,Technology,Business Tablet,9509.12,3801.32,429.98,3371.34
2024-04-09,Europe,Spain,Technology,Business Tablet,3925.4,1918.15,263.58,1654.58
2025-08-26,Asia Pacific,Japan,Furniture,Ergonomic Chair,2495.32,1077.9,185.55,892.34
2024-05-13,Europe,Germany,Furniture,Conference Table,2332.81,937.32,81.49,855.83
2025-07-13,Asia Pacific,Australia,Furniture,Storage Cabinet,9901.62,3924.39,653.89,3270.5
2024-02-14,North America,United States,Office Supplies,Printer,8970.07,4361.32,648.58,3712.74
2025-07-27,Asia Pacific,Australia,Office Supplies,Premium Paper,9153.07,3305.23,466.35,2838.88
2025-05-30,Europe,France,Furniture,Ergonomic Chair,7118.71,2503.03,229.74,2273.29
2025-08-02,Europe,France,Furniture,Storage Cabinet,5202.75,2266.03,289.66,1976.37
2024-03-17,North America,Canada,Furniture,Storage Cabinet,5843.74,2447.93,352.73,2095.2
2024-07-30,North America,United States,Technology,Smartphone X,6125.07,2313.81,468.15,1845.66
2025-06-09,South America,Chile,Furniture,Ergonomic Chair,3382.4,1347.76,221.25,1126.51
2025-07-19,Europe,France,Technology,Laptop Pro,5568.88,2259.61,345.16,1914.45
2024-10-11,North America,Canada,Technology,Smartphone X,9900.59,3636.54,354.53,3282.0
2025-10-26,Asia Pacific,Australia,Office Supplies,Premium Paper,9491.06,4515.85,410.03,4105.81
2024-05-16,South America,Chile,Office Supplies,Printer,9859.98,4184.71,300.93,3883.78
2024-12-30,North America,Mexico,Office Supplies,Office Chair,2931.88,1070.76,184.32,886.44
2025-08-20,Europe,Italy,Furniture,Ergonomic Chair,8765.24,3967.93,504.39,3463.55
2025-03-28,North America,Canada,Office Supplies,Office Chair,6025.81,2945.45,407.62,2537.83
2024-06-08,South America,Brazil,Furniture,Storage Cabinet,4002.08,1881.02,138.81,1742.21
2024-07-04,South America,Brazil,Technology,Smartphone X,5911.75,2840.74,230.68,2610.06
2024-10-15,Europe,United Kingdom,Technology,Smartphone X,8266.24,3657.79,325.63,3332.16
2024-05-26,Europe,Italy,Technology,Cloud Server,9136.75,4390.84,319.89,4070.95
2025-06-23,North America,Mexico,Technology,Laptop Pro,4089.81,1531.37,291.72,1239.65
2025-10-21,Europe,France,Technology,Laptop Pro,3042.74,2007.61,305.99,1701.62
2024-04-18,Asia Pacific,India,Technology,Smartphone X,5064.04,2211.18,264.43,1946.76
2024-06-16,Asia Pacific,Australia,Office Supplies,Office Chair,2816.18,1196.6,122.15,1074.45
2025-07-10,Europe,Germany,Technology,Laptop Pro,5674.1,2211.24,421.72,1789.53
2025-03-01,North America,United States,Technology,Laptop Pro,2653.41,1075.89,126.48,949.41
2024-10-20,North America,Mexico,Office Supplies,Premium Paper,5172.3,2533.61,213.23,2320.37
2024-10-15,Asia Pacific,India,Furniture,Ergonomic Chair,1624.33,835.7,123.44,712.27
2024-02-14,North America,United States,Office Supplies,Printer,6196.31,2722.82,232.43,2490.39
2025-11-14,Asia Pacific,Australia,Office Supplies,Premium Paper,3075.39,1301.95,149.02,1152.93
2024-09-28,Europe,Germany,Technology,Smartphone X,3542.43,1504.32,234.04,1270.28
2025-05-04,Europe,Germany,Furniture,Storage Cabinet,9616.06,3618.46,331.97,3286.49
2024-05-10,North America,Canada,Office Supplies,Printer,5194.96,2342.07,408.54,1933.53
2025-09-08,Asia Pacific,Japan,Furniture,Conference Table,4140.26,1818.97,235.74,1583.24
2025-05-19,North America,Canada,Technology,Cloud Server,5505.99,2681.71,388.53,2293.18
2024-08-12,Europe,France,Office Supplies,Premium Paper,2431.16,1156.53,116.99,1039.54
2025-04-30,North America,United States,Technology,Business Tablet,3928.16,1949.67,270.78,1678.89
2024-05-22,Asia Pacific,Singapore,Technology,Cloud Server,2803.73,1281.21,91.94,1189.27
2024-05-21,Europe,France,Office Supplies,Premium Paper,7113.16,2819.73,232.63,2587.1
2024-04-18,Europe,Italy,Furniture,Conference Table,786.76,305.84,26.71,279.13
2024-03-19,Europe,Spain,Office Supplies,Office Chair,7771.47,3166.64,287.59,2879.06
2025-06-24,Asia Pacific,Singapore,Office Supplies,Printer,4717.75,2016.31,144.65,1871.66
2024-04-23,North America,United States,Furniture,Executive Desk,6239.65,2271.57,237.22,2034.36
2025-02-09,South America,Chile,Office Supplies,Printer,9231.93,4068.96,604.39,3464.57
2025-03-09,North America,Canada,Technology,Cloud Server,9790.3,3518.27,397.42,3120.85
2025-09-25,Europe,France,Office Supplies,Office Chair,8313.8,4212.21,500.94,3711.26
2024-03-20,South America,Argentina,Office Supplies,Desk Organizer,8358.91,3300.86,586.52,2714.34
2025-10-24,South America,Brazil,Office Supplies,Premium Paper,1491.8,631.55,102.84,528.7
2024-12-09,Europe,France,Office Supplies,Office Chair,5644.9,2086.66,337.88,1748.78
2024-11-12,North America,Mexico,Technology,Laptop Pro,2783.18,1033.29,162.83,870.46
2024-02-15,South America,Brazil,Technology,Business Tablet,1385.5,589.28,109.49,479.79
2024-10-16,South America,Chile,Technology,Business Tablet,7642.5,3726.07,601.41,3124.66
2025-12-20,Europe,United Kingdom,Office Supplies,Premium Paper,5270.68,3627.41,677.9,2949.51
2024-02-08,Asia Pacific,Japan,Technology,Cloud Server,1248.15,588.54,96.91,491.64
2024-08-25,North America,Mexico,Furniture,Conference Table,7803.84,3139.8,610.13,2529.67
2025-06-12,Asia Pacific,Singapore,Technology,Business Tablet,3263.0,1535.33,251.27,1284.06
2024-02-10,South America,Brazil,Technology,Laptop Pro,9601.15,4462.19,765.41,3696.78
2024-04-09,Europe,France,Office Supplies,Premium Paper,5239.67,2131.01,201.65,1929.36
2024-10-29,North America,United States,Office Supplies,Printer,3857.0,1451.01,252.76,1198.25
2025-04-16,Asia Pacific,Singapore,Office Supplies,Desk Organizer,6677.77,2385.74,241.72,2144.01
2025-08-05,South America,Brazil,Office Supplies,Printer,4308.92,2173.45,326.86,1846.59
2024-05-12,South America,Argentina,Furniture,Ergonomic Chair,4049.99,1853.39,223.95,1629.43
2024-09-26,Europe,Spain,Furniture,Executive Desk,7539.9,3074.65,535.8,2538.85
2024-01-09,North America,United States,Office Supplies,Desk Organizer,2002.96,788.25,67.4,720.85
2025-02-01,South America,Chile,Technology,Business Tablet,4925.84,2321.94,369.47,1952.47
2025-04-21,Europe,Germany,Technology,Laptop Pro,9215.87,4670.46,630.47,4039.99
2024-07-23,South America,Argentina,Technology,Business Tablet,3753.02,1618.63,152.49,1466.14
2025-05-02,Europe,United Kingdom,Office Supplies,Premium Paper,5678.27,2723.05,211.66,2511.39
2024-08-06,Asia Pacific,India,Furniture,Storage Cabinet,1092.8,536.3,75.93,460.37
2025-04-29,North America,United States,Technology,Laptop Pro,9550.13,4259.77,415.36,3844.41
2025-10-12,North America,United States,Technology,Laptop Pro,3102.1,1197.24,228.59,968.65
2025-04-07,South America,Chile,Technology,Business Tablet,2248.74,860.84,168.09,692.75
2025-03-14,Asia Pacific,Australia,Technology,Smartphone X,3818.12,1590.78,205.32,1385.46
2025-12-06,North America,Mexico,Office Supplies,Printer,9169.68,4187.78,652.43,3535.35
2025-07-28,North America,United States,Furniture,Conference Table,3575.46,1876.77,275.13,1601.65
2024-11-20,Europe,France,Office Supplies,Office Chair,5244.73,2187.38,365.04,1822.34
2025-11-21,South America,Argentina,Furniture,Executive Desk,9888.27,5086.15,720.49,4365.66
2025-10-11,South America,Chile,Furniture,Executive Desk,846.62,382.03,33.34,348.69
2025-12-14,North America,Mexico,Office Supplies,Office Chair,3806.81,1985.04,299.17,1685.87
2025-08-13,Europe,United Kingdom,Office Supplies,Premium Paper,3368.47,1404.64,239.0,1165.64
2024-05-07,South America,Chile,Office Supplies,Desk Organizer,4398.67,1803.26,251.27,1551.99
2025-06-19,Asia Pacific,India,Technology,Cloud Server,4569.64,1765.16,273.01,1492.14
2025-07-09,South America,Argentina,Office Supplies,Desk Organizer,6524.02,3145.94,501.67,2644.28
2024-04-11,Europe,Germany,Technology,Laptop Pro,6354.47,2646.71,348.35,2298.36
2025-09-30,Europe,Italy,Furniture,Executive Desk,6843.25,3205.03,277.79,2927.24
2025-04-10,South America,Brazil,Technology,Cloud Server,9530.24,4024.43,664.14,3360.29
2025-04-20,South America,Chile,Furniture,Storage Cabinet,572.25,227.41,23.57,203.83
2024-10-17,Asia Pacific,Australia,Office Supplies,Desk Organizer,6896.36,2593.56,520.35,2073.21
2024-02-03,Europe,Germany,Technology,Business Tablet,8487.31,3776.06,569.18,3206.88
2024-11-21,Asia Pacific,Japan,Furniture,Storage Cabinet,2797.4,1358.58,110.87,1247.71
2025-10-21,South America,Brazil,Furniture,Storage Cabinet,1724.27,817.84,135.99,681.85
2024-06-26,South America,Argentina,Furniture,Conference Table,4655.32,1792.28,326.15,1466.13
2025-05-31,Europe,Spain,Office Supplies,Printer,8454.71,3128.06,389.93,2738.13
2024-04-05,Europe,Germany,Office Supplies,Premium Paper,6474.49,2721.77,203.24,2518.53
2025-12-25,Europe,Spain,Office Supplies,Premium Paper,7552.23,5019.49,917.5,4102.0
2024-09-02,North America,Canada,Technology,Smartphone X,7399.97,3477.76,361.9,3115.87
2024-09-23,Europe,United Kingdom,Technology,Smartphone X,6460.66,2937.83,380.97,2556.86
2024-04-15,Europe,Italy,Furniture,Executive Desk,1517.23,632.84,113.38,519.45
2024-04-05,Europe,Italy,Office Supplies,Office Chair,4212.6,1705.06,131.0,1574.06
2024-03-16,South America,Chile,Technology,Smartphone X,7029.7,2825.71,321.11,2504.6
2025-04-06,North America,United States,Office Supplies,Premium Paper,9084.56,4183.54,559.25,3624.28
2024-02-02,Europe,United Kingdom,Office Supplies,Desk Organizer,9951.7,4182.2,301.05,3881.15
2025-06-18,Asia Pacific,India,Technology,Laptop Pro,5591.56,2492.42,380.49,2111.93
2024-08-09,Asia Pacific,India,Technology,Laptop Pro,3611.63,1442.31,239.77,1202.54
2024-05-09,Asia Pacific,Australia,Office Supplies,Office Chair,9555.68,3916.47,550.17,3366.3
2024-10-28,South America,Chile,Office Supplies,Desk Organizer,5370.24,2146.18,212.94,1933.24
2024-06-26,North America,Mexico,Furniture,Ergonomic Chair,9637.78,3711.43,671.35,3040.09
2025-08-24,Asia Pacific,Japan,Technology,Cloud Server,4617.98,1970.68,276.23,1694.45
2024-10-05,Asia Pacific,India,Furniture,Storage Cabinet,4578.47,1986.0,222.96,1763.04
2025-10-09,Europe,Italy,Technology,Laptop Pro,9601.93,6654.36,1465.59,5188.77
2025-06-27,Asia Pacific,Singapore,Technology,Laptop Pro,2209.09,923.28,153.63,769.65
2025-01-01,North America,United States,Technology,Business Tablet,4033.66,1827.42,145.68,1681.74
2024-11-22,Europe,United Kingdom,Technology,Cloud Server,5890.96,2296.69,245.26,2051.43
2024-03-08,South America,Argentina,Furniture,Conference Table,5508.99,1979.6,241.86,1737.74
2025-09-14,Europe,Spain,Furniture,Storage Cabinet,6980.25,3043.04,493.29,2549.75
2024-07-21,North America,United States,Office Supplies,Desk Organizer,944.52,356.2,33.97,322.23
2025-04-08,North America,Mexico,Office Supplies,Desk Organizer,2746.01,917.39,84.83,832.56
2025-08-12,Europe,Italy,Office Supplies,Office Chair,8495.61,3697.4,635.4,3062.0
2025-06-24,Europe,United Kingdom,Furniture,Executive Desk,1159.81,445.82,81.33,364.49
2024-11-04,Asia Pacific,Australia,Office Supplies,Desk Organizer,1257.79,592.27,68.79,523.48
2024-02-18,South America,Argentina,Furniture,Storage Cabinet,5186.7,2446.5,391.72,2054.79
2025-01-17,Europe,Germany,Technology,Laptop Pro,8341.84,3340.8,664.65,2676.15
2025-12-05,South America,Brazil,Technology,Laptop Pro,2316.02,1120.46,112.2,1008.26
2025-07-04,Europe,Germany,Office Supplies,Premium Paper,1552.63,738.78,52.4,686.37
2024-12-03,South America,Argentina,Furniture,Conference Table,9286.15,3932.81,334.26,3598.55
2024-11-22,North America,Mexico,Office Supplies,Desk Organizer,6848.23,2878.25,287.8,2590.44
2025-05-04,South America,Argentina,Office Supplies,Desk Organizer,2645.39,1016.84,118.54,898.3
2024-03-25,Asia Pacific,Japan,Furniture,Conference Table,7102.17,2599.41,388.7,2210.7
2024-08-05,Europe,France,Office Supplies,Desk Organizer,2285.22,813.8,92.4,721.4
2025-08-27,Asia Pacific,Australia,Furniture,Storage Cabinet,6725.25,3110.12,237.29,2872.83
2024-05-13,North America,Canada,Office Supplies,Desk Organizer,8744.66,3900.3,603.39,3296.91
2024-07-11,Europe,United Kingdom,Office Supplies,Office Chair,7019.53,3520.9,413.18,3107.72
2024-04-14,North America,Canada,Technology,Laptop Pro,2785.34,1318.76,109.61,1209.16
2024-01-30,South America,Chile,Furniture,Storage Cabinet,3843.59,1442.36,221.06,1221.3
2024-12-28,South America,Brazil,Technology,Cloud Server,5270.81,2154.95,172.13,1982.82
2024-10-06,Asia Pacific,India,Technology,Cloud Server,7454.02,3041.9,333.2,2708.7
2025-02-16,North America,Mexico,Office Supplies,Desk Organizer,5426.88,1893.28,176.34,1716.94
2024-09-11,Europe,France,Technology,Laptop Pro,9003.06,3855.32,377.57,3477.74
2025-06-28,Europe,United Kingdom,Technology,Cloud Server,4223.13,1612.78,281.67,1331.11
2025-12-09,Asia Pacific,Singapore,Technology,Smartphone X,7964.41,3158.24,353.62,2804.63
2025-09-02,Asia Pacific,India,Technology,Smartphone X,5280.78,2423.4,284.31,2139.09
2024-11-08,North America,United States,Office Supplies,Premium Paper,2083.13,838.64,109.91,728.73
2024-01-14,South America,Argentina,Office Supplies,Premium Paper,2186.39,816.45,74.01,742.44
2025-11-26,Europe,Spain,Office Supplies,Desk Organizer,6040.01,3866.05,900.78,2965.27
2025-08-03,Asia Pacific,Japan,Furniture,Conference Table,7672.43,3462.48,268.53,3193.94
2024-12-09,South America,Argentina,Furniture,Ergonomic Chair,9903.03,3891.15,537.98,3353.18
2025-01-08,South America,Brazil,Office Supplies,Printer,7246.49,3640.87,498.02,3142.85
2025-09-02,South America,Brazil,Office Supplies,Premium Paper,1905.05,766.9,78.13,688.77
2024-05-25,Asia Pacific,Singapore,Technology,Smartphone X,5987.05,2729.54,308.55,2420.99
2024-07-30,Europe,France,Office Supplies,Premium Paper,9671.8,4792.49,618.42,4174.07
2025-04-05,North America,Canada,Furniture,Ergonomic Chair,8935.95,3659.44,454.52,3204.91
2024-10-09,Asia Pacific,Japan,Technology,Business Tablet,8424.63,3270.53,587.76,2682.77
2025-08-03,Asia Pacific,Australia,Technology,Laptop Pro,5239.81,2390.11,279.37,2110.75
2024-06-02,Asia Pacific,Japan,Office Supplies,Desk Organizer,3238.47,1459.73,99.68,1360.05
2024-02-11,North America,Canada,Furniture,Executive Desk,1005.34,399.51,51.79,347.72
2025-11-07,Europe,Germany,Office Supplies,Office Chair,3827.07,2650.88,559.26,2091.62
2024-06-07,Europe,United Kingdom,Technology,Smartphone X,4604.48,2220.64,205.08,2015.56
2024-02-02,South America,Argentina,Technology,Cloud Server,4514.35,2166.63,157.58,2009.05
2024-09-24,Asia Pacific,Australia,Technology,Cloud Server,6949.77,2830.5,409.4,2421.11
2025-11-30,North America,Canada,Technology,Cloud Server,5765.7,2187.73,197.65,1990.09
2025-08-03,South America,Chile,Technology,Cloud Server,7932.85,3648.16,276.08,3372.08
2025-06-23,South America,Chile,Office Supplies,Printer,4949.6,2054.95,252.55,1802.4
2025-02-24,South America,Brazil,Furniture,Executive Desk,9596.17,4135.28,650.55,3484.73
2025-09-21,Asia Pacific,Japan,Furniture,Ergonomic Chair,1709.11,751.61,99.6,652.01
2024-10-27,Europe,Italy,Technology,Cloud Server,6865.75,3004.25,467.9,2536.35
2025-06-14,South America,Brazil,Technology,Laptop Pro,3066.66,1482.05,108.41,1373.64
2025-08-31,Europe,United Kingdom,Furniture,Storage Cabinet,7060.63,3288.27,254.69,3033.58
2025-08-21,Europe,France,Furniture,Conference Table,5839.47,2814.11,215.01,2599.1
2025-11-22,North America,Canada,Furniture,Ergonomic Chair,7331.85,3744.82,515.29,3229.53
2025-09-30,North America,United States,Technology,Laptop Pro,1953.71,953.36,109.39,843.97
2024-09-10,North America,United States,Office Supplies,Premium Paper,8410.9,3358.94,275.73,3083.2
2024-05-04,Asia Pacific,Singapore,Office Supplies,Office Chair,8292.57,4010.24,475.46,3534.78
2025-09-19,South America,Chile,Furniture,Executive Desk,4607.36,2002.68,180.79,1821.89
2025-11-04,North America,United States,Furniture,Conference Table,5023.5,2043.97,318.37,1725.6
2025-08-25,South America,Argentina,Furniture,Ergonomic Chair,4216.3,1855.23,149.12,1706.12
2025-03-02,South America,Brazil,Technology,Business Tablet,4842.28,2010.43,147.94,1862.49
2024-11-06,Europe,Spain,Office Supplies,Premium Paper,9127.03,3561.13,337.38,3223.75
2025-04-14,Asia Pacific,India,Technology,Business Tablet,5256.06,2468.73,213.08,2255.66
2025-12-24,South America,Chile,Technology,Smartphone X,6731.23,2818.64,443.99,2374.64
2024-12-13,South America,Chile,Technology,Business Tablet,7957.13,3779.16,606.13,3173.04
2024-03-10,South America,Argentina,Office Supplies,Office Chair,5972.37,3033.26,410.72,2622.54
2025-06-22,Asia Pacific,Japan,Furniture,Ergonomic Chair,6094.09,2720.0,360.92,2359.08
2025-02-17,Europe,Germany,Technology,Smartphone X,2701.19,1228.4,148.49,1079.91
2025-11-26,South America,Argentina,Technology,Smartphone X,1501.6,748.58,99.72,648.86
2025-01-28,South America,Brazil,Technology,Business Tablet,1587.5,731.3,53.41,677.89
2025-01-18,Europe,France,Office Supplies,Premium Paper,7137.89,3112.75,567.06,2545.69
2025-08-10,North America,United States,Office Supplies,Desk Organizer,4656.39,1783.27,186.53,1596.74
2024-06-14,South America,Chile,Technology,Laptop Pro,6030.03,2760.55,382.5,2378.05
2024-07-27,Europe,France,Technology,Business Tablet,7856.66,3602.03,575.3,3026.73
2024-12-14,North America,Mexico,Furniture,Storage Cabinet,2306.3,928.29,164.62,763.66
2025-05-27,Asia Pacific,Australia,Furniture,Conference Table,8115.16,3466.03,497.24,2968.78
2024-03-13,Europe,France,Furniture,Ergonomic Chair,1458.67,594.23,47.51,546.72
2025-07-07,Asia Pacific,India,Technology,Business Tablet,9261.6,3731.23,603.52,3127.71
2024-03-10,North America,Canada,Technology,Smartphone X,8605.35,4257.7,473.31,3784.39
2025-02-12,Europe,Spain,Furniture,Executive Desk,6036.34,3137.6,478.36,2659.24
2025-10-30,Europe,Germany,Office Supplies,Desk Organizer,2978.37,1866.71,395.6,1471.1
2024-12-03,Europe,France,Office Supplies,Premium Paper,8153.79,3629.08,493.3,3135.77
2024-02-06,Asia Pacific,India,Office Supplies,Premium Paper,8931.43,3646.6,325.76,3320.85
2024-02-12,Europe,Germany,Office Supplies,Office Chair,6678.2,2737.38,301.66,2435.72
2024-08-21,Europe,Germany,Technology,Smartphone X,5574.77,2749.15,357.33,2391.82
2024-01-19,South America,Brazil,Office Supplies,Desk Organizer,7106.69,2954.96,364.87,2590.09
2024-05-21,Europe,Italy,Technology,Business Tablet,3842.0,1641.96,291.62,1350.34
2024-08-31,North America,United States,Furniture,Executive Desk,2657.7,1293.07,197.78,1095.29
2025-07-03,Europe,Germany,Furniture,Conference Table,8219.91,2859.11,298.68,2560.43
2024-07-03,Asia Pacific,India,Office Supplies,Printer,6222.95,3195.29,497.24,2698.05
2024-05-12,South America,Argentina,Furniture,Executive Desk,6737.61,2616.72,518.25,2098.47
2024-07-29,South America,Chile,Furniture,Ergonomic Chair,9027.58,4342.19,471.03,3871.15
2024-11-05,Asia Pacific,Australia,Furniture,Conference Table,5505.02,2229.64,357.21,1872.42
2025-05-30,Europe,Germany,Office Supplies,Desk Organizer,7202.27,3149.34,316.82,2832.51
2024-07-27,North America,Mexico,Technology,Business Tablet,7548.13,2870.06,366.99,2503.08
2024-05-25,Europe,France,Furniture,Storage Cabinet,6674.13,2694.86,238.35,2456.51
2025-05-25,Europe,United Kingdom,Office Supplies,Desk Organizer,3353.92,1602.34,110.63,1491.7
2025-09-16,South America,Argentina,Technology,Cloud Server,4154.3,1441.33,167.36,1273.97
2024-07-07,South America,Chile,Technology,Business Tablet,797.41,391.78,61.29,330.49
2025-09-15,Asia Pacific,Australia,Furniture,Conference Table,7693.9,3251.47,549.82,2701.65
2025-03-20,South America,Chile,Furniture,Executive Desk,8170.27,3763.37,634.21,3129.17
2025-11-25,Asia Pacific,Singapore,Office Supplies,Printer,2044.21,867.72,137.54,730.18
2024-08-31,North America,United States,Office Supplies,Printer,1312.6,517.99,75.0,442.99
2024-12-11,South America,Brazil,Furniture,Ergonomic Chair,3936.1,1842.12,272.07,1570.05
2025-09-14,Europe,Germany,Office Supplies,Printer,8442.0,4046.5,440.59,3605.91
2024-01-18,South America,Brazil,Office Supplies,Premium Paper,9675.91,4298.5,698.76,3599.74
2024-08-11,South America,Brazil,Furniture,Executive Desk,3126.23,1366.95,142.87,1224.07
2024-03-06,South America,Brazil,Office Supplies,Printer,2965.64,1232.55,122.69,1109.86
2024-06-27,North America,Mexico,Furniture,Executive Desk,2710.39,1185.53,106.28,1079.25
2025-06-02,South America,Chile,Office Supplies,Premium Paper,5757.37,2370.76,446.69,1924.07
2024-09-22,Asia Pacific,India,Furniture,Ergonomic Chair,5634.19,1963.2,235.14,1728.06
2024-04-21,Europe,Spain,Office Supplies,Premium Paper,5354.84,2044.67,247.87,1796.8
2025-01-15,South America,Brazil,Furniture,Storage Cabinet,8820.6,3244.12,408.63,2835.49
2025-01-03,Asia Pacific,Singapore,Furniture,Ergonomic Chair,4971.51,2521.16,303.74,2217.42
2024-06-13,Asia Pacific,India,Office Supplies,Office Chair,9162.79,3337.84,553.91,2783.93
2024-11-16,Asia Pacific,Japan,Office Supplies,Premium Paper,6742.06,2633.73,459.34,2174.39
2025-10-26,Europe,Germany,Technology,Cloud Server,5620.19,3913.04,766.74,3146.3
2025-11-06,South America,Argentina,Office Supplies,Office Chair,8442.08,3260.0,356.27,2903.74
2024-09-05,Asia Pacific,Japan,Office Supplies,Printer,7607.79,2733.97,319.93,2414.05
2025-02-23,Asia Pacific,India,Office Supplies,Premium Paper,9189.04,4210.97,553.74,3657.23
2025-04-04,South America,Brazil,Furniture,Conference Table,9294.31,3831.16,701.38,3129.78
2025-11-21,North America,Mexico,Office Supplies,Printer,3744.93,1378.58,188.84,1189.74
2025-06-01,North America,Mexico,Office Supplies,Office Chair,9048.79,4182.68,278.48,3904.2
2024-05-03,South America,Argentina,Furniture,Storage Cabinet,7557.11,2650.0,239.59,2410.41
2025-03-17,Europe,France,Technology,Smartphone X,5391.52,2311.9,266.37,2045.52
2025-03-08,Asia Pacific,Japan,Office Supplies,Office Chair,7263.84,2852.7,543.85,2308.84
2024-12-10,Europe,Germany,Technology,Business Tablet,9524.23,4744.43,586.14,4158.29
2025-03-22,Asia Pacific,Singapore,Furniture,Conference Table,7467.71,3495.14,444.16,3050.98
2025-06-05,Europe,France,Technology,Business Tablet,6902.12,2857.83,317.65,2540.18
2024-06-29,Asia Pacific,India,Technology,Business Tablet,5186.29,1883.28,289.83,1593.45
2025-06-21,South America,Argentina,Office Supplies,Desk Organizer,3526.49,1283.37,131.04,1152.32
2024-08-03,South America,Chile,Office Supplies,Printer,1444.93,547.12,51.91,495.2
2024-10-07,South America,Argentina,Technology,Smartphone X,3240.55,1675.67,257.43,1418.24
2024-04-18,North America,Mexico,Office Supplies,Office Chair,1411.77,618.72,78.26,540.46
2024-06-21,Europe,Spain,Technology,Smartphone X,563.32,256.97,17.63,239.34
2024-07-27,Asia Pacific,Singapore,Furniture,Storage Cabinet,5448.49,2557.54,243.8,2313.73
2024-04-22,Europe,Italy,Office Supplies,Desk Organizer,2999.04,1527.5,238.89,1288.61
2025-11-15,Europe,United Kingdom,Technology,Smartphone X,7409.94,4782.73,1021.37,3761.37
2025-06-09,Europe,United Kingdom,Technology,Cloud Server,1454.17,671.58,81.53,590.05
2024-07-13,Europe,Germany,Technology,Smartphone X,6070.26,2864.12,248.94,2615.17
2024-07-19,Asia Pacific,Singapore,Technology,Cloud Server,8231.75,3738.57,363.27,3375.3
2024-07-22,Europe,Spain,Furniture,Conference Table,530.38,195.17,30.7,164.47
2024-08-01,North America,United States,Office Supplies,Printer,6327.09,2761.08,264.07,2497.01
2024-12-23,South America,Chile,Furniture,Conference Table,8839.95,4418.7,651.96,3766.74
2025-11-15,South America,Argentina,Furniture,Storage Cabinet,6179.5,2634.21,276.66,2357.55
2024-08-12,Europe,United Kingdom,Office Supplies,Desk Organizer,3591.27,1562.75,128.53,1434.22
2025-04-20,Asia Pacific,India,Office Supplies,Desk Organizer,7195.78,3383.74,389.92,2993.82
2025-05-15,South America,Chile,Technology,Laptop Pro,3263.84,1470.73,243.13,1227.61
2025-02-22,Europe,Spain,Office Supplies,Printer,6912.4,2987.1,486.99,2500.11
2025-03-11,South America,Argentina,Technology,Business Tablet,5112.3,2017.6,316.01,1701.59
2024-02-16,Asia Pacific,Singapore,Office Supplies,Office Chair,5938.8,2169.39,239.39,1929.99
2025-10-02,Europe,Spain,Furniture,Ergonomic Chair,1727.55,1044.93,212.06,832.87
2025-12-22,Asia Pacific,Australia,Furniture,Executive Desk,6721.85,2862.85,323.35,2539.5
2024-07-22,North America,Mexico,Office Supplies,Office Chair,3256.78,1214.47,158.59,1055.88
2025-02-27,North America,Mexico,Furniture,Conference Table,9430.13,3172.42,292.35,2880.07
2025-06-23,Europe,Spain,Office Supplies,Desk Organizer,901.71,336.95,28.14,308.8
2025-10-08,North America,United States,Office Supplies,Premium Paper,8223.46,3344.61,411.48,2933.13
2024-10-03,Europe,Germany,Technology,Cloud Server,691.46,323.94,39.47,284.47
2024-06-04,Europe,Spain,Office Supplies,Office Chair,8398.98,4183.82,581.53,3602.28
2025-03-11,Europe,United Kingdom,Office Supplies,Desk Organizer,2425.33,976.06,152.32,823.74
2025-04-27,South America,Argentina,Office Supplies,Premium Paper,2611.4,1057.3,114.71,942.58
2024-10-18,North America,Canada,Technology,Cloud Server,7411.8,3786.34,505.0,3281.34
2024-04-20,South America,Brazil,Furniture,Executive Desk,4274.81,1638.57,207.29,1431.28
2025-07-30,Europe,United Kingdom,Office Supplies,Office Chair,8191.97,3941.5,284.83,3656.67
2024-06-22,North America,Canada,Furniture,Conference Table,1296.94,560.77,93.25,467.52
2025-06-19,North America,United States,Office Supplies,Printer,4412.66,2130.4,316.46,1813.94
2024-02-07,Asia Pacific,Singapore,Technology,Business Tablet,7058.77,3409.32,492.24,2917.08
2025-07-12,South America,Argentina,Furniture,Conference Table,3557.46,1643.73,198.23,1445.5
2024-03-24,Europe,Italy,Furniture,Executive Desk,4069.02,1837.72,155.05,1682.67
2024-05-04,North America,United States,Office Supplies,Premium Paper,871.09,350.32,33.57,316.75
2025-06-21,South America,Brazil,Furniture,Storage Cabinet,4294.35,1701.79,222.34,1479.46
2024-10-28,Asia Pacific,Australia,Furniture,Ergonomic Chair,5856.2,2163.29,260.66,1902.63
2025-12-02,North America,Mexico,Furniture,Ergonomic Chair,5434.11,2123.81,288.79,1835.02
2024-12-04,North America,United States,Furniture,Storage Cabinet,593.3,237.3,22.26,215.04
2024-03-09,Europe,United Kingdom,Furniture,Conference Table,2393.04,878.26,126.66,751.6
2024-04-06,Europe,Spain,Office Supplies,Office Chair,1134.33,532.7,84.13,448.57
2024-12-19,Europe,France,Office Supplies,Printer,8297.17,4060.95,491.39,3569.56
2024-11-09,Asia Pacific,Singapore,Office Supplies,Office Chair,1236.02,481.3,82.24,399.07
2024-10-13,North America,Canada,Furniture,Executive Desk,1703.69,750.63,106.04,644.59
2025-01-27,Asia Pacific,Australia,Furniture,Storage Cabinet,2488.41,851.02,103.5,747.52
2024-08-09,Europe,Spain,Technology,Smartphone X,2065.77,986.11,95.37,890.74
2024-02-23,North America,Mexico,Office Supplies,Desk Organizer,6816.0,2754.22,375.01,2379.22
2024-04-30,North America,Mexico,Office Supplies,Desk Organizer,7852.24,3562.45,374.94,3187.51
2025-06-18,Asia Pacific,India,Furniture,Conference Table,9575.92,4917.27,686.4,4230.87
2025-12-29,North America,Canada,Furniture,Storage Cabinet,5155.89,2488.3,331.36,2156.94
2025-07-25,South America,Chile,Office Supplies,Office Chair,740.31,302.16,39.46,262.7
2025-11-17,Asia Pacific,Singapore,Technology,Smartphone X,4133.35,1629.5,278.51,1350.99
2024-01-11,North America,Canada,Office Supplies,Office Chair,553.34,210.97,19.2,191.76
2025-01-12,Asia Pacific,India,Furniture,Ergonomic Chair,818.52,323.46,44.15,279.31
2024-02-14,Asia Pacific,Australia,Furniture,Executive Desk,9725.84,4830.42,711.54,4118.88
2025-04-27,South America,Argentina,Technology,Cloud Server,7624.39,3464.61,436.72,3027.89
2024-04-16,Europe,United Kingdom,Technology,Smartphone X,7203.58,2874.83,522.6,2352.23
2024-03-25,South America,Brazil,Technology,Cloud Server,6556.04,2256.74,228.63,2028.1
2025-07-11,Asia Pacific,Japan,Furniture,Executive Desk,3660.32,1741.51,274.46,1467.05
2025-12-27,North America,Mexico,Furniture,Ergonomic Chair,5405.23,2655.27,271.12,2384.15
2025-11-14,Europe,Germany,Technology,Smartphone X,7425.09,4599.65,831.02,3768.62
2025-06-01,South America,Brazil,Furniture,Executive Desk,3456.06,1451.44,124.02,1327.42
2025-04-22,Europe,Spain,Office Supplies,Premium Paper,1604.49,609.81,106.66,503.14
2024-07-09,Asia Pacific,India,Technology,Laptop Pro,2566.5,1001.56,87.42,914.13
2024-09-09,Asia Pacific,Japan,Furniture,Conference Table,3449.63,1384.17,153.0,1231.16
2024-10-12,North America,Mexico,Office Supplies,Desk Organizer,2646.62,1065.04,196.32,868.72
2024-06-30,Asia Pacific,Australia,Furniture,Storage Cabinet,3013.18,1302.95,177.58,1125.37
2024-12-23,South America,Chile,Furniture,Conference Table,848.95,402.82,41.84,360.98
2025-07-04,North America,Mexico,Office Supplies,Printer,6637.08,2965.03,294.92,2670.11
2024-12-16,Asia Pacific,India,Furniture,Conference Table,2953.03,1186.31,93.23,1093.07
2024-04-28,North America,Canada,Technology,Cloud Server,6074.8,2458.7,297.03,2161.67
2025-08-25,Europe,United Kingdom,Furniture,Executive Desk,6479.98,2985.94,196.96,2788.98
2025-03-07,South America,Argentina,Office Supplies,Premium Paper,2277.56,892.43,86.86,805.57
2025-07-13,North America,United States,Office Supplies,Desk Organizer,6138.96,2889.75,408.53,2481.21
2025-04-29,North America,Canada,Furniture,Ergonomic Chair,6208.95,2622.92,310.81,2312.11
2024-02-11,North America,Mexico,Technology,Cloud Server,4546.0,1815.12,267.64,1547.48
2025-08-30,Europe,France,Furniture,Conference Table,9262.36,4735.39,724.89,4010.5
2025-06-20,North America,Mexico,Technology,Smartphone X,6802.36,3067.7,222.37,2845.33
2024-04-02,Asia Pacific,Japan,Office Supplies,Desk Organizer,4261.94,1841.24,268.21,1573.03
2024-07-24,North America,Canada,Office Supplies,Premium Paper,2253.64,1082.86,116.8,966.06
2024-09-07,North America,Mexico,Furniture,Ergonomic Chair,546.98,196.31,19.14,177.17
2025-07-17,South America,Chile,Technology,Cloud Server,6850.15,3356.66,447.39,2909.27
2024-04-08,South America,Brazil,Office Supplies,Office Chair,4298.89,1690.44,189.84,1500.6
2025-11-21,South America,Chile,Office Supplies,Premium Paper,3795.24,1817.89,297.97,1519.92
2024-01-28,North America,Mexico,Technology,Smartphone X,4006.76,1691.41,285.13,1406.28
2025-09-17,South America,Brazil,Furniture,Conference Table,1811.76,668.1,73.49,594.61
2025-03-21,Europe,United Kingdom,Office Supplies,Office Chair,4544.26,1781.74,224.22,1557.52
2025-05-07,Europe,United Kingdom,Office Supplies,Office Chair,2053.66,973.56,147.27,826.29
2025-04-21,Europe,United Kingdom,Furniture,Executive Desk,6730.75,2901.07,473.48,2427.59
2024-06-13,Asia Pacific,Japan,Furniture,Storage Cabinet,7019.84,2558.23,440.08,2118.15
2025-11-17,South America,Argentina,Technology,Business Tablet,4537.32,2028.67,162.43,1866.24
2025-04-06,Asia Pacific,Singapore,Furniture,Ergonomic Chair,8519.6,4100.9,303.16,3797.74
2024-07-02,South America,Chile,Office Supplies,Premium Paper,1928.68,824.08,147.95,676.13
2025-08-27,Asia Pacific,Japan,Furniture,Storage Cabinet,4631.44,1860.48,148.17,1712.31
2025-05-16,South America,Argentina,Technology,Business Tablet,2897.1,1145.59,129.81,1015.78
2024-01-25,Asia Pacific,Japan,Office Supplies,Printer,4462.07,1837.93,200.28,1637.65
2024-02-06,Europe,United Kingdom,Furniture,Executive Desk,5547.05,2208.8,215.01,1993.79
2025-07-01,Europe,France,Furniture,Conference Table,6512.74,2659.8,284.83,2374.97
2025-04-14,North America,Mexico,Furniture,Storage Cabinet,886.09,337.51,28.28,309.24
2025-09-15,Europe,Italy,Furniture,Executive Desk,3708.84,1634.15,167.27,1466.89
2025-02-14,Europe,France,Furniture,Ergonomic Chair,7355.14,3275.74,249.81,3025.92
2025-03-19,Europe,France,Furniture,Ergonomic Chair,9951.72,4471.26,566.83,3904.43
2024-09-06,Europe,United Kingdom,Furniture,Storage Cabinet,2544.49,1231.69,111.29,1120.39
2025-12-06,North America,Canada,Furniture,Executive Desk,6243.91,3124.28,399.05,2725.23
2024-10-06,Europe,Italy,Technology,Laptop Pro,7929.48,3507.37,346.82,3160.55
2025-04-18,Asia Pacific,India,Technology,Smartphone X,671.69,256.5,22.29,234.21
2024-10-21,South America,Chile,Office Supplies,Printer,5643.85,2422.47,326.68,2095.79
2024-12-17,Asia Pacific,Australia,Office Supplies,Desk Organizer,1941.9,938.14,106.7,831.43
2025-06-29,North America,Mexico,Office Supplies,Printer,4327.91,1980.76,253.47,1727.29
2024-03-21,South America,Chile,Office Supplies,Premium Paper,2471.74,1226.45,119.78,1106.67
2024-10-25,Asia Pacific,Singapore,Furniture,Storage Cabinet,780.86,337.38,29.94,307.45
2024-12-26,South America,Argentina,Technology,Business Tablet,5786.18,2403.29,241.49,2161.8
2025-07-04,North America,Canada,Furniture,Executive Desk,1421.31,586.08,113.15,472.93
2025-08-07,Asia Pacific,Japan,Technology,Cloud Server,5725.67,2254.15,234.11,2020.04
2025-09-05,Asia Pacific,Australia,Office Supplies,Premium Paper,6810.23,3164.6,419.89,2744.7
2025-10-13,Asia Pacific,Singapore,Technology,Cloud Server,5200.92,2293.05,370.86,1922.19
2025-04-05,North America,United States,Office Supplies,Printer,531.71,261.93,36.23,225.7
2025-11-02,North America,Mexico,Technology,Cloud Server,6011.5,2486.53,306.07,2180.46
2024-07-12,Europe,Spain,Technology,Smartphone X,6292.21,2576.85,214.09,2362.75
2025-08-07,South America,Brazil,Office Supplies,Office Chair,2081.36,953.35,133.66,819.69
2025-01-14,Europe,Spain,Furniture,Storage Cabinet,5744.54,2883.94,416.57,2467.37
2024-06-14,South America,Argentina,Furniture,Conference Table,2164.5,1118.27,164.65,953.62
2024-11-26,North America,Canada,Technology,Laptop Pro,2466.57,1014.82,104.22,910.6
2025-09-09,South America,Brazil,Technology,Cloud Server,5252.04,1979.36,316.17,1663.18
2024-12-05,North America,United States,Office Supplies,Premium Paper,565.39,208.45,36.1,172.36
2025-06-16,South America,Argentina,Technology,Cloud Server,9596.96,4696.47,545.75,4150.72
2025-09-13,Europe,Italy,Office Supplies,Premium Paper,3283.15,1414.63,233.48,1181.14
2024-02-10,Asia Pacific,Singapore,Furniture,Storage Cabinet,4571.59,1627.06,170.52,1456.55
2024-09-25,Europe,France,Office Supplies,Desk Organizer,6737.1,2448.57,283.99,2164.58
2025-05-09,North America,Canada,Technology,Business Tablet,6599.34,2547.81,494.68,2053.12
2025-05-18,North America,Canada,Office Supplies,Printer,7047.34,2833.86,370.12,2463.74
2024-09-21,Asia Pacific,India,Technology,Smartphone X,5456.9,2062.16,403.86,1658.3
2025-07-31,Asia Pacific,Australia,Office Supplies,Office Chair,5892.58,2424.0,386.87,2037.13
2025-11-20,Asia Pacific,Japan,Furniture,Conference Table,1892.0,743.67,93.11,650.56
2025-10-14,North America,United States,Technology,Business Tablet,1909.45,668.34,92.05,576.29
2025-06-04,South America,Argentina,Furniture,Conference Table,9737.83,4439.81,578.01,3861.81
2025-05-28,Asia Pacific,Australia,Office Supplies,Desk Organizer,6659.58,3228.03,360.3,2867.73
2025-05-10,South America,Brazil,Furniture,Executive Desk,3752.49,1454.51,154.66,1299.85
2024-10-11,Europe,France,Office Supplies,Desk Organizer,4863.56,2491.22,366.3,2124.92
2025-06-20,North America,Mexico,Technology,Business Tablet,6810.32,2688.14,237.97,2450.17
2024-12-03,Europe,United Kingdom,Furniture,Executive Desk,9719.15,3564.32,566.97,2997.35
2024-09-10,North America,Canada,Furniture,Conference Table,7052.14,3102.06,297.98,2804.08
2025-12-07,South America,Brazil,Technology,Business Tablet,5743.77,2028.73,226.88,1801.84
2024-03-06,North America,Mexico,Office Supplies,Premium Paper,2473.45,1000.94,168.4,832.54
2025-05-03,South America,Brazil,Furniture,Executive Desk,3529.15,1534.85,140.54,1394.32
2024-04-29,South America,Brazil,Office Supplies,Office Chair,1448.82,649.54,86.81,562.73
2024-11-03,Europe,Spain,Office Supplies,Premium Paper,7339.82,3145.32,456.03,2689.28
2025-08-26,South America,Brazil,Office Supplies,Desk Organizer,6212.86,2564.16,241.22,2322.93
2025-06-03,South America,Chile,Office Supplies,Printer,3009.9,1284.88,141.64,1143.25
2025-11-25,Asia Pacific,Singapore,Technology,Smartphone X,5132.01,2189.31,403.98,1785.33
2025-04-26,South America,Brazil,Technology,Laptop Pro,7724.16,3365.22,268.25,3096.97
2025-03-29,Asia Pacific,Japan,Technology,Laptop Pro,7747.1,2998.68,426.78,2571.9
2024-11-23,South America,Brazil,Furniture,Ergonomic Chair,9311.74,3679.42,592.17,3087.25
2024-11-27,North America,United States,Office Supplies,Office Chair,8597.39,3691.51,325.47,3366.04
2025-06-12,South America,Chile,Furniture,Storage Cabinet,7907.67,3297.89,606.06,2691.83
2025-04-28,Asia Pacific,Australia,Technology,Business Tablet,3670.36,1542.84,246.87,1295.97
2025-04-05,Asia Pacific,Singapore,Furniture,Storage Cabinet,7745.6,2926.68,596.41,2330.27
2024-02-26,South America,Argentina,Furniture,Conference Table,9762.36,4354.32,302.38,4051.94
2025-12-22,North America,United States,Furniture,Ergonomic Chair,3300.57,1327.2,152.13,1175.07
2025-01-26,Asia Pacific,Japan,Technology,Cloud Server,8635.83,3093.2,364.06,2729.14
2024-11-29,South America,Chile,Furniture,Storage Cabinet,9544.43,4877.85,659.15,4218.7
2025-02-03,South America,Brazil,Office Supplies,Desk Organizer,1063.51,378.13,50.13,328.0
2025-07-04,Asia Pacific,Singapore,Office Supplies,Premium Paper,4982.49,2320.98,167.91,2153.07
2025-02-27,North America,United States,Furniture,Ergonomic Chair,5953.84,2597.0,309.08,2287.91
2024-12-01,Asia Pacific,Australia,Furniture,Executive Desk,1834.44,897.08,134.9,762.18
2025-12-17,Asia Pacific,Australia,Office Supplies,Office Chair,2249.33,952.12,119.3,832.81
2024-12-07,North America,Mexico,Furniture,Ergonomic Chair,2925.9,1297.06,91.16,1205.9
2024-05-02,South America,Argentina,Office Supplies,Desk Organizer,8081.92,3699.62,266.82,3432.8
2025-06-08,Asia Pacific,India,Furniture,Storage Cabinet,9958.72,5154.86,733.5,4421.36
2024-11-30,South America,Argentina,Furniture,Ergonomic Chair,6526.55,3057.23,380.27,2676.96
2025-07-25,Europe,Spain,Technology,Laptop Pro,5952.29,2576.01,372.07,2203.94
2024-07-14,Europe,Italy,Office Supplies,Desk Organizer,4787.24,2388.97,320.49,2068.48
2025-10-28,Asia Pacific,India,Technology,Business Tablet,4813.45,2330.38,322.37,2008.01
2025-03-18,Europe,Italy,Furniture,Ergonomic Chair,560.36,255.06,17.34,237.72
2024-08-18,Asia Pacific,Singapore,Technology,Business Tablet,8627.96,3934.74,590.06,3344.68
2025-06-29,South America,Chile,Furniture,Conference Table,7814.31,3390.61,372.99,3017.62
2025-08-13,North America,United States,Technology,Smartphone X,3430.58,1275.51,194.41,1081.09
2024-02-10,North America,Mexico,Office Supplies,Premium Paper,3610.88,1403.93,149.87,1254.06
2024-08-01,North America,Canada,Technology,Cloud Server,9914.53,4074.28,753.44,3320.84
2024-12-29,Europe,France,Office Supplies,Premium Paper,8424.49,3441.11,439.74,3001.37
2024-08-01,South America,Brazil,Office Supplies,Desk Organizer,4292.19,1630.47,210.43,1420.05
2024-05-07,Europe,France,Furniture,Executive Desk,2047.39,836.32,157.72,678.6
2025-09-11,Asia Pacific,Australia,Office Supplies,Office Chair,2498.11,921.71,138.26,783.45
2025-05-04,Asia Pacific,India,Office Supplies,Premium Paper,568.93,267.7,28.46,239.24
2024-04-12,Asia Pacific,Australia,Office Supplies,Premium Paper,4624.41,2183.67,208.26,1975.41
2025-12-19,Europe,Italy,Office Supplies,Premium Paper,9537.44,5920.57,1034.28,4886.29
2024-09-11,North America,Mexico,Technology,Smartphone X,5426.91,2032.51,290.29,1742.22
2024-02-09,Europe,Spain,Technology,Business Tablet,4031.19,1612.9,152.68,1460.22
2024-06-25,North America,Mexico,Technology,Smartphone X,3968.15,2016.1,275.1,1741.0
2024-01-31,South America,Brazil,Office Supplies,Desk Organizer,6440.47,3088.89,278.61,2810.28
2024-11-24,Europe,Germany,Office Supplies,Premium Paper,8943.79,3387.32,658.28,2729.05
2025-02-21,Europe,Spain,Office Supplies,Office Chair,2002.64,755.2,149.92,605.28
2024-04-04,South America,Brazil,Technology,Cloud Server,4912.12,2147.43,367.95,1779.47
2025-03-26,North America,Mexico,Furniture,Executive Desk,3458.59,1541.03,259.89,1281.14
2024-05-11,Asia Pacific,Australia,Furniture,Executive Desk,5039.0,2443.44,365.82,2077.62
2024-07-19,North America,United States,Furniture,Conference Table,8151.75,3133.12,513.24,2619.89
2024-04-07,South America,Argentina,Furniture,Executive Desk,2872.9,1160.94,191.05,969.89
2024-11-04,Asia Pacific,Singapore,Furniture,Ergonomic Chair,7718.99,2862.64,394.45,2468.19
2025-11-08,North America,Mexico,Furniture,Executive Desk,7605.39,3662.45,468.45,3194.0
2024-07-21,North America,United States,Technology,Laptop Pro,8436.1,3252.22,420.44,2831.78
2024-01-12,South America,Argentina,Office Supplies,Office Chair,6472.77,3116.05,380.99,2735.06
2025-04-07,North America,Canada,Furniture,Ergonomic Chair,5685.85,2056.22,249.98,1806.24
2025-06-10,Asia Pacific,Australia,Technology,Business Tablet,3739.34,1867.41,256.52,1610.89
2025-04-12,Europe,United Kingdom,Furniture,Ergonomic Chair,1099.62,458.46,68.3,390.16
2025-07-10,North America,United States,Technology,Cloud Server,8385.74,3217.41,550.4,2667.01
2024-05-09,Asia Pacific,Australia,Office Supplies,Desk Organizer,5756.34,2988.96,450.81,2538.16
2025-05-31,North America,Canada,Furniture,Conference Table,1846.23,869.36,127.01,742.34
2024-07-22,Asia Pacific,Japan,Furniture,Executive Desk,8102.47,3207.93,336.42,2871.5
2025-06-27,North America,Canada,Technology,Laptop Pro,6963.77,3260.32,507.99,2752.33
2024-08-19,North America,Mexico,Furniture,Storage Cabinet,8653.8,3632.14,674.59,2957.55
2025-02-14,Asia Pacific,Singapore,Furniture,Storage Cabinet,8990.57,3659.22,330.91,3328.31
2024-11-03,Europe,Germany,Office Supplies,Printer,2483.17,1166.39,148.24,1018.15
2024-03-09,Europe,Italy,Technology,Smartphone X,5068.86,2040.94,398.44,1642.5
2024-09-05,South America,Brazil,Furniture,Storage Cabinet,4214.5,1688.84,302.25,1386.59
2024-03-13,North America,Canada,Technology,Cloud Server,1672.98,816.69,129.18,687.51
2024-06-04,North America,Canada,Technology,Business Tablet,7725.55,2607.22,277.07,2330.14
2024-11-14,Europe,Spain,Office Supplies,Office Chair,6774.0,2581.34,245.51,2335.83
2025-09-16,South America,Brazil,Technology,Business Tablet,8814.74,4182.35,282.5,3899.85
2024-09-18,Europe,Italy,Office Supplies,Office Chair,8824.3,4177.76,615.25,3562.51
2024-10-25,North America,Mexico,Technology,Laptop Pro,9977.25,4494.25,598.16,3896.09
2025-01-06,North America,Mexico,Office Supplies,Desk Organizer,4505.9,2113.12,330.09,1783.03
2024-10-13,Asia Pacific,Australia,Furniture,Ergonomic Chair,4486.63,2263.95,355.14,1908.81
2024-03-26,Europe,Germany,Furniture,Storage Cabinet,2806.07,1217.27,167.11,1050.16
2025-11-12,Asia Pacific,India,Furniture,Storage Cabinet,5826.37,2764.05,284.28,2479.77
2025-06-15,South America,Brazil,Furniture,Executive Desk,6108.26,3034.24,474.63,2559.61
2025-08-12,Europe,Germany,Technology,Business Tablet,6011.16,2804.72,361.81,2442.91
2025-02-07,Europe,United Kingdom,Furniture,Storage Cabinet,8596.21,3800.73,482.58,3318.15
2025-02-12,South America,Chile,Technology,Smartphone X,5885.83,2242.03,454.96,1787.07
2024-04-11,Asia Pacific,Singapore,Technology,Cloud Server,8569.59,3504.5,607.74,2896.75
2024-12-18,Asia Pacific,Japan,Office Supplies,Desk Organizer,7945.24,3286.41,516.08,2770.32
2025-10-12,Asia Pacific,Japan,Technology,Business Tablet,7536.7,3633.04,520.4,3112.64
2024-06-25,South America,Brazil,Office Supplies,Printer,6355.83,3068.54,456.42,2612.11
2024-08-21,Asia Pacific,Australia,Technology,Laptop Pro,6574.79,2641.74,360.69,2281.05
2024-07-09,South America,Brazil,Office Supplies,Desk Organizer,3830.64,1898.75,286.49,1612.26
2024-06-12,North America,Canada,Technology,Laptop Pro,2303.0,925.54,127.37,798.17
2025-10-19,Asia Pacific,Japan,Office Supplies,Premium Paper,2386.89,891.46,142.97,748.48
2025-11-10,South America,Argentina,Technology,Business Tablet,5561.86,2422.62,423.05,1999.56
2024-04-16,Asia Pacific,India,Office Supplies,Office Chair,4704.09,1710.01,270.01,1440.0
2025-11-14,Asia Pacific,India,Office Supplies,Office Chair,8415.86,4121.73,355.72,3766.01
2024-08-19,South America,Chile,Technology,Smartphone X,617.97,227.16,19.18,207.98
2025-09-18,South America,Argentina,Office Supplies,Office Chair,4417.07,2147.71,260.8,1886.91
2025-10-04,South America,Chile,Office Supplies,Printer,8132.55,3155.8,394.52,2761.27
2024-08-28,Asia Pacific,Australia,Technology,Smartphone X,3555.79,1739.63,231.56,1508.07
2025-07-05,North America,United States,Furniture,Storage Cabinet,5585.92,2161.95,398.36,1763.59
2024-08-21,Asia Pacific,Japan,Office Supplies,Printer,5955.46,2197.09,362.93,1834.16
2025-05-24,South America,Brazil,Technology,Laptop Pro,5819.61,2425.19,191.33,2233.85
2024-12-21,South America,Chile,Technology,Laptop Pro,6979.07,2622.42,460.22,2162.2
2025-08-06,Asia Pacific,India,Furniture,Storage Cabinet,4592.89,2072.88,168.41,1904.46
2025-02-09,North America,Mexico,Office Supplies,Printer,5614.76,2513.88,261.24,2252.64
2025-08-06,South America,Brazil,Furniture,Ergonomic Chair,8695.97,4159.12,283.91,3875.21
2025-01-01,Europe,Germany,Furniture,Executive Desk,5532.83,2634.65,368.64,2266.01
2024-09-11,North America,United States,Technology,Cloud Server,7422.34,2853.72,257.62,2596.1
2025-02-17,South America,Argentina,Office Supplies,Desk Organizer,1815.84,701.44,63.18,638.26
2024-12-29,North America,Mexico,Office Supplies,Printer,5246.98,1982.08,262.72,1719.36
2024-08-20,Asia Pacific,India,Office Supplies,Desk Organizer,7642.25,3130.27,237.06,2893.2
2025-09-12,Europe,Spain,Technology,Business Tablet,1407.16,534.04,111.53,422.51
2024-01-13,Europe,United Kingdom,Office Supplies,Printer,762.71,376.73,44.37,332.37
2024-03-12,North America,United States,Furniture,Storage Cabinet,2226.97,846.29,105.25,741.04
2025-11-30,North America,Mexico,Office Supplies,Office Chair,8968.65,4304.4,663.53,3640.87
2024-06-30,North America,Canada,Technology,Laptop Pro,9385.28,4720.02,653.99,4066.03
2024-05-03,Asia Pacific,Australia,Technology,Business Tablet,6988.8,2983.42,268.16,2715.26
2024-04-12,South America,Brazil,Furniture,Conference Table,9974.75,5135.91,766.97,4368.94
2025-11-05,South America,Argentina,Technology,Laptop Pro,3714.27,1473.92,155.9,1318.02
2025-05-17,North America,Canada,Technology,Business Tablet,1056.93,529.92,57.1,472.82
2025-11-06,Europe,Spain,Technology,Business Tablet,9162.74,6208.51,1332.4,4876.11
2025-10-20,North America,Canada,Office Supplies,Office Chair,4755.09,1934.93,367.15,1567.78
2025-03-12,South America,Argentina,Office Supplies,Premium Paper,5159.42,2165.73,237.72,1928.0
2025-05-10,South America,Argentina,Office Supplies,Printer,7823.01,3608.07,441.04,3167.03
2024-02-12,North America,United States,Office Supplies,Office Chair,6588.86,3080.97,373.68,2707.29
2024-02-18,Asia Pacific,Singapore,Technology,Business Tablet,9659.78,3662.36,688.45,2973.91
2025-03-20,North America,Mexico,Office Supplies,Premium Paper,9151.29,3590.01,709.21,2880.8
2024-08-14,Asia Pacific,India,Furniture,Conference Table,5205.11,2323.16,315.69,2007.46
2024-02-16,South America,Brazil,Furniture,Executive Desk,9280.97,3180.87,389.98,2790.89
2024-12-04,North America,Canada,Technology,Business Tablet,9217.05,3669.22,348.37,3320.85
2025-09-05,North America,Mexico,Furniture,Ergonomic Chair,8878.48,3746.3,519.63,3226.67
2025-10-03,Asia Pacific,Japan,Furniture,Ergonomic Chair,4387.43,1635.25,312.29,1322.96
2025-01-21,Asia Pacific,Japan,Office Supplies,Printer,6201.23,2751.82,308.66,2443.16
2025-12-13,South America,Brazil,Furniture,Conference Table,1169.98,415.46,44.4,371.07
2025-05-15,Europe,France,Furniture,Ergonomic Chair,2089.98,1021.54,162.53,859.01
2025-12-12,South America,Argentina,Furniture,Ergonomic Chair,3204.7,1348.99,113.53,1235.46
2024-05-02,South America,Brazil,Technology,Cloud Server,2407.49,985.91,76.52,909.39
2025-05-05,Europe,Germany,Technology,Laptop Pro,8414.4,3330.41,573.25,2757.16
2024-03-10,North America,Canada,Furniture,Ergonomic Chair,4662.03,1777.46,279.02,1498.44
2024-02-12,North America,United States,Furniture,Ergonomic Chair,915.7,311.12,34.46,276.66
2024-09-13,North America,Canada,Office Supplies,Office Chair,9064.85,3240.38,444.19,2796.18
2024-10-25,Europe,France,Technology,Smartphone X,3690.94,1621.96,115.4,1506.56
2025-03-27,Europe,France,Furniture,Ergonomic Chair,5790.1,2314.38,452.84,1861.54
2024-02-28,Europe,Germany,Office Supplies,Premium Paper,6376.57,2564.19,488.7,2075.49
2025-01-14,Europe,France,Technology,Smartphone X,556.07,185.41,18.31,167.11
2025-01-31,Europe,France,Furniture,Executive Desk,5854.57,2186.87,365.58,1821.29
2025-05-02,South America,Argentina,Furniture,Storage Cabinet,4771.88,2273.11,306.09,1967.02
2025-09-19,Asia Pacific,Australia,Furniture,Storage Cabinet,5051.73,2462.71,266.28,2196.42
2025-01-03,North America,United States,Office Supplies,Office Chair,9648.88,3870.44,413.56,3456.88
2024-06-13,Asia Pacific,India,Office Supplies,Printer,1867.85,811.63,122.41,689.22
2025-07-08,North America,Canada,Technology,Business Tablet,2476.96,1077.6,183.74,893.86
2025-04-16,South America,Argentina,Office Supplies,Desk Organizer,3953.82,1576.96,197.47,1379.49
2025-06-26,North America,United States,Technology,Smartphone X,5899.67,3000.96,392.12,2608.84
2025-09-25,Asia Pacific,Singapore,Furniture,Storage Cabinet,4060.76,1606.75,201.58,1405.16
2025-04-26,Europe,Spain,Furniture,Storage Cabinet,3353.04,1655.27,230.45,1424.82
2025-09-30,South America,Brazil,Technology,Smartphone X,3707.99,1840.91,233.54,1607.37
2025-06-13,South America,Brazil,Office Supplies,Premium Paper,7092.71,2987.77,449.32,2538.45
2024-10-06,North America,Mexico,Office Supplies,Office Chair,1931.49,752.81,81.67,671.14
2024-05-13,South America,Argentina,Furniture,Executive Desk,6923.8,3131.86,237.4,2894.46
2024-01-09,Europe,United Kingdom,Technology,Business Tablet,9349.85,3933.33,628.12,3305.21
2024-08-06,Asia Pacific,India,Office Supplies,Printer,6042.76,2888.39,324.82,2563.57
2025-12-21,North America,Canada,Office Supplies,Premium Paper,8122.19,3232.63,601.27,2631.36
2024-06-16,South America,Brazil,Furniture,Storage Cabinet,2003.66,874.25,107.15,767.1
2024-10-14,North America,United States,Furniture,Conference Table,9137.26,3166.33,292.11,2874.22
2025-01-25,South America,Argentina,Office Supplies,Office Chair,7787.81,3639.36,618.26,3021.1
2025-01-06,South America,Chile,Furniture,Conference Table,4749.67,1698.32,259.28,1439.05
2025-11-18,Asia Pacific,Australia,Technology,Business Tablet,1154.45,421.66,51.96,369.7
2025-02-07,North America,United States,Furniture,Conference Table,9634.96,3985.74,631.77,3353.98
2024-03-26,Asia Pacific,Singapore,Technology,Cloud Server,9921.17,3942.85,423.0,3519.86
2025-06-09,Asia Pacific,India,Office Supplies,Printer,9105.26,3184.49,381.88,2802.61
2024-11-09,Asia Pacific,Singapore,Office Supplies,Printer,884.33,424.91,60.12,364.79
2025-04-14,Europe,United Kingdom,Furniture,Executive Desk,1741.17,884.42,106.57,777.85
2025-08-10,Europe,United Kingdom,Office Supplies,Office Chair,9093.08,3535.4,289.15,3246.25
2025-11-19,Asia Pacific,Singapore,Office Supplies,Printer,8129.89,4042.59,562.64,3479.95
2025-02-20,Asia Pacific,Japan,Office Supplies,Printer,5747.64,2394.8,249.07,2145.74
2025-04-05,Europe,United Kingdom,Furniture,Executive Desk,718.57,278.36,48.94,229.42
2024-09-05,Europe,France,Office Supplies,Premium Paper,1963.06,960.26,135.34,824.91
2024-03-18,Europe,Germany,Furniture,Ergonomic Chair,8766.52,3773.38,331.48,3441.9
2025-10-03,South America,Chile,Office Supplies,Premium Paper,6319.37,2182.46,233.41,1949.05
2024-03-24,North America,United States,Furniture,Executive Desk,536.49,247.0,22.35,224.65
2024-02-21,Europe,Italy,Office Supplies,Office Chair,5022.42,2054.13,398.76,1655.36
2025-09-11,North America,Canada,Office Supplies,Premium Paper,4703.91,1929.15,159.83,1769.32
2024-07-21,Asia Pacific,Japan,Furniture,Conference Table,7149.69,3140.28,241.58,2898.7
2024-07-10,Asia Pacific,Japan,Technology,Cloud Server,6535.32,2933.86,392.63,2541.23
2025-06-02,Asia Pacific,Japan,Office Supplies,Printer,8332.45,3889.95,471.01,3418.94
2025-11-01,Asia Pacific,Australia,Technology,Laptop Pro,1085.39,487.58,81.55,406.03
2024-03-02,South America,Brazil,Furniture,Storage Cabinet,613.99,273.87,21.13,252.74
2025-08-25,Asia Pacific,India,Furniture,Ergonomic Chair,7407.91,2931.79,354.88,2576.91
2025-05-06,Asia Pacific,Singapore,Office Supplies,Desk Organizer,3478.01,1702.06,137.43,1564.63
2025-08-24,North America,United States,Furniture,Ergonomic Chair,4392.46,2100.54,203.01,1897.53
2025-02-16,South America,Argentina,Office Supplies,Office Chair,1849.79,857.49,94.3,763.19
2024-01-26,North America,Canada,Office Supplies,Office Chair,4294.47,1596.09,298.76,1297.33
2025-11-08,North America,United States,Furniture,Conference Table,2561.44,912.06,137.33,774.73
2024-10-04,Asia Pacific,Japan,Technology,Cloud Server,4226.2,1788.9,328.63,1460.27
2025-07-16,Asia Pacific,Japan,Technology,Cloud Server,6264.84,2672.74,324.24,2348.5
2024-06-12,South America,Chile,Technology,Business Tablet,9633.67,3431.51,444.73,2986.78
2025-05-03,Asia Pacific,Japan,Technology,Cloud Server,8134.41,3197.64,249.31,2948.33
2024-11-11,North America,Canada,Furniture,Ergonomic Chair,6998.55,2802.51,252.59,2549.92
2024-05-12,Asia Pacific,Australia,Furniture,Ergonomic Chair,8167.68,3904.91,395.96,3508.95
2025-04-29,Europe,Germany,Office Supplies,Printer,4461.51,1685.24,206.61,1478.63
2024-08-27,Asia Pacific,Singapore,Office Supplies,Printer,5983.59,2329.88,237.66,2092.22
2024-05-10,Asia Pacific,Japan,Furniture,Conference Table,8226.56,3253.85,478.5,2775.35
2024-01-20,Asia Pacific,India,Office Supplies,Office Chair,6424.27,2356.06,350.42,2005.63
2025-09-09,Asia Pacific,India,Office Supplies,Desk Organizer,7885.62,3647.12,345.47,3301.65
2024-05-26,Asia Pacific,India,Office Supplies,Office Chair,2621.67,913.04,125.34,787.7
2025-09-27,South America,Chile,Technology,Business Tablet,9588.34,4011.89,438.27,3573.62
2025-07-03,North America,Mexico,Technology,Laptop Pro,3308.39,1268.18,245.61,1022.57
2025-06-20,Asia Pacific,Japan,Office Supplies,Desk Organizer,7156.14,3383.52,321.37,3062.15
2024-07-28,North America,Canada,Technology,Laptop Pro,6690.53,2999.31,227.05,2772.26
2025-04-21,North America,Canada,Furniture,Storage Cabinet,5775.01,2639.18,392.26,2246.92
2024-04-20,Asia Pacific,Singapore,Office Supplies,Office Chair,7209.82,2928.23,275.02,2653.21
2024-05-11,Asia Pacific,India,Technology,Laptop Pro,8743.51,3771.32,423.55,3347.77
2024-11-18,South America,Chile,Technology,Cloud Server,6640.12,2693.64,307.64,2386.0
2024-02-05,Asia Pacific,Australia,Furniture,Executive Desk,8890.97,3327.38,585.59,2741.79
2024-05-15,South America,Brazil,Technology,Smartphone X,1939.91,883.48,149.38,734.1
2024-08-28,Europe,United Kingdom,Office Supplies,Printer,1271.01,489.36,42.55,446.81
2025-02-14,Europe,Spain,Office Supplies,Desk Organizer,7098.57,2957.89,244.71,2713.18
2024-07-31,South America,Brazil,Technology,Business Tablet,2660.26,991.35,170.73,820.63
2024-01-25,Europe,France,Office Supplies,Premium Paper,900.67,442.48,69.8,372.68
2024-05-20,Asia Pacific,Australia,Office Supplies,Desk Organizer,682.93,320.6,37.3,283.3
2025-11-16,South America,Chile,Technology,Laptop Pro,2401.18,832.91,99.59,733.32
2025-05-18,Europe,United Kingdom,Furniture,Executive Desk,6025.04,2591.65,451.45,2140.2
2024-06-17,South America,Brazil,Technology,Laptop Pro,9194.41,4189.97,405.21,3784.77
2025-07-23,Asia Pacific,Singapore,Technology,Smartphone X,7664.63,2899.0,304.97,2594.03
2024-09-23,South America,Brazil,Furniture,Ergonomic Chair,4790.67,2132.89,375.52,1757.37
2025-11-18,South America,Brazil,Technology,Laptop Pro,895.77,436.99,60.14,376.85
2024-07-29,North America,Mexico,Furniture,Ergonomic Chair,8412.83,3999.99,625.35,3374.65
2024-11-06,Asia Pacific,Singapore,Technology,Smartphone X,5885.04,2797.0,250.8,2546.2
2025-06-07,Europe,United Kingdom,Technology,Smartphone X,8381.08,3933.84,337.91,3595.93
2025-02-01,Asia Pacific,Singapore,Office Supplies,Office Chair,9247.78,3993.78,553.36,3440.42
2025-11-14,North America,United States,Furniture,Executive Desk,8901.92,4351.85,542.7,3809.15
2024-01-12,Asia Pacific,India,Office Supplies,Desk Organizer,4123.5,1745.03,156.59,1588.44
2024-02-24,Asia Pacific,Japan,Furniture,Conference Table,9723.93,4472.21,472.98,3999.23
2024-10-13,South America,Chile,Technology,Business Tablet,7819.22,3752.29,352.67,3399.63
2024-09-26,South America,Brazil,Technology,Laptop Pro,8862.76,4241.15,343.25,3897.9
2024-04-25,Europe,France,Office Supplies,Printer,3065.63,1408.4,165.5,1242.9
2025-12-09,North America,United States,Technology,Cloud Server,6941.18,2494.35,380.87,2113.48
2025-04-21,South America,Brazil,Technology,Laptop Pro,6737.8,3488.38,497.38,2991.01
2025-12-27,Asia Pacific,Singapore,Technology,Business Tablet,731.92,303.3,53.87,249.43
2024-08-28,South America,Brazil,Furniture,Executive Desk,8798.45,4197.53,455.47,3742.06
2025-12-20,South America,Brazil,Furniture,Executive Desk,3221.91,1165.13,155.83,1009.3
2025-04-28,North America,Canada,Furniture,Ergonomic Chair,7398.89,3160.44,340.61,2819.83
2025-10-16,Asia Pacific,Singapore,Technology,Cloud Server,4035.04,2081.65,275.86,1805.79
2024-05-31,South America,Chile,Furniture,Storage Cabinet,3923.12,1666.79,235.81,1430.98
2024-05-20,Asia Pacific,Australia,Furniture,Storage Cabinet,4782.3,2127.64,306.15,1821.49
2024-02-13,Asia Pacific,Japan,Furniture,Ergonomic Chair,5632.0,2606.34,213.85,2392.48
2025-08-10,North America,United States,Furniture,Storage Cabinet,1276.56,508.63,45.44,463.2
2025-05-28,Europe,Spain,Technology,Laptop Pro,2919.81,1342.18,225.16,1117.02
2024-08-20,Asia Pacific,Singapore,Technology,Business Tablet,7452.62,3554.6,427.95,3126.65
2025-02-08,South America,Brazil,Furniture,Ergonomic Chair,7623.35,3678.78,605.28,3073.51
2024-08-19,South America,Brazil,Furniture,Conference Table,7303.92,3742.83,573.09,3169.74
2024-04-20,South America,Brazil,Technology,Business Tablet,2797.42,1208.99,199.35,1009.64
2025-07-08,Europe,France,Technology,Laptop Pro,795.43,284.32,31.25,253.08
2025-11-27,Europe,Germany,Office Supplies,Desk Organizer,9534.62,6313.53,1352.67,4960.86
2024-11-03,Asia Pacific,Singapore,Office Supplies,Office Chair,3385.97,1587.57,257.26,1330.31
2025-10-12,Europe,Italy,Technology,Cloud Server,3536.5,2437.15,435.08,2002.07
2025-07-05,Europe,Italy,Furniture,Ergonomic Chair,9516.66,4591.4,758.78,3832.62
2025-01-24,Europe,Italy,Technology,Cloud Server,2895.49,1031.02,122.39,908.63
2025-10-08,Europe,Italy,Office Supplies,Printer,2793.1,1836.77,409.55,1427.22
2025-04-07,North America,Mexico,Office Supplies,Premium Paper,597.79,234.57,43.72,190.85
2024-01-29,South America,Brazil,Furniture,Conference Table,4900.21,2224.59,242.11,1982.48
2025-07-02,Europe,United Kingdom,Furniture,Executive Desk,7133.06,3201.16,535.79,2665.37
2024-10-27,North America,United States,Office Supplies,Printer,4553.95,2192.5,357.16,1835.34
2024-03-19,North America,Canada,Office Supplies,Office Chair,554.08,269.67,38.97,230.7
2024-06-29,South America,Brazil,Office Supplies,Office Chair,2622.52,1282.45,155.2,1127.25
2025-05-20,North America,Mexico,Office Supplies,Premium Paper,1464.61,568.12,98.15,469.97
2025-09-11,Europe,Italy,Office Supplies,Printer,8046.2,3459.19,526.39,2932.81
2025-12-11,Asia Pacific,India,Office Supplies,Desk Organizer,818.6,352.45,53.29,299.15
2024-03-09,Europe,Germany,Office Supplies,Printer,5008.94,2094.88,211.18,1883.7
2024-05-20,Europe,Germany,Technology,Laptop Pro,5919.0,2675.4,309.59,2365.8
2025-07-13,Asia Pacific,Australia,Office Supplies,Premium Paper,9723.22,4448.81,574.7,3874.11
2024-04-28,Europe,France,Technology,Smartphone X,3353.26,1547.64,166.11,1381.53
2025-01-15,Europe,Spain,Technology,Laptop Pro,5483.35,2173.65,309.95,1863.7
2024-11-06,North America,Canada,Technology,Cloud Server,8111.64,3098.95,435.9,2663.05
2025-05-05,North America,United States,Technology,Cloud Server,5753.81,2686.97,419.65,2267.31
2024-03-13,North America,Mexico,Technology,Smartphone X,8681.26,3176.2,483.28,2692.92
2024-03-15,North America,United States,Furniture,Storage Cabinet,8477.82,3353.19,349.86,3003.34
2024-09-25,South America,Brazil,Office Supplies,Premium Paper,8771.35,3933.76,275.27,3658.48
2025-11-18,Asia Pacific,Singapore,Office Supplies,Office Chair,7611.78,2891.29,462.38,2428.91
2025-06-05,South America,Chile,Furniture,Conference Table,2792.74,1209.38,153.2,1056.18
2024-03-17,South America,Chile,Technology,Cloud Server,1130.17,437.72,84.29,353.43
2024-05-29,Europe,United Kingdom,Office Supplies,Desk Organizer,3167.92,1510.65,251.32,1259.33
2024-12-15,Asia Pacific,Australia,Office Supplies,Desk Organizer,5358.68,2312.12,394.17,1917.95
2025-12-05,North America,Canada,Office Supplies,Premium Paper,7068.53,3554.91,400.34,3154.57
2025-09-23,Europe,United Kingdom,Furniture,Ergonomic Chair,9374.53,4602.28,559.86,4042.42
2024-08-21,Asia Pacific,Australia,Technology,Smartphone X,3810.88,1590.05,271.67,1318.38
2025-06-14,South America,Argentina,Office Supplies,Desk Organizer,6862.0,2668.67,416.2,2252.47
2024-05-22,Asia Pacific,Japan,Furniture,Ergonomic Chair,7269.9,3076.32,292.42,2783.9
2025-04-18,North America,United States,Furniture,Ergonomic Chair,6566.66,2629.01,456.36,2172.65
2024-12-11,North America,Mexico,Office Supplies,Printer,2833.52,1179.28,123.36,1055.92
2025-08-04,South America,Chile,Office Supplies,Office Chair,2919.89,1013.29,105.76,907.52
2025-01-20,South America,Brazil,Technology,Smartphone X,8213.92,3227.86,449.73,2778.13
2025-07-17,Asia Pacific,Singapore,Technology,Business Tablet,984.43,436.34,77.85,358.49
2025-09-01,Europe,Italy,Office Supplies,Desk Organizer,3474.85,1240.89,125.6,1115.28
2024-02-25,Europe,Germany,Office Supplies,Premium Paper,5710.66,2338.26,395.14,1943.12
2025-12-04,South America,Brazil,Technology,Laptop Pro,593.63,244.49,36.34,208.15
2024-10-10,Asia Pacific,Singapore,Technology,Smartphone X,2594.16,1188.48,175.33,1013.15
2025-07-19,Asia Pacific,Japan,Technology,Laptop Pro,5760.25,2237.86,236.13,2001.73
2025-01-27,North America,Mexico,Furniture,Executive Desk,9567.5,3642.34,641.24,3001.1
2024-10-03,South America,Brazil,Technology,Smartphone X,8531.13,3294.05,451.94,2842.11
2024-06-18,North America,United States,Office Supplies,Premium Paper,530.1,239.84,27.44,212.4
2025-09-06,South America,Argentina,Technology,Smartphone X,1453.48,549.3,95.38,453.92
2025-03-29,North America,Mexico,Office Supplies,Desk Organizer,718.75,327.04,28.93,298.11
2025-11-20,South America,Argentina,Furniture,Ergonomic Chair,3559.76,1550.76,216.37,1334.39
2025-03-28,North America,Canada,Technology,Laptop Pro,6209.06,2817.19,303.52,2513.67
2025-02-17,North America,United States,Office Supplies,Printer,4348.47,1660.46,193.65,1466.8
2024-08-24,South America,Chile,Office Supplies,Premium Paper,7021.68,3137.08,437.27,2699.81
2024-03-07,South America,Chile,Technology,Cloud Server,5930.74,2283.05,184.0,2099.06
2025-03-22,South America,Argentina,Technology,Cloud Server,2921.79,1117.92,141.21,976.71
2024-09-23,South America,Brazil,Technology,Smartphone X,8609.65,3932.08,516.19,3415.89
2024-07-19,Europe,Italy,Office Supplies,Premium Paper,7726.75,3007.93,585.63,2422.3
2024-04-04,Europe,United Kingdom,Technology,Business Tablet,4804.46,2002.97,350.37,1652.6
2024-10-12,North America,United States,Office Supplies,Printer,2082.97,799.04,153.29,645.76
2025-09-27,Europe,Spain,Furniture,Conference Table,3238.31,1365.6,165.68,1199.91
2024-06-20,North America,United States,Technology,Laptop Pro,1140.13,440.19,80.79,359.4
2024-07-02,Europe,Italy,Furniture,Ergonomic Chair,7370.48,2944.62,564.63,2379.99
2024-09-08,Europe,United Kingdom,Technology,Business Tablet,5375.84,1926.34,296.88,1629.46
2024-02-28,South America,Brazil,Technology,Laptop Pro,4956.14,2324.81,208.64,2116.18
2025-09-15,Asia Pacific,Australia,Office Supplies,Office Chair,4821.97,2276.95,316.67,1960.28
2024-06-14,Europe,Germany,Office Supplies,Office Chair,505.45,221.92,35.35,186.57
2025-11-24,South America,Chile,Furniture,Storage Cabinet,8943.53,3866.83,557.79,3309.04
2025-06-16,Asia Pacific,Singapore,Office Supplies,Desk Organizer,2085.51,969.76,75.73,894.04
2024-02-07,North America,United States,Furniture,Ergonomic Chair,8498.49,3335.99,639.16,2696.83
2025-01-26,South America,Argentina,Office Supplies,Premium Paper,3488.18,1257.86,107.44,1150.42
2025-03-21,North America,Canada,Furniture,Conference Table,6666.18,2583.28,281.48,2301.8
2024-01-17,North America,Canada,Office Supplies,Desk Organizer,4292.77,1955.41,208.54,1746.87
2024-07-28,South America,Brazil,Office Supplies,Premium Paper,2830.98,1086.62,175.52,911.1
2024-04-13,Asia Pacific,Australia,Technology,Business Tablet,4918.35,2068.93,308.24,1760.69
2025-03-19,Europe,Spain,Office Supplies,Printer,8300.4,3442.73,265.83,3176.9
2025-05-05,Europe,United Kingdom,Office Supplies,Office Chair,3448.25,1401.92,105.35,1296.57
2024-04-13,North America,Mexico,Furniture,Ergonomic Chair,1068.93,468.15,65.78,402.37
2025-01-15,Europe,Italy,Office Supplies,Printer,8085.86,3477.99,493.95,2984.04
2024-10-18,Asia Pacific,India,Furniture,Executive Desk,8893.56,4139.46,459.53,3679.92
2025-06-10,Europe,Spain,Furniture,Executive Desk,9987.12,3937.27,711.44,3225.83
2024-12-04,South America,Chile,Furniture,Ergonomic Chair,1867.54,848.11,74.36,773.75
2025-09-23,South America,Argentina,Office Supplies,Office Chair,897.97,379.94,69.75,310.19
2024-07-18,South America,Chile,Technology,Cloud Server,8094.98,3916.52,415.64,3500.88
2025-08-04,Asia Pacific,Japan,Technology,Laptop Pro,2052.22,763.39,136.19,627.2
2024-03-08,North America,Canada,Technology,Cloud Server,1585.25,746.65,111.89,634.75
2024-12-16,Asia Pacific,Singapore,Office Supplies,Printer,6499.48,2513.74,245.55,2268.19
2025-11-29,Asia Pacific,Japan,Technology,Laptop Pro,4621.8,1931.1,355.86,1575.24
2024-11-03,South America,Chile,Office Supplies,Premium Paper,9544.95,3991.77,698.27,3293.5
2024-04-19,North America,Mexico,Technology,Smartphone X,8867.09,3658.29,667.33,2990.96
2024-04-10,Asia Pacific,Singapore,Furniture,Storage Cabinet,4483.27,1720.4,152.68,1567.72
2024-06-15,South America,Chile,Technology,Business Tablet,9298.18,3336.48,467.66,2868.82
2025-03-18,North America,Canada,Office Supplies,Premium Paper,3670.97,1471.9,166.66,1305.24
2025-05-13,South America,Argentina,Furniture,Conference Table,4350.52,2052.32,192.83,1859.49
2025-09-17,North America,Canada,Technology,Business Tablet,6137.74,2841.85,215.02,2626.83
2024-03-25,Europe,France,Furniture,Storage Cabinet,5180.16,2032.44,406.66,1625.78
2025-12-15,North America,United States,Technology,Cloud Server,2186.94,873.04,173.17,699.87
2025-01-10,Asia Pacific,India,Technology,Smartphone X,8982.36,3426.49,286.96,3139.53
2025-08-19,Europe,Germany,Furniture,Executive Desk,8303.58,3050.19,319.66,2730.53
2025-02-04,South America,Brazil,Office Supplies,Printer,6346.63,2859.18,454.36,2404.82
2024-10-18,North America,United States,Office Supplies,Printer,1995.24,942.06,111.22,830.84
2025-05-23,North America,Mexico,Office Supplies,Premium Paper,4237.24,1648.03,161.61,1486.42
2025-04-29,South America,Argentina,Furniture,Ergonomic Chair,3289.71,1499.79,164.67,1335.12
2024-08-28,Asia Pacific,Australia,Technology,Smartphone X,4882.22,2135.12,155.45,1979.67
2024-03-01,Europe,France,Technology,Cloud Server,1698.04,768.43,74.92,693.51
2024-12-06,Asia Pacific,Japan,Furniture,Storage Cabinet,4635.68,1764.38,288.41,1475.97
2025-11-18,Asia Pacific,Japan,Office Supplies,Premium Paper,3959.99,1607.25,187.13,1420.13
2024-02-20,Europe,United Kingdom,Office Supplies,Office Chair,8218.93,3680.87,643.77,3037.1
2025-12-27,Asia Pacific,Singapore,Technology,Business Tablet,7580.17,3555.31,476.95,3078.37
2025-08-03,North America,United States,Technology,Business Tablet,4450.11,2013.46,353.42,1660.04
2024-05-31,Europe,France,Technology,Cloud Server,9592.09,4816.53,633.45,4183.07
2025-03-03,Europe,Germany,Furniture,Ergonomic Chair,7257.97,3401.68,353.11,3048.57
2024-01-03,Europe,Italy,Furniture,Conference Table,2505.09,1034.13,157.65,876.48
2025-06-01,Asia Pacific,Singapore,Furniture,Conference Table,4631.91,2373.79,324.3,2049.49
2025-04-10,Asia Pacific,Singapore,Technology,Business Tablet,3659.75,1546.07,224.53,1321.54
2024-03-05,South America,Argentina,Office Supplies,Office Chair,9269.35,4322.9,381.39,3941.52
2024-09-28,Asia Pacific,India,Technology,Business Tablet,4250.72,1454.19,176.24,1277.95
2024-08-15,South America,Brazil,Office Supplies,Premium Paper,4585.1,2356.35,321.51,2034.85
2024-10-07,South America,Brazil,Furniture,Ergonomic Chair,7804.56,3545.84,427.94,3117.9
2025-08-17,North America,Mexico,Furniture,Ergonomic Chair,7906.91,3989.56,603.15,3386.41
2025-02-02,Asia Pacific,Japan,Furniture,Conference Table,635.01,260.9,29.49,231.41
2024-09-08,South America,Brazil,Technology,Smartphone X,9345.28,4187.65,359.34,3828.32
2024-10-26,Asia Pacific,Singapore,Technology,Cloud Server,2438.89,876.7,85.07,791.63
2024-10-22,Asia Pacific,India,Technology,Smartphone X,8795.6,4029.45,265.33,3764.12
2024-09-02,Europe,United Kingdom,Technology,Laptop Pro,7766.55,3150.52,427.34,2723.18
2025-07-01,South America,Chile,Technology,Cloud Server,6845.98,2573.46,233.88,2339.58
2024-04-04,Asia Pacific,Japan,Office Supplies,Office Chair,5680.39,2092.96,175.59,1917.37
2025-09-27,Europe,Germany,Technology,Smartphone X,3749.96,1660.44,241.78,1418.66
2024-07-17,South America,Chile,Office Supplies,Premium Paper,3731.72,1590.57,253.15,1337.42
2024-04-16,South America,Brazil,Technology,Smartphone X,6400.21,2763.81,379.65,2384.16
2025-12-15,Europe,France,Furniture,Storage Cabinet,5795.85,3888.35,892.55,2995.8
2024-02-07,South America,Brazil,Technology,Business Tablet,662.65,297.08,32.22,264.85
2024-12-12,South America,Chile,Technology,Business Tablet,8689.07,3344.73,626.93,2717.8
2025-08-31,Europe,Spain,Technology,Cloud Server,5196.28,2679.8,344.49,2335.31
2024-12-14,Europe,Spain,Technology,Business Tablet,2837.36,1225.3,145.51,1079.79
2024-02-09,Europe,Germany,Office Supplies,Office Chair,7111.11,3572.04,568.63,3003.41
2024-10-14,Asia Pacific,Singapore,Technology,Business Tablet,1213.56,474.8,54.6,420.2
2024-01-24,Europe,United Kingdom,Office Supplies,Office Chair,7262.1,3681.86,556.06,3125.79
2025-09-09,Europe,United Kingdom,Technology,Laptop Pro,9759.07,4500.06,448.09,4051.96
2024-05-06,North America,Mexico,Technology,Laptop Pro,2699.43,1116.35,194.56,921.79
2025-07-17,Europe,Spain,Furniture,Ergonomic Chair,9110.03,3951.08,319.05,3632.03
2025-02-17,Europe,United Kingdom,Office Supplies,Premium Paper,6750.03,2517.49,220.07,2297.42
2024-03-11,Europe,Spain,Technology,Laptop Pro,8968.32,3379.75,632.04,2747.7
2025-02-19,Europe,United Kingdom,Technology,Smartphone X,1279.08,495.88,79.85,416.03
2025-08-05,Europe,Germany,Office Supplies,Office Chair,7423.11,2864.52,496.55,2367.97
2025-11-29,North America,Canada,Technology,Business Tablet,5978.56,2879.09,431.01,2448.09
2025-05-19,North America,United States,Office Supplies,Office Chair,6325.95,2717.11,450.73,2266.37
2024-10-26,Asia Pacific,Japan,Office Supplies,Desk Organizer,9152.09,3529.05,388.52,3140.53
2024-05-07,South America,Argentina,Furniture,Storage Cabinet,513.8,193.56,30.59,162.97
2024-09-16,North America,Mexico,Technology,Laptop Pro,9688.16,3903.07,635.09,3267.98
2024-08-24,North America,Mexico,Technology,Laptop Pro,6998.65,2525.47,286.29,2239.18
2024-04-25,Europe,France,Furniture,Executive Desk,8384.72,2829.1,296.38,2532.72
2024-07-30,South America,Brazil,Technology,Laptop Pro,8753.61,3495.52,442.55,3052.97
2025-11-06,Asia Pacific,Singapore,Furniture,Conference Table,8648.68,3211.67,427.77,2783.9
2024-07-11,North America,Canada,Office Supplies,Printer,4655.78,1813.34,240.54,1572.8
2024-06-11,Europe,Germany,Furniture,Storage Cabinet,5480.68,2006.46,194.68,1811.78
2024-10-21,North America,Canada,Office Supplies,Office Chair,4548.45,1689.07,315.14,1373.93
2025-06-26,Europe,Spain,Office Supplies,Printer,3380.36,1263.22,135.37,1127.85
2024-10-09,South America,Argentina,Office Supplies,Office Chair,5063.33,2037.45,185.69,1851.76
2024-08-28,South America,Argentina,Technology,Smartphone X,1543.33,716.55,86.58,629.97
2025-12-07,Europe,United Kingdom,Furniture,Ergonomic Chair,7590.83,5184.19,868.95,4315.24
2024-10-16,Asia Pacific,Japan,Furniture,Conference Table,6461.43,3080.72,194.93,2885.79
2024-01-21,Asia Pacific,Singapore,Furniture,Ergonomic Chair,513.87,187.27,18.2,169.07
2024-11-09,South America,Argentina,Furniture,Ergonomic Chair,6068.83,2778.42,385.32,2393.1
2025-09-08,Asia Pacific,India,Office Supplies,Desk Organizer,6433.88,3086.81,297.48,2789.34
2024-12-10,Asia Pacific,Singapore,Technology,Business Tablet,5184.93,2191.9,301.36,1890.55
2025-12-07,Europe,Germany,Furniture,Conference Table,2697.39,1836.9,430.93,1405.98
2024-03-15,Europe,Spain,Office Supplies,Office Chair,2596.96,988.72,126.07,862.66
2024-02-07,Asia Pacific,India,Furniture,Storage Cabinet,1642.64,659.51,97.62,561.88
2025-04-05,North America,United States,Office Supplies,Office Chair,6311.85,2250.44,268.35,1982.09
2025-09-04,North America,United States,Office Supplies,Printer,5640.21,2613.61,365.45,2248.16
2024-01-07,South America,Brazil,Office Supplies,Printer,1450.89,605.05,60.16,544.89
2025-08-12,Asia Pacific,India,Office Supplies,Printer,9379.22,4415.86,542.25,3873.61
2024-06-17,Europe,Germany,Furniture,Executive Desk,6839.34,2735.72,486.38,2249.33
2024-08-27,Europe,France,Technology,Smartphone X,2377.62,897.11,78.61,818.5
2025-04-05,North America,Mexico,Technology,Laptop Pro,1619.82,772.73,65.13,707.6
2025-10-04,Asia Pacific,Singapore,Technology,Laptop Pro,8419.39,3138.45,411.74,2726.71
2024-06-24,Asia Pacific,India,Furniture,Conference Table,7002.18,3286.55,248.06,3038.49
2024-06-10,North America,United States,Technology,Cloud Server,1530.18,619.75,108.08,511.67
2024-09-29,Asia Pacific,Singapore,Technology,Smartphone X,9559.37,4055.85,578.8,3477.06
2025-03-31,Asia Pacific,Australia,Office Supplies,Office Chair,9299.02,4570.71,667.49,3903.22
2024-07-19,South America,Argentina,Office Supplies,Desk Organizer,9308.85,4347.01,332.95,4014.06
2025-12-12,North America,United States,Technology,Laptop Pro,5820.62,2454.4,363.69,2090.71
2025-12-30,North America,United States,Furniture,Conference Table,5620.74,2085.81,204.15,1881.66
2024-02-21,Europe,France,Furniture,Executive Desk,3721.56,1576.52,159.96,1416.56
2024-12-06,North America,United States,Technology,Cloud Server,5159.83,2387.3,190.84,2196.46
2024-08-13,Europe,Spain,Technology,Cloud Server,1178.63,548.62,67.58,481.04
2024-11-25,South America,Brazil,Furniture,Ergonomic Chair,9931.14,3796.75,314.37,3482.38
2024-01-12,Europe,Germany,Furniture,Executive Desk,1294.52,507.26,86.88,420.38
2025-10-14,Europe,Germany,Furniture,Conference Table,5067.41,3589.16,703.62,2885.53
2024-02-28,Europe,France,Office Supplies,Printer,4100.93,1611.61,310.49,1301.12
2025-10-23,Asia Pacific,Australia,Office Supplies,Office Chair,1307.88,630.31,78.5,551.81
2025-08-13,South America,Argentina,Office Supplies,Premium Paper,1930.48,903.66,85.81,817.85
2025-09-28,Europe,United Kingdom,Office Supplies,Desk Organizer,883.64,350.38,27.67,322.71
2025-09-05,Europe,Germany,Furniture,Ergonomic Chair,8915.03,3731.1,551.25,3179.85
2024-03-31,Asia Pacific,Australia,Furniture,Conference Table,4349.24,1853.82,181.76,1672.07
2024-06-01,Asia Pacific,Japan,Office Supplies,Printer,6782.58,2889.45,482.1,2407.35
2025-08-13,South America,Chile,Technology,Laptop Pro,6437.66,2242.57,260.05,1982.51
2025-02-24,South America,Chile,Office Supplies,Premium Paper,7837.48,3875.22,608.62,3266.6
2025-06-22,North America,United States,Technology,Laptop Pro,3044.2,1044.67,109.96,934.72
2025-02-05,Asia Pacific,India,Furniture,Executive Desk,2985.27,1457.11,233.17,1223.94
2025-10-21,North America,Mexico,Office Supplies,Desk Organizer,8864.31,3342.24,351.85,2990.4
2024-07-11,Europe,Italy,Office Supplies,Office Chair,1971.18,738.53,127.8,610.73
2025-09-25,Asia Pacific,Japan,Furniture,Ergonomic Chair,4372.59,1600.04,184.24,1415.8
2025-03-05,North America,Canada,Furniture,Storage Cabinet,2531.81,1051.59,174.48,877.11
2024-03-25,South America,Brazil,Office Supplies,Printer,9481.8,4101.62,358.73,3742.89
2025-01-17,Asia Pacific,India,Technology,Cloud Server,7992.26,3649.43,387.24,3262.19
2025-07-10,North America,Canada,Technology,Laptop Pro,6852.31,2849.61,311.0,2538.61
2024-10-13,Asia Pacific,India,Technology,Laptop Pro,3999.53,1753.64,220.17,1533.47
2024-07-01,Asia Pacific,Australia,Furniture,Conference Table,4923.99,2254.4,162.87,2091.53
2025-12-05,Asia Pacific,India,Office Supplies,Premium Paper,9934.7,3814.31,399.69,3414.62
2024-08-09,North America,Canada,Technology,Business Tablet,6077.65,2848.18,219.46,2628.72
2024-08-15,North America,United States,Technology,Laptop Pro,7257.4,3059.24,386.98,2672.26
2024-05-06,Europe,Spain,Technology,Smartphone X,6136.52,2666.51,244.84,2421.66
2024-08-09,North America,Canada,Furniture,Ergonomic Chair,9994.71,3560.26,503.06,3057.2
2024-02-05,Europe,Germany,Furniture,Storage Cabinet,7704.78,3071.0,381.13,2689.86
2025-04-17,South America,Chile,Furniture,Executive Desk,601.38,239.8,42.71,197.09
2024-01-31,Europe,United Kingdom,Office Supplies,Premium Paper,5722.53,2757.3,321.57,2435.73
2024-01-14,North America,Mexico,Office Supplies,Printer,4986.59,2237.08,215.39,2021.69
2024-10-17,Europe,Italy,Technology,Smartphone X,4221.73,1852.29,199.64,1652.64
2024-02-29,Europe,United Kingdom,Furniture,Executive Desk,8180.88,4029.83,506.92,3522.9
2025-08-11,Asia Pacific,India,Furniture,Ergonomic Chair,2645.52,1093.7,142.51,951.2
2024-01-28,North America,Canada,Technology,Smartphone X,8241.99,3003.64,336.1,2667.53
2025-09-08,North America,United States,Technology,Cloud Server,3112.69,1196.8,105.32,1091.48
2024-09-18,Europe,United Kingdom,Technology,Cloud Server,9436.34,3347.73,456.17,2891.56
2024-01-22,Asia Pacific,Japan,Office Supplies,Desk Organizer,4572.36,2341.65,307.21,2034.44
2025-06-15,Europe,Germany,Furniture,Conference Table,4551.9,2293.81,350.23,1943.57
2024-07-16,Europe,Spain,Technology,Business Tablet,4210.6,1966.77,144.92,1821.85
2024-01-28,South America,Brazil,Furniture,Storage Cabinet,1190.45,573.43,48.38,525.04
2024-06-28,North America,Canada,Office Supplies,Printer,994.49,419.66,57.2,362.46
2025-03-22,Europe,Italy,Furniture,Storage Cabinet,4532.5,2081.9,340.49,1741.41
2025-09-28,North America,Mexico,Office Supplies,Printer,7621.8,2653.58,320.92,2332.66
2025-07-21,Europe,Spain,Office Supplies,Office Chair,3754.79,1534.79,274.63,1260.16
2025-07-17,North America,Canada,Technology,Smartphone X,2720.6,1149.01,180.08,968.93
2024-02-24,Europe,United Kingdom,Office Supplies,Premium Paper,6253.98,2223.51,302.77,1920.75
2025-08-01,Europe,United Kingdom,Office Supplies,Office Chair,9382.14,4314.41,494.02,3820.39
2024-09-18,North America,Canada,Furniture,Storage Cabinet,7782.97,3383.26,379.76,3003.5
2025-11-03,Asia Pacific,Singapore,Technology,Business Tablet,1879.22,895.44,110.81,784.63
2025-10-14,North America,United States,Office Supplies,Premium Paper,3296.87,1616.16,245.18,1370.99
2025-08-06,North America,United States,Technology,Laptop Pro,2257.07,1101.49,160.18,941.31
2024-10-28,North America,Canada,Office Supplies,Premium Paper,4374.28,2119.13,347.76,1771.37
2025-04-29,North America,Canada,Furniture,Executive Desk,4843.22,2117.63,361.21,1756.42
2025-10-19,South America,Brazil,Furniture,Conference Table,3440.27,1746.54,227.81,1518.72
2025-06-16,North America,Canada,Furniture,Ergonomic Chair,6676.8,3276.9,373.97,2902.93
2025-11-04,Europe,United Kingdom,Technology,Business Tablet,9620.2,6118.01,1363.26,4754.74
2025-09-16,South America,Argentina,Technology,Smartphone X,4359.19,2056.19,249.45,1806.74
2024-05-30,South America,Chile,Office Supplies,Premium Paper,7944.21,3227.57,388.59,2838.98
2025-02-20,Europe,France,Technology,Cloud Server,8183.05,3160.86,585.34,2575.52
2024-05-29,North America,Mexico,Office Supplies,Printer,9814.5,4467.17,418.06,4049.1
2024-07-15,Asia Pacific,Singapore,Furniture,Conference Table,2785.71,1295.3,126.85,1168.45
2025-06-05,Asia Pacific,India,Technology,Smartphone X,5044.96,1835.79,152.99,1682.8
2025-06-10,South America,Chile,Office Supplies,Desk Organizer,1094.75,415.96,78.48,337.48
2025-01-31,North America,United States,Technology,Smartphone X,8235.98,3530.77,646.32,2884.46
2024-01-27,Europe,Germany,Office Supplies,Premium Paper,6314.64,2440.85,281.96,2158.89
2025-09-13,Europe,United Kingdom,Technology,Cloud Server,4374.01,1697.36,268.9,1428.46
2024-07-19,South America,Chile,Office Supplies,Office Chair,977.84,407.89,60.5,347.38
2024-10-03,Europe,Italy,Office Supplies,Desk Organizer,6188.94,2423.09,203.67,2219.42
2025-04-04,North America,Mexico,Office Supplies,Desk Organizer,6878.24,3003.55,324.84,2678.71
2025-07-22,Europe,Italy,Furniture,Storage Cabinet,9266.87,4796.19,733.0,4063.18
2025-08-01,Europe,United Kingdom,Technology,Cloud Server,9397.46,4175.62,405.41,3770.21
2024-07-18,North America,United States,Office Supplies,Office Chair,1347.28,534.15,103.16,430.99
2025-01-01,North America,United States,Office Supplies,Desk Organizer,1532.78,637.12,52.05,585.07
2024-01-11,North America,United States,Furniture,Executive Desk,1246.65,465.62,61.08,404.55
2024-08-12,South America,Brazil,Furniture,Ergonomic Chair,1757.38,761.01,103.11,657.9
2024-12-19,South America,Brazil,Technology,Smartphone X,4751.15,2332.67,272.05,2060.62
2024-11-10,Asia Pacific,India,Furniture,Conference Table,8713.3,3358.94,322.76,3036.18
2025-02-09,Asia Pacific,India,Technology,Cloud Server,3116.22,1530.27,130.34,1399.93
2024-07-28,Asia Pacific,India,Office Supplies,Desk Organizer,5574.73,2867.67,419.51,2448.16
2025-05-26,North America,United States,Technology,Laptop Pro,8422.6,3956.67,622.51,3334.17
2025-08-26,North America,United States,Furniture,Conference Table,2980.43,1462.14,151.98,1310.16
2025-08-09,Asia Pacific,Singapore,Furniture,Storage Cabinet,2721.71,1184.54,194.1,990.44
2025-07-06,North America,United States,Furniture,Conference Table,5663.36,2830.6,285.55,2545.04
2024-12-12,North America,Mexico,Office Supplies,Premium Paper,5181.85,2397.4,296.56,2100.84
2025-10-13,South America,Argentina,Furniture,Executive Desk,4808.95,2188.79,241.09,1947.71
2025-05-23,North America,Canada,Furniture,Conference Table,8670.96,3212.99,591.59,2621.4
2025-01-20,North America,United States,Furniture,Conference Table,2214.27,975.99,102.73,873.26
2024-06-12,Europe,Italy,Furniture,Ergonomic Chair,640.91,275.4,50.92,224.48
2024-04-17,Asia Pacific,Singapore,Furniture,Conference Table,7458.65,3333.5,510.95,2822.54
2024-06-27,Europe,Spain,Technology,Business Tablet,5894.74,3024.51,399.36,2625.15
2024-02-10,Asia Pacific,Japan,Office Supplies,Printer,7941.82,4033.38,616.72,3416.66
2024-05-09,Europe,United Kingdom,Technology,Smartphone X,6791.98,3124.94,534.87,2590.07
2025-09-04,Asia Pacific,Australia,Furniture,Conference Table,3332.3,1543.34,240.95,1302.39
2025-09-16,Europe,Germany,Office Supplies,Printer,4792.7,2083.62,253.51,1830.11
2024-02-06,South America,Brazil,Office Supplies,Office Chair,2735.17,1186.99,143.27,1043.73
2025-05-04,North America,Mexico,Furniture,Conference Table,749.07,326.66,32.77,293.89
2024-03-20,Europe,Italy,Office Supplies,Desk Organizer,4152.51,1593.19,254.06,1339.13
2025-03-22,South America,Chile,Technology,Smartphone X,3541.1,1562.39,193.68,1368.71
2024-02-09,Asia Pacific,India,Office Supplies,Office Chair,6982.22,3262.76,338.18,2924.58
2025-12-13,Asia Pacific,India,Furniture,Ergonomic Chair,7677.89,3262.39,509.69,2752.7
2024-12-05,South America,Chile,Technology,Laptop Pro,6893.61,2758.66,516.94,2241.72
2024-06-29,Asia Pacific,Australia,Office Supplies,Printer,2234.28,964.25,118.49,845.76
2025-02-07,North America,United States,Office Supplies,Printer,2264.04,938.62,175.65,762.97
2025-11-30,Asia Pacific,Singapore,Technology,Smartphone X,5688.73,2809.42,333.53,2475.89
2024-04-15,Asia Pacific,Singapore,Technology,Business Tablet,1256.27,563.4,58.28,505.12
2025-06-29,Asia Pacific,Singapore,Technology,Business Tablet,4196.23,2030.5,161.94,1868.56
2025-08-26,North America,Mexico,Technology,Business Tablet,5532.54,2576.81,268.34,2308.47
2024-08-16,Europe,Spain,Furniture,Storage Cabinet,4007.7,1467.38,249.64,1217.74
2025-06-15,Asia Pacific,Singapore,Furniture,Ergonomic Chair,648.51,261.0,35.27,225.72
2025-11-27,Asia Pacific,Australia,Technology,Laptop Pro,2344.52,1008.65,84.4,924.25
2025-11-22,Europe,Germany,Office Supplies,Desk Organizer,2065.74,1296.3,235.83,1060.47
2024-02-08,Europe,United Kingdom,Technology,Cloud Server,3422.01,1373.84,180.28,1193.55
2024-11-30,Asia Pacific,Japan,Technology,Smartphone X,7424.86,3186.91,551.7,2635.21
2025-03-05,South America,Chile,Furniture,Executive Desk,2762.41,1205.83,200.49,1005.34
2024-02-16,Europe,Spain,Office Supplies,Office Chair,7122.7,3076.66,252.54,2824.13
2024-03-30,Europe,United Kingdom,Technology,Cloud Server,4137.86,1900.36,330.53,1569.83
2025-12-13,South America,Chile,Technology,Smartphone X,7698.77,2687.32,369.92,2317.4
2024-08-28,Asia Pacific,Singapore,Technology,Smartphone X,9384.15,4309.72,709.86,3599.86
2025-03-14,South America,Brazil,Office Supplies,Desk Organizer,8026.81,3367.87,418.28,2949.59
2024-11-01,North America,United States,Office Supplies,Printer,5346.98,2791.83,399.2,2392.63
2024-10-13,Asia Pacific,Singapore,Office Supplies,Printer,7982.27,3756.76,354.43,3402.33
2025-05-29,North America,Canada,Furniture,Executive Desk,9692.53,4587.16,498.25,4088.92
2024-12-06,Europe,France,Technology,Laptop Pro,907.31,425.41,44.12,381.29
2024-08-23,North America,United States,Technology,Smartphone X,6605.18,3325.26,525.51,2799.75
2024-04-28,Asia Pacific,Australia,Technology,Smartphone X,552.91,211.59,17.52,194.07
2024-07-27,South America,Chile,Furniture,Conference Table,6978.95,2699.49,308.6,2390.89
2025-06-16,South America,Argentina,Furniture,Storage Cabinet,1868.69,951.13,120.56,830.57
2024-08-15,South America,Argentina,Furniture,Storage Cabinet,7333.93,2893.71,371.57,2522.14
2024-01-07,North America,Canada,Furniture,Conference Table,9232.79,3883.98,715.4,3168.57
2024-03-12,North America,United States,Furniture,Executive Desk,7501.94,2713.52,248.66,2464.86
2024-07-23,North America,Mexico,Technology,Business Tablet,6428.64,2415.64,430.17,1985.47
2024-04-02,North America,Canada,Office Supplies,Desk Organizer,2021.43,931.46,107.46,824.0
2024-01-25,North America,Canada,Office Supplies,Premium Paper,6818.99,2492.85,266.17,2226.68
2024-12-24,South America,Argentina,Office Supplies,Printer,7594.85,3158.43,466.22,2692.21
2025-05-10,North America,Canada,Technology,Laptop Pro,3591.63,1610.26,199.5,1410.76
2025-11-16,South America,Argentina,Furniture,Conference Table,7430.78,3093.75,427.04,2666.72
2024-07-05,South America,Brazil,Furniture,Storage Cabinet,2167.72,887.31,88.34,798.97
2025-03-29,North America,Mexico,Furniture,Conference Table,9588.56,4652.41,443.87,4208.54
2024-06-25,North America,Mexico,Furniture,Conference Table,7539.45,3845.13,586.32,3258.81
2025-03-13,Asia Pacific,India,Furniture,Ergonomic Chair,2744.58,1164.86,114.79,1050.07
2024-06-19,Asia Pacific,Australia,Furniture,Conference Table,7998.84,3882.34,456.0,3426.34
2024-11-23,Asia Pacific,Australia,Office Supplies,Premium Paper,5146.48,2385.63,344.07,2041.56
2025-05-19,North America,United States,Office Supplies,Printer,2847.79,995.49,132.8,862.69
2024-09-16,South America,Chile,Furniture,Executive Desk,2214.37,970.49,157.76,812.73
2025-08-19,South America,Brazil,Technology,Smartphone X,4681.35,1736.17,217.94,1518.22
2025-11-13,South America,Chile,Office Supplies,Premium Paper,2535.25,1209.47,179.69,1029.79
2024-05-21,North America,United States,Technology,Laptop Pro,8217.05,3679.93,287.0,3392.92
2025-01-08,South America,Chile,Furniture,Executive Desk,5705.81,2283.23,423.19,1860.04
2024-09-28,South America,Chile,Furniture,Storage Cabinet,5426.93,2357.1,317.18,2039.91
2024-12-23,North America,Mexico,Furniture,Ergonomic Chair,6839.81,2704.76,286.18,2418.59
2025-07-01,South America,Brazil,Technology,Smartphone X,664.7,324.71,27.79,296.92
2025-02-01,Europe,Spain,Furniture,Ergonomic Chair,1540.07,587.88,110.51,477.36
2024-06-15,North America,Mexico,Furniture,Executive Desk,716.99,273.35,42.2,231.14
2025-08-23,Asia Pacific,India,Technology,Business Tablet,2388.98,991.36,175.33,816.02
2025-06-07,North America,United States,Furniture,Conference Table,9160.72,4269.73,729.28,3540.46
2024-03-25,North America,Mexico,Furniture,Storage Cabinet,1382.83,667.04,51.52,615.51
2024-02-19,North America,Mexico,Technology,Laptop Pro,2468.83,943.22,158.84,784.38
2025-12-18,South America,Argentina,Office Supplies,Office Chair,1008.28,461.97,67.86,394.11
2024-04-01,Europe,Germany,Office Supplies,Desk Organizer,1492.8,700.25,47.91,652.34
2025-09-24,Europe,Italy,Technology,Business Tablet,6786.32,3439.49,461.45,2978.04
2024-09-11,North America,Mexico,Furniture,Conference Table,851.72,372.5,43.93,328.58
2024-12-11,North America,Mexico,Technology,Smartphone X,4825.76,2422.98,340.52,2082.46
2025-06-17,Europe,France,Office Supplies,Office Chair,1454.36,599.43,101.07,498.36
2025-11-30,South America,Chile,Furniture,Conference Table,9258.33,4516.2,544.59,3971.61
2024-11-30,North America,United States,Furniture,Ergonomic Chair,4067.98,1520.32,289.49,1230.84
2024-07-17,Asia Pacific,Australia,Furniture,Storage Cabinet,8476.64,3195.76,568.83,2626.93
2025-11-01,Europe,France,Furniture,Ergonomic Chair,1717.93,1009.35,181.81,827.54
2025-04-09,Europe,France,Office Supplies,Office Chair,4526.69,1811.51,209.73,1601.78
2025-01-10,South America,Argentina,Technology,Smartphone X,8540.25,3182.53,288.21,2894.32
2024-06-08,Europe,France,Office Supplies,Premium Paper,4513.37,1770.92,171.95,1598.97
2024-08-24,South America,Argentina,Technology,Smartphone X,6191.13,2322.73,408.26,1914.47
2024-03-28,South America,Argentina,Furniture,Executive Desk,4417.24,1733.76,322.46,1411.3
2025-06-27,Europe,United Kingdom,Office Supplies,Printer,9552.69,3799.29,706.22,3093.06
2025-10-08,Europe,France,Furniture,Ergonomic Chair,807.64,541.62,124.62,417.0
2025-05-23,South America,Argentina,Office Supplies,Printer,6417.61,2664.2,381.89,2282.32
2024-12-22,Asia Pacific,Australia,Office Supplies,Office Chair,9484.82,3886.61,683.66,3202.95
2024-05-20,Asia Pacific,Singapore,Office Supplies,Premium Paper,1550.32,700.28,106.13,594.15
2025-06-10,Europe,Germany,Technology,Laptop Pro,8157.92,3761.87,413.02,3348.85
2024-08-23,Europe,Italy,Office Supplies,Printer,7752.72,2725.79,295.33,2430.46
2025-06-12,Europe,Spain,Technology,Laptop Pro,8217.19,3721.71,430.48,3291.22
2024-05-31,Europe,Germany,Office Supplies,Premium Paper,4902.83,1772.11,157.49,1614.61
2025-04-08,Europe,France,Technology,Cloud Server,7269.9,3113.4,570.24,2543.16
2024-10-21,Asia Pacific,Australia,Office Supplies,Printer,2395.2,948.03,85.53,862.49
2024-07-20,Europe,Germany,Furniture,Storage Cabinet,2226.4,971.07,125.58,845.48
2024-12-29,South America,Argentina,Furniture,Storage Cabinet,6163.52,2555.73,247.95,2307.78
2025-07-28,Europe,United Kingdom,Technology,Smartphone X,6266.15,2468.74,441.72,2027.02
2025-03-26,Asia Pacific,Singapore,Office Supplies,Desk Organizer,8320.33,3087.65,493.04,2594.61
2025-06-21,North America,United States,Furniture,Storage Cabinet,680.32,239.43,29.46,209.97
2025-02-28,South America,Brazil,Office Supplies,Printer,6454.96,2176.16,215.53,1960.63
2024-04-29,Europe,Italy,Furniture,Storage Cabinet,6832.1,2468.19,291.16,2177.04
2024-01-21,Asia Pacific,Japan,Furniture,Executive Desk,8295.2,3728.15,539.16,3188.99
2025-12-25,Asia Pacific,India,Office Supplies,Office Chair,6843.24,3093.09,313.65,2779.45
2024-06-25,Europe,United Kingdom,Furniture,Executive Desk,8174.4,3401.78,584.52,2817.26
2025-05-23,South America,Chile,Furniture,Storage Cabinet,6569.38,2871.72,262.34,2609.38
2025-08-27,South America,Chile,Technology,Cloud Server,4131.1,1768.57,184.37,1584.2
2025-02-24,South America,Brazil,Technology,Smartphone X,5107.08,2538.9,277.06,2261.83
2025-08-07,Asia Pacific,Japan,Technology,Smartphone X,7740.85,3143.41,313.87,2829.54
2025-12-06,Asia Pacific,India,Furniture,Storage Cabinet,8166.63,3112.93,580.87,2532.06
2024-09-27,North America,Canada,Furniture,Conference Table,749.92,319.37,41.83,277.54
2025-07-07,North America,United States,Technology,Cloud Server,1021.76,395.44,64.64,330.8
2024-01-29,Asia Pacific,India,Furniture,Executive Desk,2734.5,1285.76,184.71,1101.05
2025-08-08,South America,Brazil,Technology,Laptop Pro,9772.11,4992.82,650.31,4342.51
2025-07-04,Asia Pacific,India,Technology,Cloud Server,8994.55,3440.68,332.01,3108.67
2024-05-03,South America,Argentina,Furniture,Conference Table,5925.33,2496.91,327.92,2168.99
2025-03-24,Europe,Spain,Technology,Laptop Pro,8212.77,3049.12,265.61,2783.51
2025-04-30,Asia Pacific,Singapore,Furniture,Executive Desk,8373.7,3068.29,330.31,2737.99
2025-07-30,Europe,United Kingdom,Furniture,Storage Cabinet,1369.29,590.7,46.83,543.87
2024-06-10,South America,Chile,Furniture,Ergonomic Chair,8018.9,3537.61,410.36,3127.25
2025-05-31,North America,Canada,Furniture,Storage Cabinet,5996.66,3156.45,458.81,2697.64
2025-05-03,Europe,United Kingdom,Technology,Business Tablet,2678.7,1052.52,201.53,850.99
2024-03-31,South America,Brazil,Office Supplies,Desk Organizer,918.2,456.4,57.04,399.36
2024-06-30,South America,Argentina,Furniture,Conference Table,3666.42,1437.08,129.61,1307.47
2025-04-16,South America,Brazil,Office Supplies,Premium Paper,8905.29,4488.57,579.74,3908.84
2024-10-16,South America,Argentina,Furniture,Conference Table,7343.37,3611.46,377.93,3233.53
2024-09-29,South America,Chile,Office Supplies,Office Chair,1115.22,401.24,64.73,336.51
2024-04-14,South America,Brazil,Technology,Business Tablet,6009.98,2391.91,369.71,2022.2
2024-10-08,North America,United States,Furniture,Conference Table,3026.22,1285.7,196.2,1089.5
2024-08-21,Europe,Italy,Technology,Business Tablet,4254.29,1710.55,337.69,1372.86
2025-06-23,South America,Chile,Furniture,Executive Desk,4536.69,1935.61,150.48,1785.12
2024-11-03,Europe,France,Technology,Smartphone X,3898.6,1845.24,233.86,1611.38
2024-06-16,North America,Mexico,Office Supplies,Premium Paper,2710.16,1142.73,136.54,1006.19
2024-01-01,Asia Pacific,Japan,Technology,Laptop Pro,9224.33,3724.18,512.43,3211.75
2025-02-14,Asia Pacific,India,Technology,Business Tablet,9111.08,3524.78,410.95,3113.83
2024-05-28,Asia Pacific,India,Furniture,Executive Desk,4574.72,2155.58,336.94,1818.65
2025-12-14,Asia Pacific,Australia,Technology,Cloud Server,4319.62,1629.61,292.79,1336.82
2025-05-10,Europe,Spain,Technology,Business Tablet,6148.2,2725.6,352.48,2373.11
2024-02-12,Europe,Italy,Office Supplies,Office Chair,1420.53,504.98,61.85,443.12
2025-06-13,Europe,France,Office Supplies,Office Chair,9231.61,4351.3,714.15,3637.15
2025-07-13,South America,Chile,Furniture,Conference Table,7139.37,3227.63,462.8,2764.83
2025-07-16,South America,Argentina,Furniture,Storage Cabinet,5888.6,2806.74,431.85,2374.89
2024-12-01,Asia Pacific,Australia,Office Supplies,Premium Paper,1551.14,710.69,102.56,608.13
2025-11-26,North America,United States,Furniture,Storage Cabinet,9949.5,4113.09,760.51,3352.58
2025-12-12,Europe,United Kingdom,Technology,Laptop Pro,5007.57,3197.17,679.83,2517.34
2025-07-22,South America,Brazil,Office Supplies,Printer,2861.25,1455.69,178.49,1277.2
2024-04-12,Asia Pacific,Australia,Office Supplies,Premium Paper,4100.34,1362.91,128.09,1234.82
2025-11-02,Asia Pacific,Japan,Office Supplies,Printer,2199.81,864.12,107.39,756.73
2025-01-19,Asia Pacific,Singapore,Office Supplies,Desk Organizer,4399.37,1763.36,227.84,1535.52
2024-06-14,Europe,United Kingdom,Office Supplies,Desk Organizer,8719.19,3711.4,454.75,3256.66
2025-07-04,Europe,Spain,Office Supplies,Printer,7796.05,3775.85,308.84,3467.01
2025-06-02,Europe,Italy,Technology,Smartphone X,8641.85,3676.04,604.47,3071.57
2025-01-25,North America,Mexico,Technology,Cloud Server,3696.82,1400.35,130.94,1269.41
2025-10-09,Asia Pacific,Australia,Technology,Laptop Pro,586.98,288.24,30.1,258.15
2024-07-10,Europe,France,Technology,Business Tablet,2219.92,1036.48,116.76,919.73
2025-05-04,South America,Argentina,Office Supplies,Office Chair,7756.18,3424.34,383.99,3040.35
2024-04-16,Europe,France,Office Supplies,Premium Paper,1376.85,701.09,99.94,601.14
2024-09-14,South America,Brazil,Technology,Laptop Pro,1529.3,714.83,120.97,593.86
2025-05-07,South America,Chile,Technology,Smartphone X,8808.88,3397.67,526.56,2871.11
2025-01-01,South America,Brazil,Office Supplies,Desk Organizer,1781.65,850.5,124.05,726.45
2024-06-17,South America,Brazil,Technology,Laptop Pro,9235.46,3365.94,521.23,2844.71
2024-08-22,South America,Argentina,Technology,Cloud Server,3784.33,1656.04,186.54,1469.5
2025-06-29,Europe,Italy,Furniture,Ergonomic Chair,9750.18,4326.73,472.15,3854.57
2024-09-28,North America,Canada,Technology,Laptop Pro,6881.62,3068.07,286.47,2781.6
2024-11-28,Asia Pacific,Australia,Office Supplies,Premium Paper,798.64,386.87,34.12,352.75
2025-10-30,Asia Pacific,Australia,Furniture,Storage Cabinet,3716.12,1344.07,148.05,1196.02
2024-03-19,Europe,France,Technology,Smartphone X,9379.22,4614.41,415.25,4199.16
2025-07-04,South America,Chile,Furniture,Executive Desk,4782.13,2319.73,238.66,2081.07
2024-07-30,North America,Mexico,Office Supplies,Office Chair,5148.21,1945.95,377.78,1568.17
2025-07-22,South America,Chile,Technology,Laptop Pro,9028.52,3464.02,276.55,3187.47
2025-07-09,Europe,Germany,Furniture,Storage Cabinet,9642.0,4500.42,412.16,4088.26
2025-10-12,North America,United States,Office Supplies,Office Chair,3587.5,1626.16,256.46,1369.7
2024-09-30,North America,Canada,Technology,Business Tablet,612.25,307.25,44.79,262.46
2025-10-11,Europe,Spain,Technology,Cloud Server,4685.15,2868.23,587.98,2280.24
2024-06-25,Asia Pacific,Australia,Office Supplies,Printer,2985.7,1300.03,212.86,1087.17
2024-08-03,Asia Pacific,India,Office Supplies,Office Chair,4778.2,2164.52,168.95,1995.58
2025-10-19,Asia Pacific,Japan,Furniture,Executive Desk,1897.29,803.67,104.57,699.1
2025-11-07,Asia Pacific,Singapore,Furniture,Storage Cabinet,9887.63,4429.41,680.47,3748.94
2025-12-08,Europe,United Kingdom,Office Supplies,Desk Organizer,5998.36,3805.29,761.58,3043.71
2024-05-20,Asia Pacific,Singapore,Technology,Laptop Pro,8197.13,4169.08,650.24,3518.84
2025-07-07,South America,Chile,Office Supplies,Office Chair,3044.1,1544.17,217.9,1326.27
2025-10-26,North America,Mexico,Office Supplies,Office Chair,5453.9,2210.78,379.69,1831.09
2024-06-03,Europe,Spain,Office Supplies,Premium Paper,4223.02,2110.34,325.95,1784.38
2025-08-03,North America,United States,Furniture,Executive Desk,7261.06,3079.86,294.83,2785.03
2024-05-29,Europe,Germany,Technology,Laptop Pro,2258.59,805.11,68.0,737.11
2024-03-05,South America,Argentina,Office Supplies,Desk Organizer,1588.84,781.55,88.02,693.54
2025-10-08,South America,Chile,Office Supplies,Premium Paper,606.44,216.69,27.15,189.54
2025-01-16,South America,Brazil,Office Supplies,Premium Paper,9214.06,3620.54,531.21,3089.33
2024-11-22,North America,Mexico,Technology,Laptop Pro,7968.6,3271.96,551.04,2720.91
2025-07-17,North America,United States,Office Supplies,Printer,4382.35,2161.31,200.8,1960.52
2025-11-23,Europe,Germany,Technology,Smartphone X,7466.68,5302.24,1157.04,4145.2
2024-01-04,Asia Pacific,Australia,Office Supplies,Desk Organizer,4656.58,1593.28,144.25,1449.03
2025-12-06,Europe,Italy,Office Supplies,Desk Organizer,4509.78,3155.49,698.87,2456.61
2024-11-02,Europe,Germany,Furniture,Conference Table,9874.42,3481.61,516.94,2964.67
2024-11-27,Europe,Italy,Furniture,Ergonomic Chair,7838.05,3343.36,440.03,2903.33
2024-01-16,Asia Pacific,Japan,Office Supplies,Desk Organizer,5708.23,2175.81,211.44,1964.37
2025-07-01,South America,Brazil,Office Supplies,Desk Organizer,7956.66,3470.62,453.5,3017.11
2025-07-25,Europe,Italy,Furniture,Storage Cabinet,7925.1,2713.78,249.89,2463.89
2025-08-28,South America,Brazil,Office Supplies,Desk Organizer,8516.98,3919.87,637.41,3282.46
2024-01-24,North America,United States,Technology,Laptop Pro,1760.66,880.99,120.08,760.92
2025-01-02,South America,Chile,Furniture,Conference Table,4111.33,1559.6,139.51,1420.09
2024-01-06,Asia Pacific,Japan,Technology,Cloud Server,3931.47,1789.41,308.92,1480.49
2024-04-30,South America,Argentina,Office Supplies,Printer,7207.63,3153.65,265.95,2887.7
2024-10-30,South America,Chile,Technology,Laptop Pro,1417.43,670.0,101.69,568.31
2025-07-18,North America,Canada,Technology,Cloud Server,9429.67,3811.59,366.36,3445.24
2024-05-24,South America,Argentina,Furniture,Executive Desk,4768.15,2363.84,353.23,2010.61
2024-09-27,Asia Pacific,Australia,Technology,Laptop Pro,8321.42,3300.89,371.82,2929.07
2025-05-12,Europe,United Kingdom,Office Supplies,Office Chair,527.42,223.11,19.15,203.95
2025-01-10,South America,Brazil,Furniture,Executive Desk,9411.92,3473.69,579.83,2893.86
2024-08-12,Asia Pacific,Singapore,Office Supplies,Premium Paper,4863.9,1792.31,178.99,1613.31
2025-04-26,North America,Mexico,Technology,Business Tablet,8930.53,4258.27,392.94,3865.33
2024-02-29,Europe,Italy,Furniture,Conference Table,2028.72,795.06,106.77,688.29
2024-04-02,North America,Canada,Technology,Cloud Server,9445.18,4324.93,723.14,3601.79
2025-01-17,Europe,Italy,Technology,Laptop Pro,7969.86,4012.98,494.72,3518.26
2024-03-01,Europe,Germany,Furniture,Ergonomic Chair,9759.88,4526.19,704.59,3821.61
2024-04-21,Europe,United Kingdom,Technology,Cloud Server,1268.27,633.13,85.22,547.91
2024-08-20,South America,Brazil,Furniture,Conference Table,2396.29,811.07,80.38,730.69
2025-03-16,Asia Pacific,India,Technology,Cloud Server,2936.04,1422.51,233.12,1189.39
2024-03-29,Asia Pacific,Australia,Furniture,Ergonomic Chair,2656.53,1239.94,185.62,1054.32
2025-06-18,South America,Argentina,Furniture,Conference Table,8719.44,3473.77,318.92,3154.86
2024-09-20,Asia Pacific,Singapore,Technology,Cloud Server,8445.16,3162.15,517.01,2645.14
2025-06-11,North America,Canada,Technology,Business Tablet,8203.9,3178.86,615.99,2562.87
2024-03-13,Europe,United Kingdom,Office Supplies,Premium Paper,1960.43,939.83,123.9,815.94
2025-02-16,North America,Mexico,Technology,Laptop Pro,4948.58,2093.53,388.67,1704.86
2025-01-03,South America,Argentina,Furniture,Conference Table,3705.25,1811.1,189.09,1622.01
2024-03-02,South America,Argentina,Furniture,Storage Cabinet,869.72,351.43,34.52,316.92
2025-07-15,North America,Mexico,Office Supplies,Printer,9344.01,4044.7,535.95,3508.74
2024-06-30,Asia Pacific,Japan,Office Supplies,Printer,4355.98,1537.91,141.01,1396.9
2024-12-08,Europe,Italy,Office Supplies,Printer,7194.54,2960.34,377.35,2582.99
2024-12-09,Asia Pacific,India,Office Supplies,Desk Organizer,2014.83,908.98,133.9,775.08
2024-01-10,Europe,Spain,Office Supplies,Printer,1517.83,666.33,98.65,567.68
2024-01-29,Europe,France,Technology,Laptop Pro,9969.42,4234.81,552.06,3682.75
2025-02-01,Europe,Spain,Furniture,Executive Desk,1852.08,900.16,120.77,779.39
2025-03-31,South America,Brazil,Furniture,Conference Table,2097.81,774.98,138.15,636.83
2025-01-14,North America,Canada,Office Supplies,Premium Paper,6984.59,3662.58,521.39,3141.19
2025-11-13,North America,United States,Office Supplies,Printer,7956.87,3842.23,380.87,3461.36
2024-03-01,Europe,France,Office Supplies,Premium Paper,1249.93,446.7,50.91,395.79
2024-07-06,Asia Pacific,Australia,Office Supplies,Printer,803.91,337.78,62.54,275.24
2025-05-19,Europe,Italy,Furniture,Conference Table,8522.99,3640.1,490.39,3149.71
2024-12-28,Asia Pacific,India,Technology,Laptop Pro,957.37,470.81,42.5,428.31
2025-11-24,North America,Canada,Furniture,Executive Desk,2431.0,1143.82,87.34,1056.49
2024-10-11,Asia Pacific,Japan,Technology,Smartphone X,4569.88,2014.9,296.75,1718.15
2024-10-18,Europe,Germany,Furniture,Ergonomic Chair,6455.18,3319.57,502.02,2817.55
2025-10-31,Asia Pacific,Japan,Furniture,Ergonomic Chair,3788.03,1848.45,285.86,1562.59
2025-12-03,Asia Pacific,Japan,Technology,Business Tablet,4185.26,1487.3,210.84,1276.46
2025-05-13,Europe,Germany,Office Supplies,Desk Organizer,9457.59,4669.21,542.63,4126.58
2024-03-16,South America,Chile,Office Supplies,Desk Organizer,2996.3,1472.73,224.04,1248.69
2025-05-05,Asia Pacific,Japan,Furniture,Conference Table,6791.02,2920.07,301.85,2618.22
2025-08-17,Asia Pacific,Japan,Technology,Laptop Pro,4229.99,1847.28,287.38,1559.9
2024-06-09,Asia Pacific,Australia,Technology,Smartphone X,2026.46,775.61,61.91,713.7
2025-05-20,North America,Canada,Office Supplies,Printer,1735.07,699.18,76.85,622.33
2025-04-15,Asia Pacific,Japan,Furniture,Executive Desk,6463.5,2959.36,378.98,2580.38
2024-06-02,North America,United States,Office Supplies,Printer,8632.11,3257.09,577.16,2679.94
2024-02-02,Europe,Italy,Furniture,Executive Desk,3883.61,1433.28,264.92,1168.36
2025-07-07,South America,Chile,Office Supplies,Office Chair,632.47,296.5,22.66,273.83
2025-01-28,South America,Argentina,Technology,Smartphone X,6354.53,2387.99,475.44,1912.55
2024-12-08,South America,Argentina,Furniture,Storage Cabinet,3571.14,1514.67,140.36,1374.31
2024-06-24,South America,Argentina,Technology,Cloud Server,941.05,456.41,39.54,416.87
2025-11-18,North America,United States,Furniture,Conference Table,4846.94,1901.87,190.62,1711.25
2024-09-18,South America,Argentina,Technology,Smartphone X,510.43,204.83,17.63,187.19
2024-12-18,North America,United States,Furniture,Executive Desk,2218.86,982.04,172.79,809.26
2024-04-11,North America,United States,Office Supplies,Premium Paper,5461.41,2745.01,361.21,2383.79
2025-12-03,Asia Pacific,India,Office Supplies,Premium Paper,7841.62,3262.44,318.15,2944.29
2025-01-15,Asia Pacific,India,Furniture,Ergonomic Chair,5905.26,2646.76,464.39,2182.36
2024-06-20,Europe,Italy,Furniture,Executive Desk,7233.88,3481.07,496.65,2984.42
2024-08-30,South America,Chile,Furniture,Conference Table,1138.1,577.35,68.78,508.58
2024-06-07,South America,Brazil,Furniture,Ergonomic Chair,3651.14,1846.1,267.67,1578.43
2025-11-04,Europe,Spain,Technology,Smartphone X,7362.63,4495.54,830.69,3664.85
2024-10-28,North America,Mexico,Technology,Smartphone X,6793.61,2485.93,289.39,2196.53
2024-10-11,Asia Pacific,Singapore,Office Supplies,Office Chair,7445.85,3810.01,543.64,3266.37
2024-04-22,Europe,Italy,Office Supplies,Office Chair,7160.46,3349.34,478.22,2871.12
2024-01-14,North America,United States,Furniture,Conference Table,9797.42,3990.19,643.88,3346.31
2024-06-01,North America,United States,Technology,Cloud Server,5231.26,2426.95,190.21,2236.75
2024-04-15,North America,Canada,Furniture,Conference Table,893.57,404.84,32.64,372.2
2024-04-05,South America,Argentina,Technology,Cloud Server,2907.92,1144.75,186.42,958.32
2024-02-28,Asia Pacific,Japan,Office Supplies,Desk Organizer,4866.19,2038.5,288.22,1750.28
2025-09-17,North America,United States,Technology,Laptop Pro,6691.73,3232.66,230.75,3001.91
2025-11-30,Europe,Italy,Office Supplies,Desk Organizer,8719.3,6064.72,1371.96,4692.76
2024-08-11,Europe,Germany,Office Supplies,Office Chair,8500.4,4100.08,604.03,3496.05
2024-03-09,South America,Argentina,Technology,Smartphone X,5891.15,2712.11,236.54,2475.57
2024-05-01,South America,Argentina,Technology,Laptop Pro,3985.48,1721.75,193.01,1528.74
2025-03-03,South America,Argentina,Technology,Cloud Server,2721.74,1079.85,102.47,977.38
2025-08-07,South America,Argentina,Office Supplies,Premium Paper,3380.37,1389.99,230.38,1159.61
2024-09-17,Asia Pacific,India,Office Supplies,Desk Organizer,4219.4,1581.26,191.17,1390.09
2024-07-12,North America,Mexico,Office Supplies,Printer,581.09,259.13,28.38,230.74
2025-04-09,North America,United States,Technology,Cloud Server,1779.55,833.16,63.84,769.32
2024-10-29,North America,Canada,Technology,Cloud Server,6821.91,3444.3,456.67,2987.62
2025-11-01,Asia Pacific,Australia,Furniture,Conference Table,1463.41,633.46,81.46,552.0
2024-02-10,South America,Chile,Furniture,Executive Desk,7529.1,3590.79,281.41,3309.38
2024-09-02,Asia Pacific,India,Furniture,Storage Cabinet,3004.86,1133.11,141.05,992.06
2024-09-02,North America,Mexico,Office Supplies,Desk Organizer,9754.03,3670.25,470.94,3199.31
2024-02-28,Asia Pacific,Japan,Technology,Smartphone X,2977.05,1194.12,210.66,983.46
2025-12-07,North America,United States,Technology,Business Tablet,8559.23,3677.33,430.39,3246.95
2025-01-17,Asia Pacific,Australia,Office Supplies,Desk Organizer,9203.31,3938.88,399.68,3539.2
2024-12-04,South America,Argentina,Furniture,Ergonomic Chair,7356.58,3804.97,557.7,3247.28
2024-12-09,North America,Canada,Technology,Cloud Server,4021.83,1784.45,293.04,1491.41
2025-02-06,South America,Chile,Furniture,Storage Cabinet,9641.61,3374.26,389.82,2984.44
2024-10-14,North America,United States,Technology,Business Tablet,3212.73,1182.95,208.46,974.48
2024-01-09,Asia Pacific,Australia,Furniture,Executive Desk,8240.28,3112.85,411.64,2701.2
2024-05-26,Asia Pacific,Australia,Furniture,Storage Cabinet,4272.21,1989.66,166.98,1822.68
2024-09-02,Europe,Italy,Office Supplies,Office Chair,2776.17,1321.35,164.97,1156.38
2024-05-01,Asia Pacific,Japan,Office Supplies,Premium Paper,9364.69,3959.13,748.1,3211.03
2024-09-28,North America,United States,Technology,Cloud Server,8257.49,3228.57,378.5,2850.07
2024-11-12,North America,Mexico,Technology,Cloud Server,5882.43,2361.9,403.04,1958.86
2024-08-19,Europe,Germany,Technology,Laptop Pro,5208.98,2226.52,249.06,1977.46
2024-06-20,North America,United States,Technology,Business Tablet,7433.95,3291.77,563.55,2728.22
2025-07-24,Asia Pacific,Australia,Technology,Smartphone X,3946.11,1931.18,173.5,1757.67
2024-06-29,South America,Chile,Office Supplies,Printer,3037.06,1447.33,226.31,1221.02
2025-05-25,Europe,Germany,Office Supplies,Office Chair,6606.75,2556.45,412.3,2144.16
2025-11-23,Europe,Spain,Office Supplies,Printer,8815.46,5744.59,1121.13,4623.45
2025-08-14,South America,Argentina,Furniture,Ergonomic Chair,4364.01,1568.5,131.66,1436.84
2024-10-12,Europe,Germany,Furniture,Ergonomic Chair,8245.27,4111.69,631.76,3479.92
2024-03-05,Europe,United Kingdom,Office Supplies,Premium Paper,845.48,416.24,45.82,370.42
2025-11-29,North America,Mexico,Technology,Laptop Pro,3437.29,1413.06,216.99,1196.07
2024-07-18,Europe,Italy,Technology,Business Tablet,2653.74,1209.14,184.67,1024.48
2024-08-10,South America,Chile,Furniture,Executive Desk,5196.58,1852.2,165.01,1687.18
2024-05-04,North America,Canada,Furniture,Ergonomic Chair,3835.11,1503.0,263.77,1239.22
2024-06-29,Europe,Spain,Furniture,Conference Table,5968.33,2679.23,323.67,2355.55
2024-09-09,Asia Pacific,Japan,Furniture,Ergonomic Chair,9680.42,4138.38,722.76,3415.61
2025-11-06,North America,United States,Technology,Smartphone X,1932.37,917.33,136.68,780.65
2024-08-20,North America,Mexico,Furniture,Conference Table,513.53,209.63,27.57,182.07
2025-12-11,North America,Canada,Technology,Smartphone X,2653.05,1112.65,146.88,965.77
2024-02-05,South America,Argentina,Technology,Laptop Pro,5736.66,2434.87,318.8,2116.07
2025-02-02,South America,Brazil,Furniture,Conference Table,8382.77,3033.84,267.65,2766.19
2024-01-15,South America,Brazil,Technology,Cloud Server,1447.88,686.77,112.37,574.4
2025-07-20,North America,Mexico,Furniture,Conference Table,7207.83,3598.14,393.91,3204.23
2025-10-07,South America,Chile,Office Supplies,Printer,7903.83,3303.7,365.28,2938.42
2024-09-25,North America,United States,Technology,Smartphone X,9830.45,4762.39,364.53,4397.86
2024-06-14,Europe,Germany,Furniture,Ergonomic Chair,2910.68,1109.28,168.85,940.43
2025-11-17,North America,Mexico,Furniture,Conference Table,2197.06,1085.36,110.41,974.95
2025-01-21,North America,Mexico,Office Supplies,Office Chair,4030.11,1438.25,199.41,1238.84
2025-10-12,South America,Brazil,Technology,Laptop Pro,5549.94,2247.27,356.22,1891.05
2025-05-18,Asia Pacific,India,Technology,Laptop Pro,5112.88,2148.06,372.41,1775.64
2024-11-08,Europe,Spain,Office Supplies,Office Chair,628.74,276.64,25.77,250.87
2025-01-29,North America,Canada,Furniture,Executive Desk,5332.82,2095.74,266.45,1829.28
2025-08-07,South America,Chile,Office Supplies,Desk Organizer,1100.95,527.48,76.56,450.92
2024-02-16,Asia Pacific,Australia,Office Supplies,Premium Paper,8093.18,4074.93,509.74,3565.19
2025-01-12,Europe,Italy,Furniture,Ergonomic Chair,1184.2,545.74,89.9,455.84
2024-12-16,Asia Pacific,Singapore,Office Supplies,Premium Paper,5910.97,2715.44,347.63,2367.81
2025-01-19,North America,Mexico,Office Supplies,Desk Organizer,5697.66,2238.65,223.59,2015.05
2025-05-03,Europe,France,Technology,Business Tablet,2102.91,1072.05,133.18,938.86
2024-03-13,South America,Brazil,Technology,Laptop Pro,1921.88,674.74,77.05,597.69
2024-09-06,South America,Chile,Office Supplies,Desk Organizer,5553.81,2484.71,279.35,2205.36
2025-08-02,South America,Brazil,Technology,Smartphone X,4550.44,2163.94,189.14,1974.8
2025-09-08,North America,United States,Office Supplies,Desk Organizer,6912.03,2641.81,538.84,2102.97
2025-12-13,South America,Chile,Furniture,Storage Cabinet,3847.96,1935.13,295.52,1639.61
2025-10-08,Asia Pacific,Japan,Technology,Laptop Pro,6484.67,2611.85,294.65,2317.2
2024-02-01,Asia Pacific,Japan,Technology,Laptop Pro,1874.95,718.27,111.19,607.07
2024-12-26,Europe,United Kingdom,Office Supplies,Desk Organizer,3086.73,1248.34,191.39,1056.95
2024-10-17,South America,Brazil,Furniture,Executive Desk,511.31,215.36,29.69,185.67
2025-02-09,Asia Pacific,Australia,Furniture,Storage Cabinet,5215.91,2070.99,273.27,1797.72
2025-04-05,Asia Pacific,India,Office Supplies,Office Chair,4163.74,1734.89,268.69,1466.19
2024-02-04,Asia Pacific,Australia,Technology,Laptop Pro,4363.71,1823.6,283.43,1540.17
2025-04-26,North America,United States,Furniture,Storage Cabinet,9762.99,4350.19,593.81,3756.38
2025-04-20,South America,Brazil,Technology,Business Tablet,1804.86,804.12,74.25,729.87
2024-07-29,Europe,United Kingdom,Furniture,Storage Cabinet,7330.65,2744.41,348.12,2396.29
2024-06-14,North America,Canada,Office Supplies,Office Chair,4552.38,1680.44,154.41,1526.03
2024-11-17,Asia Pacific,Australia,Furniture,Storage Cabinet,3812.47,1544.53,239.7,1304.83
2024-09-10,Asia Pacific,Australia,Office Supplies,Printer,7580.63,2948.7,324.98,2623.72
2024-03-15,Asia Pacific,India,Office Supplies,Office Chair,7653.32,3073.98,499.64,2574.34
2024-09-21,Asia Pacific,Singapore,Office Supplies,Office Chair,5961.74,2330.69,301.04,2029.65
2024-01-18,North America,United States,Technology,Laptop Pro,6136.55,2525.13,223.46,2301.67
2025-05-03,North America,Mexico,Furniture,Ergonomic Chair,1447.71,582.01,113.45,468.56
2025-08-07,South America,Brazil,Technology,Smartphone X,1593.86,643.88,51.27,592.61
2024-11-30,Asia Pacific,Australia,Technology,Business Tablet,6487.82,3024.51,314.84,2709.67
2025-04-28,North America,United States,Technology,Smartphone X,596.53,240.76,34.8,205.96
2024-11-07,South America,Brazil,Technology,Smartphone X,5882.45,2708.96,218.07,2490.89
2024-12-30,Europe,France,Technology,Smartphone X,7471.47,3303.47,544.85,2758.62
2024-12-30,South America,Brazil,Office Supplies,Printer,6466.04,3259.72,505.59,2754.13
2025-07-22,South America,Brazil,Furniture,Conference Table,9471.63,3667.31,454.87,3212.43
2024-11-01,North America,Canada,Furniture,Ergonomic Chair,4267.21,1565.29,143.48,1421.8
2025-07-09,Asia Pacific,India,Technology,Business Tablet,8957.36,3394.34,451.18,2943.16
2025-11-17,North America,United States,Technology,Smartphone X,3445.26,1333.9,149.03,1184.87
2024-07-31,Europe,Germany,Office Supplies,Office Chair,6801.21,3114.38,345.39,2768.98
2025-12-10,South America,Chile,Technology,Laptop Pro,5745.6,2945.87,445.15,2500.72
2024-11-17,North America,Mexico,Office Supplies,Desk Organizer,7656.0,3686.66,288.24,3398.42
2025-10-31,Europe,Italy,Office Supplies,Printer,1111.91,734.64,167.33,567.31
2024-02-29,North America,United States,Furniture,Ergonomic Chair,9498.87,3754.51,672.08,3082.43
2025-09-16,Asia Pacific,Singapore,Office Supplies,Printer,2221.15,1064.45,147.69,916.76
2024-06-12,North America,United States,Technology,Smartphone X,6424.28,2389.06,236.51,2152.56
2024-05-17,Asia Pacific,Singapore,Furniture,Executive Desk,2547.5,1205.37,105.69,1099.68
2024-08-12,North America,Canada,Office Supplies,Desk Organizer,4689.25,2092.59,169.48,1923.11
2025-03-14,South America,Argentina,Technology,Cloud Server,8631.08,3238.54,465.38,2773.16
2025-09-16,Asia Pacific,Australia,Technology,Laptop Pro,2148.83,938.6,87.09,851.5
2024-03-21,North America,United States,Furniture,Ergonomic Chair,8252.61,2946.56,259.56,2687.0
2024-10-04,North America,United States,Technology,Business Tablet,4855.3,2485.72,339.76,2145.96
2024-01-17,Europe,Italy,Furniture,Conference Table,9597.31,4183.54,351.45,3832.09
2024-02-23,Asia Pacific,India,Office Supplies,Desk Organizer,9204.77,3801.54,682.58,3118.96
2025-04-18,Europe,Italy,Furniture,Storage Cabinet,3550.59,1329.2,125.31,1203.89
2025-09-07,North America,Canada,Technology,Cloud Server,3917.73,1716.3,222.69,1493.61
2025-03-27,North America,Mexico,Office Supplies,Office Chair,3725.04,1728.55,123.69,1604.86
2024-06-08,Asia Pacific,India,Furniture,Ergonomic Chair,4160.14,1904.62,183.41,1721.21
2024-09-17,North America,United States,Office Supplies,Office Chair,6458.41,2817.01,442.21,2374.79
2024-03-19,North America,United States,Technology,Laptop Pro,1316.55,478.72,74.45,404.28
2025-06-09,Europe,France,Furniture,Ergonomic Chair,9833.94,4457.6,691.99,3765.61
2025-09-20,Europe,Germany,Office Supplies,Premium Paper,8698.06,3804.44,562.58,3241.85
2025-10-06,North America,Mexico,Technology,Business Tablet,1483.91,751.76,90.31,661.44
2025-12-12,Asia Pacific,Japan,Furniture,Ergonomic Chair,7484.58,3518.35,265.48,3252.87
2024-04-14,North America,United States,Technology,Cloud Server,9480.79,4311.43,402.83,3908.6
2025-07-24,South America,Brazil,Technology,Laptop Pro,3926.81,1494.57,146.14,1348.42
2025-01-19,North America,Canada,Furniture,Ergonomic Chair,7008.44,2894.87,518.3,2376.57
2025-01-26,North America,United States,Furniture,Executive Desk,7077.38,3273.9,283.93,2989.97
2024-10-23,Asia Pacific,Australia,Office Supplies,Premium Paper,3394.97,1633.14,186.57,1446.57
2025-09-05,Asia Pacific,India,Office Supplies,Desk Organizer,697.69,277.64,50.94,226.7
2025-09-20,South America,Chile,Furniture,Ergonomic Chair,1178.03,542.57,53.79,488.78
2025-11-29,South America,Argentina,Office Supplies,Office Chair,4273.98,1862.0,172.93,1689.07
2025-09-04,Asia Pacific,Singapore,Technology,Business Tablet,2257.37,1110.4,121.24,989.16
2024-06-23,North America,Canada,Furniture,Conference Table,666.6,241.34,33.31,208.03
2025-07-09,Europe,France,Furniture,Conference Table,763.88,322.04,50.61,271.43
2024-06-10,North America,Mexico,Office Supplies,Premium Paper,1177.69,608.11,91.57,516.55
2025-02-24,North America,United States,Technology,Business Tablet,3500.14,1605.88,206.78,1399.1
2024-08-26,South America,Brazil,Office Supplies,Office Chair,6634.65,2567.45,405.52,2161.93
2024-10-30,North America,United States,Office Supplies,Desk Organizer,1221.98,562.92,74.75,488.16
2024-01-28,Asia Pacific,India,Technology,Smartphone X,7376.59,2879.61,419.84,2459.76
2024-02-11,Europe,United Kingdom,Furniture,Conference Table,7191.54,2837.07,510.21,2326.86
2024-03-26,North America,United States,Technology,Smartphone X,7930.05,3176.94,355.29,2821.65
2025-11-09,Europe,United Kingdom,Furniture,Conference Table,8762.44,6107.6,1032.89,5074.71
2024-01-09,Europe,Spain,Technology,Business Tablet,2990.37,1286.03,147.94,1138.09
2024-11-08,North America,Mexico,Technology,Laptop Pro,8048.82,3244.1,614.96,2629.14
2025-05-24,South America,Chile,Furniture,Storage Cabinet,2823.24,1110.71,130.9,979.81
2025-02-01,South America,Argentina,Office Supplies,Printer,7863.17,2906.07,407.05,2499.02
2024-05-12,North America,Canada,Furniture,Conference Table,1562.03,621.13,119.51,501.62
2024-05-28,North America,United States,Technology,Smartphone X,662.52,288.73,21.38,267.34
2024-06-16,Asia Pacific,Japan,Technology,Business Tablet,7461.02,3853.62,565.93,3287.69
2025-08-04,Europe,Germany,Office Supplies,Desk Organizer,1957.53,926.81,116.29,810.52
2025-08-31,Asia Pacific,India,Furniture,Conference Table,5380.03,2133.95,359.21,1774.73
2024-01-21,Europe,France,Office Supplies,Desk Organizer,4393.3,2099.48,295.48,1804.0
2025-12-24,Europe,Germany,Technology,Business Tablet,9394.34,5853.62,1162.66,4690.96
2024-04-08,Europe,United Kingdom,Furniture,Executive Desk,3603.06,1330.01,152.1,1177.91
2025-06-26,North America,Mexico,Furniture,Executive Desk,9385.52,3951.91,357.51,3594.4
2025-03-03,North America,Mexico,Furniture,Executive Desk,1066.59,452.87,69.2,383.67
2024-06-16,South America,Argentina,Technology,Smartphone X,2184.45,1000.15,162.69,837.46
2025-05-28,South America,Chile,Technology,Smartphone X,8238.29,3529.91,554.84,2975.06
2025-06-01,Asia Pacific,India,Furniture,Storage Cabinet,2181.81,895.9,92.49,803.41
2025-07-19,Asia Pacific,India,Technology,Laptop Pro,2303.78,1080.77,160.24,920.53
2024-07-24,North America,Mexico,Furniture,Conference Table,1441.92,629.38,79.89,549.49
2024-08-17,Asia Pacific,Japan,Office Supplies,Premium Paper,5519.37,2349.59,424.41,1925.18
2025-12-18,Europe,Italy,Office Supplies,Desk Organizer,4163.61,2769.34,508.85,2260.49
2025-08-18,North America,United States,Furniture,Executive Desk,8634.86,4009.61,365.84,3643.76
2024-03-17,North America,Canada,Furniture,Storage Cabinet,9586.96,3771.78,727.76,3044.02
2025-12-12,Europe,United Kingdom,Furniture,Storage Cabinet,6005.78,4025.52,726.68,3298.84
2025-05-24,North America,Mexico,Furniture,Executive Desk,9911.42,4567.38,372.01,4195.37
2025-02-04,South America,Argentina,Furniture,Storage Cabinet,5571.73,2647.35,337.55,2309.8
2024-12-28,Europe,France,Office Supplies,Desk Organizer,2439.33,1102.99,145.53,957.46
2024-06-15,Asia Pacific,Australia,Technology,Business Tablet,6876.04,2920.2,209.39,2710.82
2025-03-31,Asia Pacific,Japan,Furniture,Executive Desk,4727.99,2038.93,175.58,1863.35
2025-09-24,South America,Argentina,Furniture,Ergonomic Chair,1097.83,468.35,66.9,401.46
2025-05-11,Europe,Spain,Technology,Cloud Server,3416.44,1519.3,146.04,1373.26
2024-12-26,Asia Pacific,Singapore,Office Supplies,Premium Paper,9559.28,3722.81,577.51,3145.3
2025-05-31,Asia Pacific,India,Office Supplies,Desk Organizer,2804.05,1350.95,156.88,1194.06
2025-10-07,Asia Pacific,Japan,Office Supplies,Premium Paper,9973.79,4021.02,590.59,3430.44
2024-01-29,Asia Pacific,Australia,Office Supplies,Premium Paper,8027.18,3106.52,497.69,2608.83
2025-02-07,Europe,United Kingdom,Technology,Laptop Pro,8439.1,4103.0,322.38,3780.61
2024-05-22,South America,Brazil,Office Supplies,Desk Organizer,3253.84,1377.46,107.57,1269.89
2025-07-11,North America,Canada,Furniture,Ergonomic Chair,3906.41,1393.53,160.44,1233.08
2025-07-23,North America,Mexico,Technology,Business Tablet,5083.44,2323.42,289.97,2033.45
2024-08-30,South America,Argentina,Furniture,Executive Desk,5756.66,2508.03,421.82,2086.21
2024-01-15,North America,Canada,Office Supplies,Premium Paper,948.81,375.64,60.71,314.94
2025-02-03,South America,Brazil,Furniture,Ergonomic Chair,6627.97,2525.29,519.71,2005.58
2025-01-01,South America,Argentina,Technology,Business Tablet,7788.91,2964.86,404.35,2560.51
2025-07-08,Asia Pacific,Singapore,Office Supplies,Premium Paper,5275.21,2310.69,348.43,1962.26
2024-01-20,Europe,Spain,Office Supplies,Office Chair,4437.23,1899.83,140.86,1758.97
2024-04-25,North America,Canada,Office Supplies,Premium Paper,952.25,367.08,42.64,324.44
2024-09-15,North America,Mexico,Furniture,Executive Desk,4237.25,1645.26,199.77,1445.49
2025-03-08,South America,Argentina,Technology,Business Tablet,9429.99,4017.59,654.16,3363.44
2024-05-09,Europe,United Kingdom,Office Supplies,Desk Organizer,8786.31,3489.58,673.22,2816.36
2024-07-01,North America,United States,Technology,Laptop Pro,3651.96,1439.16,225.55,1213.61
2025-11-06,Asia Pacific,Singapore,Technology,Business Tablet,5239.59,2208.49,259.04,1949.44
2025-07-08,Asia Pacific,Australia,Office Supplies,Office Chair,6207.43,2382.15,216.14,2166.01
2024-08-25,North America,Canada,Technology,Cloud Server,8389.15,4108.93,372.26,3736.67
2024-12-22,North America,United States,Technology,Laptop Pro,531.58,198.68,19.34,179.34
2024-07-08,Europe,Germany,Furniture,Storage Cabinet,2749.87,1248.38,102.18,1146.2
2025-04-19,South America,Brazil,Office Supplies,Printer,5592.68,2372.17,236.68,2135.49
2024-12-20,Asia Pacific,Australia,Furniture,Ergonomic Chair,2124.21,919.64,96.15,823.49
2025-11-28,Asia Pacific,Japan,Furniture,Ergonomic Chair,1463.33,545.04,80.66,464.39
2025-05-15,Asia Pacific,India,Office Supplies,Premium Paper,1020.02,503.78,57.58,446.19
2025-10-14,Europe,United Kingdom,Office Supplies,Premium Paper,2954.1,1846.31,360.3,1486.01
2024-08-07,Asia Pacific,Japan,Office Supplies,Desk Organizer,8801.53,4246.11,639.51,3606.6
2024-10-29,Europe,Italy,Technology,Business Tablet,6015.52,2913.61,475.22,2438.39
2025-04-15,North America,Canada,Office Supplies,Office Chair,848.15,330.98,47.1,283.88
2024-02-01,North America,United States,Technology,Smartphone X,4502.21,2091.32,150.52,1940.8
2024-07-24,North America,Mexico,Furniture,Conference Table,4557.68,1637.74,244.85,1392.9
2025-07-01,North America,Mexico,Technology,Business Tablet,8046.84,3425.93,432.61,2993.33
2024-01-10,Asia Pacific,Singapore,Technology,Business Tablet,7000.58,2682.14,252.8,2429.34
2025-12-09,Asia Pacific,Singapore,Office Supplies,Office Chair,9302.53,4311.47,503.56,3807.9
2025-06-08,Europe,Germany,Furniture,Executive Desk,3884.28,1717.76,153.04,1564.72
2024-10-12,South America,Argentina,Technology,Cloud Server,4705.58,1858.54,179.42,1679.12
2025-02-11,Europe,United Kingdom,Technology,Smartphone X,8229.51,3133.08,495.66,2637.42
2024-09-20,South America,Chile,Office Supplies,Printer,9730.85,4006.17,588.52,3417.65
2025-08-11,Europe,Germany,Technology,Laptop Pro,5556.53,2428.76,299.97,2128.79
2025-08-14,Europe,Spain,Technology,Business Tablet,2055.4,950.94,117.19,833.75
2025-02-23,Asia Pacific,Australia,Technology,Business Tablet,4203.69,1959.54,234.27,1725.27
2025-06-13,Asia Pacific,Singapore,Furniture,Ergonomic Chair,4661.38,2134.9,344.21,1790.7
2025-05-17,Asia Pacific,Australia,Furniture,Conference Table,9481.75,4583.61,683.91,3899.7
2024-02-22,North America,United States,Technology,Cloud Server,7579.33,3231.48,431.57,2799.91
2025-11-07,Europe,France,Office Supplies,Office Chair,6573.33,3872.07,663.01,3209.07
2024-12-02,Asia Pacific,Australia,Office Supplies,Premium Paper,8004.12,3678.1,322.61,3355.49
2025-05-23,North America,Mexico,Office Supplies,Premium Paper,1288.5,606.66,79.77,526.89
2024-08-02,Asia Pacific,Singapore,Furniture,Executive Desk,7865.93,3517.69,475.79,3041.9
2025-05-18,Europe,United Kingdom,Office Supplies,Premium Paper,8931.33,3332.69,622.93,2709.76
2025-11-03,North America,United States,Office Supplies,Desk Organizer,5982.38,2350.78,223.68,2127.1
2025-03-11,South America,Chile,Technology,Smartphone X,8319.57,3473.01,510.82,2962.19
2025-11-03,Asia Pacific,India,Furniture,Storage Cabinet,9631.26,3598.14,691.59,2906.55
2024-11-22,North America,United States,Furniture,Storage Cabinet,689.76,308.84,24.9,283.95
2024-09-03,Europe,Germany,Technology,Smartphone X,8601.9,4241.45,390.26,3851.19
2025-10-23,Asia Pacific,Australia,Technology,Smartphone X,7373.32,2501.72,242.98,2258.74
2025-06-27,Asia Pacific,India,Furniture,Executive Desk,905.81,383.27,67.0,316.27
2024-11-02,North America,Mexico,Office Supplies,Office Chair,4304.38,2205.99,329.86,1876.14
2025-06-27,South America,Brazil,Office Supplies,Desk Organizer,1828.68,743.97,74.7,669.26
2024-12-23,South America,Chile,Technology,Smartphone X,3855.68,1745.81,127.31,1618.51
2024-01-08,Asia Pacific,Australia,Office Supplies,Premium Paper,3983.82,1975.43,209.22,1766.2
2024-09-09,Europe,United Kingdom,Office Supplies,Desk Organizer,2774.38,1144.15,109.02,1035.13
2024-12-21,Europe,Germany,Office Supplies,Printer,2837.94,1430.75,172.18,1258.56
2025-11-06,North America,Mexico,Technology,Cloud Server,5118.51,2258.82,372.44,1886.38
2025-07-11,South America,Chile,Office Supplies,Desk Organizer,544.52,262.39,24.37,238.02
2025-06-17,Europe,Italy,Office Supplies,Printer,1152.54,525.94,58.33,467.61
2024-02-05,Europe,Spain,Furniture,Storage Cabinet,9609.55,4065.62,716.7,3348.92
2024-12-08,Asia Pacific,Singapore,Office Supplies,Premium Paper,9765.47,4652.01,311.26,4340.75
2025-11-16,Europe,France,Office Supplies,Office Chair,578.59,392.42,90.27,302.15
2025-06-05,Europe,United Kingdom,Furniture,Ergonomic Chair,6926.11,2939.69,390.93,2548.76
2025-08-15,North America,Mexico,Office Supplies,Office Chair,9302.37,4140.1,546.58,3593.52
2024-02-15,South America,Argentina,Office Supplies,Printer,7104.14,3495.58,447.3,3048.28
2025-09-13,Europe,Spain,Technology,Smartphone X,5303.73,2431.45,232.89,2198.55
2025-09-20,South America,Argentina,Office Supplies,Printer,1562.92,746.44,111.84,634.6
2024-12-02,South America,Brazil,Office Supplies,Premium Paper,4808.37,2232.54,149.37,2083.18
2025-03-11,Europe,Germany,Office Supplies,Printer,7868.77,3514.24,249.88,3264.36
2024-11-08,North America,Mexico,Furniture,Executive Desk,5318.94,2044.21,284.53,1759.68
2025-10-29,Asia Pacific,Japan,Furniture,Conference Table,2537.27,1005.62,136.37,869.26
2024-01-15,Asia Pacific,India,Technology,Laptop Pro,6247.91,2680.6,222.65,2457.95
2024-12-23,North America,Mexico,Furniture,Storage Cabinet,9708.58,3537.12,353.25,3183.87
2024-05-16,Asia Pacific,Australia,Technology,Laptop Pro,9276.38,3548.61,671.32,2877.28
2024-08-26,Europe,Spain,Technology,Business Tablet,4777.0,1736.53,207.45,1529.08
2024-10-13,Europe,Germany,Technology,Cloud Server,7049.94,3309.49,307.42,3002.07
2025-08-01,North America,United States,Office Supplies,Printer,9979.39,3927.6,574.23,3353.37
2024-03-18,Europe,Spain,Office Supplies,Printer,1438.51,621.96,53.54,568.42
2024-10-10,South America,Brazil,Furniture,Storage Cabinet,1934.72,776.31,82.78,693.53
2025-08-11,South America,Brazil,Technology,Smartphone X,4045.35,2107.13,291.67,1815.47
2024-05-27,North America,Canada,Technology,Business Tablet,8407.63,3932.73,535.33,3397.39
2024-06-25,South America,Brazil,Technology,Laptop Pro,836.74,336.46,47.1,289.36
2024-04-11,South America,Brazil,Technology,Cloud Server,613.99,266.69,32.19,234.5
2025-10-30,North America,United States,Technology,Laptop Pro,802.08,336.8,55.84,280.96
2025-02-04,South America,Chile,Technology,Laptop Pro,5926.79,2414.64,461.83,1952.81
2025-08-20,Europe,Germany,Office Supplies,Desk Organizer,5020.06,1907.35,165.65,1741.7
2025-05-21,North America,United States,Office Supplies,Premium Paper,746.97,321.18,45.39,275.79
2024-04-01,North America,United States,Furniture,Storage Cabinet,2130.82,754.82,85.68,669.14
2025-01-24,Europe,Spain,Office Supplies,Premium Paper,6723.32,2780.93,264.1,2516.82
2024-01-26,Asia Pacific,Australia,Furniture,Ergonomic Chair,7563.07,3772.4,604.59,3167.81
2024-04-23,North America,Mexico,Technology,Cloud Server,8425.23,3484.15,381.83,3102.32
2025-02-20,Europe,France,Technology,Business Tablet,3284.79,1619.72,246.75,1372.97
2024-07-07,Asia Pacific,Japan,Technology,Cloud Server,646.27,253.39,26.32,227.07
2025-08-24,Asia Pacific,India,Technology,Laptop Pro,6041.74,2518.97,429.96,2089.01
2025-04-30,North America,Canada,Furniture,Executive Desk,2478.32,965.24,153.85,811.39
2024-12-27,Asia Pacific,India,Technology,Smartphone X,4968.09,1813.93,264.7,1549.23
2024-11-03,Europe,France,Office Supplies,Printer,8358.03,3434.03,476.43,2957.6
2024-04-24,South America,Brazil,Technology,Laptop Pro,1509.86,673.54,69.43,604.11
2025-07-03,Europe,France,Office Supplies,Desk Organizer,9936.99,4691.18,662.06,4029.13
2025-07-02,South America,Argentina,Office Supplies,Desk Organizer,8016.06,3943.34,446.37,3496.97
2025-03-07,North America,United States,Office Supplies,Desk Organizer,9991.71,4907.81,549.64,4358.17
2024-10-02,Asia Pacific,Singapore,Office Supplies,Premium Paper,5356.13,2172.72,380.52,1792.2
2025-07-24,Europe,Spain,Technology,Laptop Pro,5161.61,2329.53,301.25,2028.29
2024-03-28,South America,Argentina,Technology,Laptop Pro,4334.81,2075.3,295.65,1779.64
2024-07-25,South America,Chile,Furniture,Conference Table,8419.25,4182.65,664.97,3517.68
2024-10-12,Asia Pacific,Singapore,Office Supplies,Desk Organizer,9473.21,3256.39,358.9,2897.48
2024-08-17,South America,Argentina,Office Supplies,Desk Organizer,2281.17,998.35,69.54,928.81
2024-03-08,North America,United States,Furniture,Storage Cabinet,7020.03,3402.56,514.65,2887.91
2025-01-02,Asia Pacific,India,Technology,Smartphone X,518.79,187.03,29.79,157.24
2025-01-20,North America,Canada,Furniture,Storage Cabinet,4807.65,2161.86,291.39,1870.47
2024-01-04,Europe,Germany,Office Supplies,Premium Paper,4358.84,1566.48,257.09,1309.38
2024-04-04,South America,Chile,Furniture,Conference Table,8293.8,3114.76,453.87,2660.9
2025-04-12,South America,Chile,Furniture,Executive Desk,4187.94,1875.86,279.14,1596.72
2024-11-03,Europe,Spain,Office Supplies,Desk Organizer,9999.76,3902.98,320.31,3582.68
2024-01-24,Asia Pacific,Japan,Technology,Cloud Server,1628.04,628.86,116.81,512.05
2025-04-01,Europe,Germany,Furniture,Executive Desk,3524.24,1610.89,203.58,1407.31
2025-01-13,Asia Pacific,Australia,Furniture,Conference Table,7712.68,3778.29,350.56,3427.73
2024-01-19,North America,Mexico,Office Supplies,Premium Paper,1149.93,458.42,78.35,380.07
2024-10-11,South America,Argentina,Technology,Cloud Server,3555.69,1784.52,214.62,1569.9
2024-09-13,Asia Pacific,Australia,Office Supplies,Desk Organizer,4695.36,2076.25,163.28,1912.97
2025-07-17,North America,Canada,Furniture,Executive Desk,8196.08,3794.0,466.8,3327.21
2024-04-03,North America,United States,Furniture,Conference Table,5376.72,2461.58,367.51,2094.07
2024-01-02,North America,Canada,Technology,Laptop Pro,5543.35,2265.13,185.71,2079.42
2024-09-25,Asia Pacific,Japan,Office Supplies,Office Chair,8001.85,3459.39,628.52,2830.87
2025-02-25,Asia Pacific,Japan,Technology,Business Tablet,9959.58,3459.39,445.52,3013.86
2024-06-12,Europe,Spain,Technology,Business Tablet,1518.24,559.26,77.33,481.93
2024-03-12,North America,Mexico,Office Supplies,Printer,5862.38,2440.76,429.79,2010.97
2025-02-11,Europe,Germany,Technology,Cloud Server,6215.34,2337.49,268.66,2068.83
2025-02-22,Europe,Germany,Technology,Smartphone X,5834.8,2516.37,308.74,2207.63
2024-01-31,Europe,France,Technology,Smartphone X,5894.08,3005.32,361.65,2643.68
2024-03-11,Asia Pacific,India,Technology,Laptop Pro,6721.21,2663.56,380.54,2283.02
2025-01-18,Europe,Italy,Furniture,Storage Cabinet,4634.65,1976.92,360.51,1616.41
2024-09-21,Asia Pacific,Singapore,Furniture,Executive Desk,9721.13,3739.76,378.01,3361.75
2024-05-27,South America,Argentina,Technology,Business Tablet,4136.78,1986.95,146.25,1840.7
2024-03-31,Asia Pacific,Japan,Technology,Business Tablet,5242.6,2478.83,321.35,2157.48
2024-07-28,Asia Pacific,Singapore,Technology,Business Tablet,2731.35,1187.71,139.55,1048.16
2025-05-17,South America,Chile,Technology,Smartphone X,9431.91,4536.77,636.4,3900.37
2024-05-09,South America,Chile,Technology,Cloud Server,4804.1,1682.24,238.28,1443.96
2025-03-04,South America,Argentina,Furniture,Storage Cabinet,9550.68,4509.75,418.35,4091.4
2024-03-19,South America,Argentina,Furniture,Storage Cabinet,5351.05,2654.93,371.93,2283.01
2024-10-27,South America,Argentina,Technology,Smartphone X,5992.72,2660.45,288.13,2372.32
2024-02-07,South America,Brazil,Furniture,Ergonomic Chair,5255.69,2194.63,236.86,1957.78
2024-05-29,North America,United States,Office Supplies,Printer,8211.1,3214.66,372.47,2842.19
2025-03-05,South America,Chile,Technology,Laptop Pro,1932.75,796.88,119.56,677.32
2024-09-15,Asia Pacific,Japan,Office Supplies,Printer,5960.9,2410.02,467.9,1942.12
2025-11-06,Asia Pacific,Australia,Furniture,Executive Desk,7780.94,2962.0,509.75,2452.25
2025-05-19,North America,Mexico,Furniture,Executive Desk,5546.37,2216.7,167.09,2049.6
2025-11-15,South America,Brazil,Office Supplies,Office Chair,3704.95,1601.98,164.41,1437.57
2025-05-29,North America,Mexico,Technology,Business Tablet,6073.52,2393.73,189.25,2204.48
2025-02-18,South America,Argentina,Technology,Business Tablet,8544.05,4290.24,680.52,3609.72
2024-07-05,Europe,France,Office Supplies,Printer,2362.7,1055.12,80.6,974.53
2024-07-09,North America,United States,Technology,Cloud Server,984.1,461.79,76.32,385.47
2025-03-10,Europe,France,Office Supplies,Office Chair,1454.56,702.72,107.08,595.64
2025-01-29,Europe,Germany,Technology,Smartphone X,1093.58,481.26,38.55,442.71
2025-04-02,Europe,Germany,Technology,Business Tablet,808.12,280.31,36.28,244.04
2025-05-01,Europe,France,Technology,Cloud Server,7601.62,3358.29,405.41,2952.88
2025-10-29,South America,Brazil,Furniture,Executive Desk,8903.95,4343.84,660.72,3683.12
2024-06-08,Asia Pacific,India,Furniture,Ergonomic Chair,1435.96,674.14,103.78,570.37
2025-10-13,South America,Chile,Office Supplies,Printer,9252.01,3961.29,313.2,3648.09
2025-03-24,Asia Pacific,Japan,Office Supplies,Office Chair,7208.6,2735.85,548.8,2187.05
2025-07-25,South America,Chile,Furniture,Executive Desk,4980.9,2375.12,298.54,2076.58
2024-02-27,North America,Canada,Technology,Cloud Server,1504.94,554.78,97.09,457.69
2024-04-23,South America,Brazil,Technology,Smartphone X,6930.04,3404.53,411.67,2992.86
2025-01-28,Asia Pacific,Singapore,Office Supplies,Premium Paper,5587.0,2484.26,401.57,2082.69
2024-02-11,South America,Argentina,Furniture,Executive Desk,9046.87,3356.02,632.5,2723.53
2025-07-14,Europe,Spain,Office Supplies,Printer,4922.46,2348.58,155.42,2193.16
2024-06-22,Asia Pacific,Australia,Technology,Smartphone X,2526.23,1006.96,99.31,907.65
2024-05-04,South America,Chile,Technology,Cloud Server,6223.42,2938.0,358.31,2579.69
2025-04-11,Asia Pacific,Singapore,Furniture,Storage Cabinet,689.27,333.77,44.19,289.58
2024-12-31,Europe,Italy,Furniture,Executive Desk,2836.12,1427.07,214.75,1212.32
2025-01-08,North America,United States,Office Supplies,Premium Paper,7490.1,3749.11,559.75,3189.36
2024-05-28,South America,Brazil,Technology,Cloud Server,9313.56,3546.95,448.9,3098.04
2025-10-26,Asia Pacific,Japan,Office Supplies,Office Chair,7176.75,3338.81,437.78,2901.03
2024-08-15,North America,Canada,Furniture,Ergonomic Chair,5282.2,1920.45,161.16,1759.28
2024-04-19,South America,Chile,Technology,Laptop Pro,3505.73,1302.95,131.0,1171.95
2025-01-12,Europe,Italy,Office Supplies,Printer,7754.68,3773.46,616.17,3157.29
2025-12-16,Asia Pacific,Singapore,Furniture,Conference Table,2695.34,1323.1,163.67,1159.43
2024-12-03,North America,Canada,Furniture,Executive Desk,1387.99,582.8,98.56,484.24
2024-10-09,South America,Argentina,Office Supplies,Office Chair,5160.55,2488.93,305.82,2183.12
2025-03-10,Europe,United Kingdom,Office Supplies,Office Chair,5742.19,2390.98,391.88,1999.1
2024-04-23,North America,Mexico,Technology,Cloud Server,9122.27,3506.16,318.59,3187.57
2024-08-27,Asia Pacific,Singapore,Furniture,Executive Desk,3742.98,1451.37,182.73,1268.64
2025-10-16,Europe,Spain,Office Supplies,Office Chair,2657.29,1819.67,335.11,1484.57
2025-01-13,Asia Pacific,Singapore,Office Supplies,Desk Organizer,1842.79,747.79,95.97,651.82
2024-01-28,South America,Brazil,Technology,Cloud Server,1663.78,666.88,71.84,595.04
2025-10-29,South America,Chile,Furniture,Conference Table,5070.97,2278.0,207.03,2070.98
2025-05-13,Asia Pacific,Australia,Technology,Laptop Pro,7875.01,3765.24,353.0,3412.24
2024-03-15,Asia Pacific,Australia,Furniture,Storage Cabinet,6881.33,2722.24,262.18,2460.06
2024-06-25,Asia Pacific,Australia,Office Supplies,Desk Organizer,9822.02,4648.98,385.97,4263.01
2025-06-12,Asia Pacific,India,Office Supplies,Desk Organizer,4571.8,1703.83,238.95,1464.88
2025-01-21,North America,United States,Office Supplies,Premium Paper,8666.83,4187.08,668.68,3518.4
2024-08-01,South America,Argentina,Office Supplies,Office Chair,3902.28,1535.4,291.33,1244.07
2025-03-17,South America,Chile,Technology,Cloud Server,9011.25,4271.14,629.58,3641.56
2025-06-13,South America,Chile,Furniture,Conference Table,2175.47,1029.21,150.13,879.08
2024-08-28,Asia Pacific,India,Office Supplies,Premium Paper,7029.39,3526.91,423.16,3103.75
2024-05-28,South America,Brazil,Furniture,Storage Cabinet,7550.94,3699.34,350.13,3349.21
2025-04-05,South America,Argentina,Technology,Business Tablet,2322.59,1032.44,107.03,925.4
2025-04-06,Europe,Italy,Furniture,Storage Cabinet,5248.21,2065.62,224.28,1841.34
2025-03-22,Europe,Spain,Furniture,Executive Desk,2791.78,1284.7,120.0,1164.7
2024-07-04,South America,Brazil,Office Supplies,Office Chair,4826.7,1756.52,159.19,1597.33
2024-06-29,North America,Mexico,Technology,Cloud Server,1481.23,719.93,106.35,613.58
2025-01-14,South America,Argentina,Furniture,Executive Desk,9702.76,3436.82,370.83,3065.99
2024-10-28,North America,Mexico,Furniture,Ergonomic Chair,1583.19,629.88,91.23,538.65
2025-08-13,North America,United States,Office Supplies,Office Chair,9429.97,4744.21,733.35,4010.87
2024-01-09,North America,Mexico,Technology,Smartphone X,781.09,295.01,39.57,255.44
2025-08-05,Europe,Germany,Office Supplies,Office Chair,6946.78,2860.25,496.29,2363.96
2024-03-03,South America,Chile,Technology,Laptop Pro,4780.48,2392.65,324.95,2067.7
2024-08-09,Europe,Italy,Technology,Cloud Server,8927.39,3151.57,420.67,2730.89
2024-01-12,Europe,United Kingdom,Furniture,Conference Table,2482.45,1030.05,131.43,898.62
2024-09-16,Asia Pacific,Singapore,Furniture,Conference Table,8601.71,4141.57,447.53,3694.04
2025-07-30,Asia Pacific,Singapore,Office Supplies,Office Chair,9200.86,3145.9,378.29,2767.61
2025-07-30,Europe,Italy,Office Supplies,Printer,1078.22,531.49,65.54,465.95
2025-09-19,Asia Pacific,India,Furniture,Conference Table,7512.52,2906.07,398.92,2507.15
2024-06-10,South America,Brazil,Furniture,Executive Desk,2020.62,923.43,143.69,779.73
2024-08-15,Asia Pacific,India,Office Supplies,Desk Organizer,1065.25,522.5,70.23,452.27
2025-04-08,South America,Chile,Office Supplies,Office Chair,4809.36,1861.98,299.27,1562.71
2024-12-30,North America,Mexico,Office Supplies,Printer,6422.57,2843.09,312.66,2530.43
2025-04-08,Europe,Spain,Furniture,Storage Cabinet,3362.85,1236.95,226.69,1010.26
2025-01-07,South America,Brazil,Technology,Laptop Pro,5683.58,2704.73,432.62,2272.1
2025-08-01,North America,Mexico,Technology,Smartphone X,2268.62,817.23,110.19,707.05
2024-11-02,North America,Mexico,Technology,Business Tablet,2960.96,1236.48,93.95,1142.53
2024-08-18,North America,United States,Office Supplies,Office Chair,2849.03,1150.63,221.85,928.78
2024-09-07,Asia Pacific,India,Technology,Smartphone X,8191.08,4145.9,575.57,3570.33
2024-12-18,Europe,Germany,Furniture,Conference Table,9898.45,4081.75,691.02,3390.73
2025-11-30,Europe,France,Office Supplies,Printer,7103.85,4753.48,792.54,3960.94
2024-06-15,Asia Pacific,Japan,Office Supplies,Office Chair,6124.91,2391.36,432.37,1958.99
2024-01-28,Asia Pacific,Japan,Technology,Smartphone X,8400.71,4082.17,568.16,3514.01
2024-04-02,North America,Mexico,Technology,Cloud Server,7910.72,3657.48,392.7,3264.78
2025-09-18,North America,United States,Technology,Smartphone X,2805.91,1162.67,111.97,1050.71
2025-05-07,South America,Argentina,Furniture,Ergonomic Chair,3139.62,1069.29,96.53,972.76
2024-07-05,Asia Pacific,India,Furniture,Conference Table,9066.03,3903.69,718.93,3184.76
2024-04-10,North America,United States,Office Supplies,Desk Organizer,1222.13,474.73,66.09,408.63
2024-08-25,South America,Brazil,Office Supplies,Printer,4997.8,1975.75,363.1,1612.65
2025-10-06,South America,Argentina,Office Supplies,Premium Paper,9024.34,3181.53,282.19,2899.34
2025-09-27,South America,Brazil,Office Supplies,Office Chair,751.27,318.22,28.49,289.74
2025-06-29,Asia Pacific,Australia,Technology,Business Tablet,1080.3,389.15,38.13,351.02
2024-12-28,North America,Canada,Office Supplies,Premium Paper,3519.05,1430.94,232.22,1198.71
2024-05-22,Europe,Spain,Furniture,Executive Desk,3345.37,1446.53,108.62,1337.91
2025-03-28,South America,Chile,Office Supplies,Office Chair,2978.82,1272.44,108.26,1164.18
2025-12-10,Asia Pacific,Japan,Technology,Laptop Pro,5266.32,2140.08,373.55,1766.53
2025-10-05,Asia Pacific,India,Furniture,Conference Table,7491.56,3674.57,338.06,3336.51
2025-07-09,South America,Argentina,Technology,Cloud Server,5180.74,2155.5,304.26,1851.24
2024-08-01,North America,United States,Furniture,Storage Cabinet,3865.76,1602.63,235.33,1367.3
2024-02-28,North America,Canada,Office Supplies,Printer,9620.33,3996.4,713.55,3282.85
2024-12-07,Asia Pacific,Japan,Furniture,Conference Table,9740.27,3895.7,505.15,3390.55
2025-05-04,North America,Canada,Technology,Laptop Pro,7526.73,2965.77,407.29,2558.48
2025-11-05,North America,Canada,Office Supplies,Office Chair,8691.5,3838.09,399.32,3438.77
2025-01-17,Europe,Spain,Office Supplies,Office Chair,5776.77,2307.07,424.47,1882.6
2024-01-09,Europe,Spain,Technology,Business Tablet,7428.69,3427.11,458.96,2968.16
2024-06-21,Asia Pacific,Singapore,Technology,Cloud Server,2292.68,1119.09,169.75,949.33
2025-10-23,Europe,Germany,Technology,Smartphone X,2834.0,1907.23,384.41,1522.82
2024-01-14,South America,Argentina,Technology,Cloud Server,877.7,343.62,26.34,317.28
2024-12-16,Europe,Spain,Office Supplies,Desk Organizer,2344.95,895.33,168.36,726.96
2025-10-24,Europe,Germany,Furniture,Conference Table,6337.97,4133.81,727.2,3406.61
2024-07-24,North America,United States,Technology,Business Tablet,8445.36,3306.6,654.36,2652.24
2024-08-15,South America,Brazil,Furniture,Executive Desk,4488.78,1614.32,253.36,1360.95
2025-04-17,South America,Chile,Technology,Business Tablet,4299.76,1875.59,327.53,1548.06
2025-03-04,Europe,Italy,Office Supplies,Office Chair,4213.76,1639.34,237.18,1402.16
2024-12-28,Europe,Germany,Furniture,Ergonomic Chair,2668.56,986.27,116.27,870.0
2024-04-02,South America,Argentina,Furniture,Conference Table,8645.2,3814.9,348.22,3466.68
2024-07-21,South America,Brazil,Technology,Business Tablet,3189.59,1166.55,165.1,1001.45
2024-05-20,North America,Mexico,Technology,Cloud Server,3815.18,1828.9,169.34,1659.56
2024-07-20,South America,Brazil,Office Supplies,Desk Organizer,6755.68,2745.2,324.95,2420.25
2025-03-06,Europe,Italy,Furniture,Conference Table,8005.37,3439.62,312.23,3127.38
2024-02-16,Asia Pacific,Singapore,Technology,Cloud Server,3614.04,1469.49,200.87,1268.63
2025-03-27,Europe,Germany,Office Supplies,Office Chair,2138.14,933.64,68.55,865.09
2024-06-21,Asia Pacific,Japan,Office Supplies,Printer,3032.78,1238.97,207.53,1031.44
2024-06-21,North America,Canada,Office Supplies,Desk Organizer,7918.6,3757.13,435.91,3321.22
2025-02-02,Asia Pacific,Singapore,Furniture,Executive Desk,2072.32,1035.66,142.23,893.42
2025-01-13,North America,Canada,Technology,Cloud Server,5814.41,2155.0,374.51,1780.48
2024-06-26,North America,Mexico,Office Supplies,Printer,1100.58,417.87,85.7,332.17
2025-09-01,Asia Pacific,Japan,Furniture,Ergonomic Chair,6445.3,2668.6,432.45,2236.15
2024-10-01,North America,United States,Office Supplies,Printer,2727.33,1301.49,164.1,1137.39
2024-02-03,North America,Canada,Furniture,Executive Desk,2987.58,1222.93,135.15,1087.78
2025-10-25,South America,Chile,Technology,Business Tablet,2610.23,1177.49,196.62,980.87
2024-09-25,Asia Pacific,Japan,Office Supplies,Premium Paper,4263.7,1762.56,243.51,1519.06
2025-04-07,Asia Pacific,Singapore,Office Supplies,Desk Organizer,8566.26,3371.23,632.55,2738.69
2024-08-27,South America,Chile,Technology,Business Tablet,6761.65,3155.64,232.31,2923.33
2025-01-16,Europe,Germany,Technology,Cloud Server,5016.09,2323.5,295.16,2028.34
2024-04-22,Europe,Spain,Office Supplies,Printer,889.59,391.62,64.11,327.51
2025-07-29,South America,Brazil,Office Supplies,Office Chair,3951.74,1835.01,203.2,1631.81
2024-12-11,Europe,France,Furniture,Conference Table,4719.97,2345.04,281.34,2063.7
2024-09-08,North America,United States,Office Supplies,Desk Organizer,6623.82,2854.82,206.08,2648.74
2025-02-18,South America,Chile,Technology,Smartphone X,2238.85,846.35,113.1,733.25
2025-05-01,Asia Pacific,India,Furniture,Executive Desk,7825.42,3366.26,487.93,2878.33
2025-03-17,Asia Pacific,Japan,Furniture,Ergonomic Chair,6924.4,3140.81,223.9,2916.91
2025-04-27,North America,Mexico,Office Supplies,Office Chair,3394.46,1652.42,220.02,1432.4
2025-12-11,South America,Argentina,Technology,Business Tablet,8088.79,3786.04,585.69,3200.35
2025-11-17,Asia Pacific,Japan,Technology,Laptop Pro,7097.46,2634.56,442.85,2191.71
2025-07-28,South America,Chile,Technology,Cloud Server,6986.54,2911.81,351.82,2559.99
2024-07-29,North America,United States,Technology,Cloud Server,7748.56,3601.45,605.22,2996.23
2024-01-16,South America,Brazil,Furniture,Conference Table,7784.01,3402.63,473.15,2929.48
2025-11-20,North America,Canada,Technology,Smartphone X,4477.46,1892.21,332.13,1560.08
2024-07-27,North America,Canada,Technology,Cloud Server,7506.61,3715.79,425.58,3290.21
2024-11-11,Asia Pacific,Japan,Office Supplies,Printer,1998.48,790.82,129.45,661.37
2025-07-02,North America,United States,Furniture,Conference Table,9597.59,4077.55,762.8,3314.75
2025-09-07,Europe,Germany,Office Supplies,Printer,7863.33,3479.54,400.46,3079.08
2024-01-28,South America,Chile,Technology,Laptop Pro,6360.84,3020.69,330.51,2690.18
2024-01-03,Asia Pacific,Australia,Furniture,Conference Table,9606.61,3831.15,557.86,3273.29
2025-06-08,Asia Pacific,Japan,Technology,Smartphone X,7936.7,3771.22,564.31,3206.91
2024-03-18,South America,Chile,Furniture,Executive Desk,4435.71,2003.48,338.76,1664.72
2025-01-30,South America,Chile,Office Supplies,Office Chair,6939.11,2871.55,432.03,2439.52
2025-08-16,Europe,Germany,Office Supplies,Printer,8883.6,4026.7,587.52,3439.18
2024-05-25,Europe,United Kingdom,Technology,Smartphone X,9425.08,4259.46,336.68,3922.78
2024-02-25,North America,Canada,Furniture,Ergonomic Chair,904.05,426.85,36.32,390.53
2025-06-09,Europe,Spain,Furniture,Executive Desk,4815.49,2006.86,271.76,1735.1
2025-09-07,South America,Chile,Technology,Business Tablet,8412.77,3976.54,389.62,3586.93
2024-01-31,Europe,Italy,Technology,Business Tablet,9538.39,3719.21,594.65,3124.56
2025-10-08,Asia Pacific,India,Technology,Cloud Server,5628.45,2381.2,335.55,2045.65
2024-04-25,South America,Brazil,Technology,Cloud Server,4358.37,1646.32,252.23,1394.09
2025-06-27,North America,United States,Technology,Laptop Pro,4834.75,2250.88,339.51,1911.37
2025-03-07,North America,Mexico,Office Supplies,Printer,3058.57,1249.89,182.73,1067.16
2025-10-07,North America,Mexico,Office Supplies,Printer,9984.04,4750.63,736.35,4014.28
2024-01-07,Europe,France,Technology,Business Tablet,8199.81,3908.83,304.46,3604.37
2024-06-15,Asia Pacific,Japan,Office Supplies,Premium Paper,6062.89,2901.87,229.24,2672.63
2024-08-16,South America,Argentina,Technology,Laptop Pro,2235.08,1106.17,130.74,975.44
2025-02-18,Europe,France,Furniture,Storage Cabinet,6665.74,2692.44,243.92,2448.52
2024-10-27,North America,Canada,Office Supplies,Office Chair,8522.39,4083.3,387.06,3696.24
2024-12-26,Asia Pacific,Japan,Furniture,Storage Cabinet,2930.5,1401.01,190.47,1210.55
2025-03-26,Asia Pacific,Australia,Furniture,Executive Desk,9723.52,4885.18,693.81,4191.38
2024-10-05,North America,United States,Office Supplies,Desk Organizer,9981.74,3850.83,483.83,3367.0
2025-12-30,South America,Argentina,Technology,Smartphone X,9626.94,3528.71,307.31,3221.4
2025-02-16,South America,Chile,Furniture,Storage Cabinet,3195.19,1149.29,155.42,993.88
2024-11-13,South America,Chile,Technology,Smartphone X,7610.7,3668.34,299.1,3369.24
2025-06-21,South America,Brazil,Technology,Cloud Server,5854.92,2157.62,288.01,1869.6
2025-02-11,Europe,Italy,Furniture,Storage Cabinet,2180.75,1052.71,106.52,946.19
2025-08-27,North America,Mexico,Furniture,Conference Table,2545.69,1220.57,169.9,1050.67
2025-02-13,South America,Chile,Office Supplies,Desk Organizer,6303.69,2678.28,435.27,2243.01
2024-01-13,Asia Pacific,India,Technology,Business Tablet,5489.32,2111.77,424.74,1687.02
2024-09-14,North America,United States,Office Supplies,Office Chair,6229.66,3056.94,490.91,2566.03
2025-09-05,Europe,France,Technology,Cloud Server,593.51,198.23,19.78,178.45
2024-10-31,Europe,Italy,Office Supplies,Office Chair,8480.72,4120.37,654.67,3465.7
2024-11-08,North America,United States,Office Supplies,Premium Paper,2568.41,919.33,103.27,816.06
2025-08-11,South America,Argentina,Technology,Cloud Server,1757.75,783.47,100.2,683.26
2025-10-21,Asia Pacific,Singapore,Office Supplies,Office Chair,7551.69,3511.04,489.84,3021.2
2024-10-30,Europe,United Kingdom,Furniture,Conference Table,1028.31,384.83,48.17,336.67
2024-08-25,Europe,Spain,Office Supplies,Desk Organizer,4567.02,2176.08,160.37,2015.71
2024-09-24,South America,Brazil,Furniture,Executive Desk,6665.83,3191.01,334.06,2856.95
2024-05-14,Europe,Germany,Office Supplies,Printer,2837.05,1397.86,148.74,1249.11
2025-02-22,South America,Brazil,Furniture,Storage Cabinet,5932.77,2873.67,223.35,2650.32
2025-10-29,Asia Pacific,India,Office Supplies,Office Chair,8056.33,3133.79,345.47,2788.32
2025-12-28,North America,Canada,Technology,Laptop Pro,6738.16,2919.36,410.58,2508.78
2025-02-18,Europe,Germany,Technology,Cloud Server,5156.82,1897.43,198.42,1699.0
2025-05-23,Asia Pacific,India,Technology,Cloud Server,1318.53,592.68,83.28,509.4
2024-02-16,North America,Mexico,Office Supplies,Premium Paper,6112.47,2548.99,242.47,2306.51
2025-04-15,Europe,France,Office Supplies,Office Chair,8198.47,3880.28,373.24,3507.04
2025-04-04,Asia Pacific,India,Office Supplies,Desk Organizer,4596.89,2043.45,358.27,1685.17
2025-03-01,North America,United States,Office Supplies,Premium Paper,9268.55,4609.43,598.67,4010.76
2025-04-26,South America,Argentina,Technology,Laptop Pro,7971.06,3773.13,628.7,3144.43
2025-12-05,Asia Pacific,India,Office Supplies,Office Chair,9629.63,3677.36,548.03,3129.33
2024-12-21,Europe,United Kingdom,Office Supplies,Desk Organizer,2329.56,928.61,140.36,788.25
2024-03-16,Asia Pacific,India,Office Supplies,Printer,5673.79,2148.6,379.18,1769.42
2024-04-07,Asia Pacific,Singapore,Office Supplies,Printer,7323.98,3342.13,464.73,2877.4
2024-09-11,Europe,Italy,Technology,Cloud Server,8301.95,2861.32,367.38,2493.94
2025-08-24,North America,United States,Furniture,Ergonomic Chair,3529.87,1425.16,201.13,1224.03
2024-01-19,North America,Mexico,Furniture,Conference Table,2193.01,990.91,68.44,922.47
2024-08-02,South America,Argentina,Technology,Laptop Pro,2766.2,1180.62,196.51,984.11
2025-07-21,South America,Chile,Office Supplies,Premium Paper,6770.68,2781.05,207.33,2573.72
2025-02-05,Asia Pacific,Japan,Furniture,Ergonomic Chair,1360.16,651.95,60.02,591.93
2025-03-23,North America,United States,Furniture,Conference Table,3754.19,1511.56,150.18,1361.38
2024-07-13,South America,Argentina,Office Supplies,Premium Paper,5279.81,2158.15,172.5,1985.65
2025-03-18,South America,Brazil,Furniture,Storage Cabinet,9927.8,3423.04,381.32,3041.72
2025-11-26,Europe,Spain,Furniture,Executive Desk,5638.09,3864.92,659.26,3205.66
2024-08-15,Europe,Germany,Technology,Smartphone X,8202.19,3211.96,285.54,2926.43
2025-07-04,Asia Pacific,Australia,Furniture,Executive Desk,3757.65,1736.41,158.0,1578.41
2025-11-04,Europe,Germany,Furniture,Storage Cabinet,807.31,530.21,88.43,441.78
2024-01-19,Asia Pacific,Japan,Furniture,Storage Cabinet,6942.15,3117.07,538.7,2578.37
2025-01-07,Asia Pacific,Australia,Office Supplies,Premium Paper,8703.66,4053.99,556.56,3497.43
2024-05-20,North America,United States,Office Supplies,Premium Paper,3248.12,1568.93,231.08,1337.85
2025-08-09,Asia Pacific,Japan,Furniture,Ergonomic Chair,4501.63,2201.73,315.99,1885.74
2025-02-21,North America,Canada,Technology,Smartphone X,3603.81,1667.26,175.85,1491.41
2024-01-03,Asia Pacific,Japan,Technology,Smartphone X,7615.88,2800.98,432.06,2368.93
2024-01-17,North America,Canada,Office Supplies,Desk Organizer,556.41,273.68,31.07,242.61
2024-02-19,Asia Pacific,India,Office Supplies,Office Chair,894.53,367.71,46.25,321.47
2024-01-09,Asia Pacific,India,Technology,Laptop Pro,6646.3,2899.19,477.68,2421.51
2025-09-30,Europe,Germany,Technology,Laptop Pro,6127.47,2948.54,201.81,2746.73
2024-08-30,Europe,France,Office Supplies,Office Chair,721.4,272.15,27.34,244.8
2024-07-23,South America,Argentina,Furniture,Storage Cabinet,7113.08,3043.5,518.35,2525.14
2025-08-11,North America,Canada,Technology,Laptop Pro,6421.17,2646.59,206.44,2440.15
2025-04-19,Asia Pacific,Singapore,Office Supplies,Printer,2949.0,1187.01,181.39,1005.62
2024-05-20,Europe,United Kingdom,Office Supplies,Printer,7088.12,3403.12,292.43,3110.69
2024-04-02,Europe,Spain,Technology,Laptop Pro,7324.48,3198.45,347.13,2851.32
2024-12-24,North America,Canada,Office Supplies,Printer,4282.3,1859.67,314.1,1545.57
2025-09-03,Asia Pacific,Japan,Technology,Cloud Server,6357.04,2370.03,413.02,1957.01
2025-01-24,Europe,France,Office Supplies,Premium Paper,8203.17,3868.07,373.08,3494.99
2025-03-09,Europe,Italy,Technology,Business Tablet,4764.64,2210.51,323.46,1887.05
2025-02-19,Europe,France,Technology,Business Tablet,8097.88,2952.74,446.99,2505.75
2024-01-28,Europe,United Kingdom,Technology,Laptop Pro,1144.59,458.81,75.88,382.93
2024-04-02,South America,Argentina,Technology,Business Tablet,4520.84,1826.56,235.09,1591.47
2024-03-04,Asia Pacific,Japan,Technology,Business Tablet,3371.11,1317.82,200.7,1117.11
2024-11-10,South America,Chile,Office Supplies,Premium Paper,7241.72,3706.97,482.27,3224.7
2025-01-09,North America,United States,Furniture,Ergonomic Chair,7096.77,3559.06,378.8,3180.25
2024-02-25,Asia Pacific,Singapore,Technology,Laptop Pro,7705.48,3866.01,476.67,3389.34
2025-06-28,South America,Argentina,Furniture,Ergonomic Chair,8552.32,3433.18,348.42,3084.76
2024-12-04,South America,Brazil,Furniture,Conference Table,2350.68,960.73,141.9,818.84
2024-09-27,South America,Argentina,Furniture,Executive Desk,4055.43,1779.95,278.2,1501.75
2024-09-05,South America,Argentina,Furniture,Executive Desk,5649.58,2073.13,171.18,1901.95
2025-10-19,Europe,Spain,Technology,Smartphone X,742.57,484.69,112.14,372.55
2024-05-27,South America,Brazil,Furniture,Conference Table,2498.17,1249.05,125.52,1123.54
2024-09-22,Europe,France,Furniture,Conference Table,3560.52,1727.7,251.99,1475.7
2025-04-16,South America,Chile,Furniture,Conference Table,2953.73,1305.01,224.25,1080.75
2025-09-28,North America,United States,Furniture,Ergonomic Chair,6691.2,2334.73,280.46,2054.27
2024-07-05,Europe,Spain,Technology,Business Tablet,7043.03,2473.4,360.35,2113.05
2024-07-12,North America,United States,Furniture,Ergonomic Chair,3286.68,1238.12,147.39,1090.73
2025-11-06,Europe,Spain,Furniture,Conference Table,8949.85,5659.93,1067.4,4592.53
2024-03-27,Asia Pacific,Australia,Furniture,Ergonomic Chair,1704.96,740.11,129.14,610.97
2025-03-29,Asia Pacific,Singapore,Furniture,Executive Desk,2416.53,1160.24,87.52,1072.72
2024-01-04,South America,Argentina,Technology,Smartphone X,6897.63,2728.46,468.48,2259.98
2025-10-02,North America,United States,Office Supplies,Desk Organizer,4940.67,2024.26,380.24,1644.02
2025-02-28,Europe,Italy,Office Supplies,Printer,7436.08,2783.88,521.51,2262.36
2024-01-04,North America,Mexico,Office Supplies,Premium Paper,2761.38,1287.88,129.1,1158.77
2024-11-16,North America,Mexico,Furniture,Ergonomic Chair,1785.08,731.07,118.52,612.55
2024-02-08,South America,Chile,Office Supplies,Premium Paper,1756.63,712.02,54.32,657.7
2025-10-25,South America,Argentina,Office Supplies,Office Chair,4566.26,1879.47,221.75,1657.72
2024-01-03,South America,Brazil,Technology,Laptop Pro,2828.55,1219.02,198.68,1020.33
2025-11-09,Asia Pacific,Singapore,Office Supplies,Desk Organizer,7424.82,2931.32,388.99,2542.32
2024-11-18,South America,Chile,Furniture,Conference Table,1492.63,772.95,117.99,654.96
2025-12-16,South America,Chile,Furniture,Ergonomic Chair,8500.08,3600.57,287.89,3312.68
2025-09-05,South America,Brazil,Furniture,Ergonomic Chair,8231.74,2850.12,363.06,2487.06
2025-12-20,North America,United States,Office Supplies,Desk Organizer,3317.69,1281.95,223.16,1058.79
2025-08-27,Asia Pacific,Singapore,Technology,Smartphone X,1458.02,681.01,86.44,594.57
2025-06-30,Europe,Germany,Office Supplies,Printer,5842.66,2299.02,248.74,2050.28
2024-01-05,Europe,France,Furniture,Storage Cabinet,4650.91,2236.21,353.28,1882.93
2024-06-16,North America,United States,Furniture,Ergonomic Chair,9420.94,3922.51,672.05,3250.47
2025-10-14,North America,Canada,Office Supplies,Desk Organizer,7591.97,3322.42,252.13,3070.29
2025-06-09,North America,United States,Technology,Cloud Server,5495.67,2396.44,297.61,2098.83
2024-12-03,Asia Pacific,India,Office Supplies,Premium Paper,4151.99,1569.95,276.37,1293.57
2025-12-15,Asia Pacific,Australia,Office Supplies,Printer,4941.62,2504.93,296.36,2208.56
2024-10-04,South America,Brazil,Furniture,Ergonomic Chair,5395.48,2504.48,330.08,2174.4
2025-08-03,South America,Brazil,Furniture,Conference Table,9725.12,4875.7,709.0,4166.7
2025-03-31,North America,United States,Office Supplies,Premium Paper,981.61,432.05,57.62,374.44
2024-05-24,South America,Brazil,Office Supplies,Desk Organizer,1757.88,634.55,81.1,553.46
2024-11-22,South America,Chile,Furniture,Storage Cabinet,9535.29,3936.71,603.35,3333.36
2025-06-19,South America,Argentina,Office Supplies,Printer,8940.44,3865.58,711.3,3154.27
2024-06-25,Asia Pacific,Singapore,Office Supplies,Printer,554.35,201.8,31.15,170.65
2024-12-11,South America,Chile,Technology,Business Tablet,6991.29,2826.92,354.71,2472.2
2024-12-27,Asia Pacific,Australia,Technology,Smartphone X,2163.69,830.06,97.64,732.42
2024-03-11,South America,Argentina,Technology,Smartphone X,8115.92,3774.37,325.28,3449.09
2025-02-20,South America,Brazil,Furniture,Conference Table,8446.73,4193.38,619.68,3573.7
2024-03-06,South America,Brazil,Technology,Cloud Server,2342.87,1118.02,105.23,1012.79
2024-10-01,North America,United States,Furniture,Storage Cabinet,1077.25,400.16,69.68,330.48
2024-02-19,North America,United States,Furniture,Ergonomic Chair,7593.72,3001.7,481.43,2520.27
2024-01-13,South America,Chile,Technology,Cloud Server,6165.58,3120.81,468.37,2652.44
2025-08-12,South America,Brazil,Office Supplies,Printer,9905.31,4147.96,351.4,3796.56
2025-01-06,South America,Chile,Office Supplies,Premium Paper,3338.83,1637.22,177.63,1459.59
2024-12-28,South America,Chile,Office Supplies,Printer,9884.64,4712.61,303.54,4409.07
2024-11-25,South America,Chile,Furniture,Conference Table,5943.85,2828.9,442.3,2386.6
2025-08-21,Europe,France,Furniture,Storage Cabinet,510.35,229.73,21.71,208.01
2024-05-30,Europe,France,Technology,Business Tablet,9157.8,4196.15,623.97,3572.18
2024-12-06,Asia Pacific,India,Office Supplies,Office Chair,8521.65,3105.31,352.52,2752.79
2025-07-31,South America,Chile,Office Supplies,Desk Organizer,3214.18,1329.53,154.69,1174.84
2025-01-09,Europe,United Kingdom,Technology,Cloud Server,7509.23,3854.87,483.12,3371.75
2024-06-11,North America,United States,Furniture,Conference Table,8471.44,3473.88,525.82,2948.06
2025-02-09,Asia Pacific,India,Furniture,Storage Cabinet,2012.15,881.31,82.48,798.83
2025-03-15,Europe,United Kingdom,Furniture,Storage Cabinet,7306.1,3300.89,279.73,3021.16
2025-03-06,South America,Argentina,Furniture,Conference Table,1437.24,699.87,56.95,642.92
2024-01-03,South America,Argentina,Technology,Smartphone X,6743.43,3104.71,432.05,2672.67
2025-01-15,Europe,Spain,Technology,Cloud Server,5638.38,2206.77,388.75,1818.02
2025-01-25,Asia Pacific,Australia,Furniture,Ergonomic Chair,4436.03,2014.46,318.5,1695.96
2025-03-06,North America,United States,Technology,Cloud Server,7386.86,2856.48,396.58,2459.89
2025-04-06,Europe,France,Technology,Smartphone X,4979.5,2275.43,163.48,2111.95
2025-12-26,South America,Argentina,Office Supplies,Desk Organizer,1028.47,490.9,45.28,445.62
2025-04-22,South America,Chile,Office Supplies,Printer,1170.71,549.88,59.75,490.13
2024-11-17,Asia Pacific,Japan,Furniture,Executive Desk,9893.91,4838.24,566.25,4271.98
2025-10-01,Europe,Italy,Furniture,Conference Table,4896.3,3173.74,666.64,2507.1
2025-07-25,Asia Pacific,Australia,Furniture,Storage Cabinet,2092.66,972.08,84.76,887.32
2024-09-26,South America,Argentina,Technology,Laptop Pro,8681.82,4411.97,557.91,3854.06
2025-02-12,Europe,France,Technology,Cloud Server,6971.96,2815.58,535.33,2280.26
2025-11-14,Europe,United Kingdom,Furniture,Executive Desk,5698.23,4055.22,791.04,3264.17
2025-07-06,South America,Chile,Technology,Smartphone X,8247.05,3095.6,588.64,2506.96
2024-01-08,South America,Argentina,Furniture,Executive Desk,8794.23,3221.93,521.56,2700.37
2024-08-12,South America,Brazil,Furniture,Conference Table,4182.41,1809.11,173.77,1635.34
2024-10-08,South America,Chile,Office Supplies,Desk Organizer,9252.54,3536.33,423.85,3112.48
2025-03-06,South America,Argentina,Office Supplies,Desk Organizer,8691.4,4264.81,636.66,3628.15
2024-07-14,Asia Pacific,Australia,Furniture,Storage Cabinet,626.06,259.71,26.17,233.54
2024-04-13,North America,Mexico,Technology,Laptop Pro,3567.59,1367.01,114.65,1252.37
2024-11-21,South America,Chile,Technology,Business Tablet,1706.29,627.85,92.01,535.85
2025-09-09,North America,Mexico,Office Supplies,Printer,3002.37,1278.32,237.47,1040.85
2025-07-04,North America,United States,Technology,Business Tablet,1106.97,565.34,85.84,479.5
2025-10-29,Europe,France,Technology,Business Tablet,8582.9,5526.14,1025.3,4500.85
2025-02-06,Europe,Germany,Furniture,Storage Cabinet,8844.24,3713.44,462.73,3250.7
2024-02-24,North America,United States,Furniture,Ergonomic Chair,8140.82,3598.18,389.6,3208.58
2025-06-08,Asia Pacific,Australia,Office Supplies,Desk Organizer,5957.8,2500.88,451.3,2049.58
2024-08-25,South America,Chile,Office Supplies,Printer,8236.83,2889.94,336.86,2553.08
2024-05-17,Asia Pacific,Singapore,Technology,Cloud Server,5307.3,1948.83,190.8,1758.03
2025-08-19,South America,Argentina,Office Supplies,Office Chair,6213.49,2751.71,232.17,2519.54
2025-03-25,North America,United States,Furniture,Storage Cabinet,9636.45,4399.25,389.49,4009.76
2024-02-08,North America,Mexico,Technology,Business Tablet,5812.5,2914.15,366.74,2547.42
2025-10-19,North America,United States,Technology,Smartphone X,3350.82,1461.03,266.84,1194.19
2025-01-16,Europe,Spain,Office Supplies,Printer,5606.67,2564.02,391.65,2172.37
2024-01-25,South America,Brazil,Office Supplies,Printer,8049.74,3963.97,526.86,3437.11
2025-02-02,North America,Mexico,Technology,Business Tablet,7558.6,3349.09,432.64,2916.45
2025-10-27,Europe,Italy,Office Supplies,Premium Paper,4534.6,3304.29,697.66,2606.63
2024-03-19,Europe,Italy,Furniture,Executive Desk,6632.54,3422.26,494.54,2927.73
2024-04-11,North America,Canada,Office Supplies,Desk Organizer,4172.74,2080.8,272.32,1808.48
2024-09-18,North America,Mexico,Office Supplies,Desk Organizer,3234.11,1445.05,117.8,1327.25
2024-05-08,South America,Argentina,Furniture,Conference Table,9725.39,4347.55,305.7,4041.85
2024-06-04,South America,Chile,Office Supplies,Premium Paper,5963.81,2660.43,293.56,2366.87
2024-07-10,Europe,Spain,Technology,Cloud Server,4082.56,1751.18,244.91,1506.27
2025-01-21,South America,Argentina,Office Supplies,Premium Paper,514.21,265.81,34.62,231.19
2024-09-03,Asia Pacific,Japan,Technology,Smartphone X,8037.62,3716.8,294.84,3421.96
2025-12-16,North America,Canada,Furniture,Executive Desk,1187.52,611.03,78.68,532.35
2025-03-09,North America,Canada,Office Supplies,Printer,6363.37,2266.25,341.83,1924.42
2025-04-08,Europe,United Kingdom,Technology,Business Tablet,3122.74,1262.39,136.52,1125.88
2024-01-28,North America,United States,Technology,Business Tablet,1095.34,433.07,54.52,378.56
2025-01-04,South America,Argentina,Technology,Cloud Server,8228.78,3009.21,404.74,2604.46
2025-05-16,North America,Canada,Technology,Laptop Pro,5892.31,2740.98,281.86,2459.12
2025-10-20,South America,Chile,Furniture,Ergonomic Chair,3882.14,1846.57,240.57,1606.0
2025-05-12,South America,Argentina,Office Supplies,Premium Paper,3336.99,1159.82,136.2,1023.61
2025-07-14,Asia Pacific,India,Technology,Business Tablet,3761.11,1836.29,296.9,1539.39
2024-10-04,Asia Pacific,Australia,Furniture,Storage Cabinet,5070.56,2041.49,382.98,1658.51
2024-08-22,Europe,United Kingdom,Office Supplies,Office Chair,9588.67,3702.89,731.21,2971.68
2024-10-09,South America,Chile,Furniture,Executive Desk,4051.02,1747.38,239.06,1508.32
2024-07-21,North America,Canada,Technology,Laptop Pro,2976.79,1399.54,157.47,1242.07
2025-06-13,South America,Chile,Office Supplies,Office Chair,1103.51,509.41,33.55,475.86
2024-01-15,Asia Pacific,Australia,Technology,Cloud Server,5207.7,2083.37,180.9,1902.46
2024-07-17,Europe,Spain,Office Supplies,Premium Paper,1067.86,496.83,60.65,436.18
2024-09-06,Europe,United Kingdom,Technology,Laptop Pro,3583.44,1731.72,152.33,1579.39
2025-03-19,South America,Chile,Office Supplies,Office Chair,6497.42,3070.24,199.72,2870.52
2025-07-15,Europe,Spain,Office Supplies,Premium Paper,930.7,430.22,57.28,372.94
2024-11-23,South America,Argentina,Technology,Business Tablet,7729.37,3680.49,389.0,3291.49
2025-07-15,Europe,France,Office Supplies,Office Chair,2821.72,1283.6,94.82,1188.78
2024-09-26,North America,Mexico,Furniture,Conference Table,616.26,212.13,24.18,187.95
2024-02-25,North America,Mexico,Office Supplies,Printer,9779.66,4405.39,457.27,3948.12
2025-12-13,Europe,United Kingdom,Technology,Smartphone X,3238.91,2006.71,402.35,1604.36
2025-05-06,Europe,Germany,Office Supplies,Premium Paper,2932.9,1375.82,171.05,1204.78
2024-01-20,Europe,Italy,Office Supplies,Office Chair,2455.16,1100.06,90.92,1009.14
2024-05-18,North America,Canada,Technology,Laptop Pro,9916.53,4102.29,782.07,3320.21
2024-05-13,North America,Mexico,Technology,Laptop Pro,4038.16,1422.85,126.7,1296.15
2025-11-10,Europe,Germany,Technology,Smartphone X,2932.25,1770.41,333.31,1437.1
2024-06-27,Asia Pacific,Japan,Furniture,Storage Cabinet,9575.89,3430.52,390.06,3040.46
2024-09-06,Asia Pacific,Australia,Office Supplies,Printer,3665.94,1362.89,144.01,1218.88
2025-02-13,Asia Pacific,Australia,Furniture,Storage Cabinet,4567.87,1571.04,197.27,1373.77
2025-06-08,South America,Argentina,Technology,Business Tablet,2151.74,814.84,151.72,663.12
2024-12-31,North America,Canada,Office Supplies,Desk Organizer,6438.47,3040.06,271.22,2768.83
2025-11-08,Asia Pacific,Japan,Furniture,Storage Cabinet,8388.59,3566.61,601.81,2964.79
2024-04-04,Asia Pacific,Japan,Office Supplies,Desk Organizer,4023.8,1698.97,291.13,1407.84
2024-09-30,South America,Argentina,Technology,Business Tablet,7981.57,3882.2,443.34,3438.86
2025-09-26,South America,Argentina,Office Supplies,Premium Paper,3032.71,1412.9,147.01,1265.89
2024-09-12,South America,Chile,Furniture,Ergonomic Chair,2012.91,1007.66,138.63,869.02
2024-10-04,South America,Argentina,Furniture,Ergonomic Chair,6835.77,2794.25,396.88,2397.37
2025-12-16,South America,Brazil,Furniture,Ergonomic Chair,7605.41,2762.6,305.19,2457.42
2025-12-25,South America,Argentina,Furniture,Conference Table,3329.2,1281.42,113.49,1167.93
2025-10-18,South America,Chile,Furniture,Storage Cabinet,9533.57,4472.15,546.78,3925.37
2024-08-17,Asia Pacific,Australia,Technology,Business Tablet,4402.83,1834.8,296.99,1537.81
2024-09-09,Europe,Italy,Technology,Cloud Server,7441.93,2830.48,433.68,2396.8
2025-08-27,North America,Mexico,Furniture,Executive Desk,4445.17,1753.19,183.28,1569.91
2025-05-27,Europe,Germany,Office Supplies,Office Chair,7099.06,2523.71,299.88,2223.84
2025-05-24,North America,Canada,Technology,Cloud Server,1059.84,500.69,72.86,427.83
2024-01-05,Europe,United Kingdom,Furniture,Storage Cabinet,8237.92,4275.73,619.42,3656.31
2024-01-20,North America,Canada,Furniture,Ergonomic Chair,5951.49,2360.57,469.93,1890.63
2024-10-19,South America,Brazil,Furniture,Ergonomic Chair,7938.47,3219.05,311.17,2907.89
2025-10-19,Asia Pacific,Japan,Furniture,Conference Table,4191.7,1897.18,197.95,1699.23
2025-02-19,North America,United States,Furniture,Executive Desk,4870.09,2296.06,288.57,2007.49
2025-08-25,Asia Pacific,India,Technology,Cloud Server,8296.26,3415.27,600.02,2815.25
2024-03-22,Europe,France,Furniture,Storage Cabinet,7173.9,2884.6,320.0,2564.6
2025-04-16,Europe,Spain,Office Supplies,Desk Organizer,9900.96,3642.89,634.62,3008.27
2025-07-17,North America,United States,Office Supplies,Office Chair,6200.78,2373.2,482.4,1890.8
2024-04-20,North America,Canada,Furniture,Executive Desk,1579.09,724.42,66.87,657.55
2025-09-08,Asia Pacific,India,Technology,Smartphone X,2651.0,1019.1,115.57,903.53
2025-05-02,South America,Argentina,Furniture,Conference Table,9591.48,3939.92,668.8,3271.12
2024-10-15,Europe,Spain,Furniture,Ergonomic Chair,1341.8,460.06,45.03,415.03
2025-03-20,South America,Chile,Technology,Laptop Pro,1202.18,474.71,68.79,405.92
2024-04-16,South America,Brazil,Office Supplies,Premium Paper,7830.76,2762.0,356.91,2405.09
2024-06-14,Europe,France,Furniture,Storage Cabinet,8605.55,4208.84,432.08,3776.76
2025-07-11,Europe,Germany,Furniture,Executive Desk,2841.25,1134.78,220.87,913.91
2024-07-24,Asia Pacific,Australia,Office Supplies,Printer,8937.47,4378.81,361.76,4017.05
2024-07-21,Europe,Italy,Technology,Cloud Server,5872.01,2671.64,318.75,2352.88
2025-08-28,Europe,France,Furniture,Storage Cabinet,1058.23,426.06,57.17,368.89
2025-12-19,Europe,Italy,Technology,Smartphone X,8830.6,6214.6,1373.81,4840.8
2024-01-17,North America,Canada,Office Supplies,Premium Paper,2034.93,1012.81,117.58,895.22
2025-11-01,Europe,United Kingdom,Technology,Laptop Pro,1758.94,1087.22,190.32,896.9
2025-05-11,Europe,Spain,Technology,Cloud Server,5026.15,2166.54,274.14,1892.4
2024-10-28,South America,Brazil,Furniture,Executive Desk,2769.0,1252.36,94.1,1158.25
2025-10-14,South America,Argentina,Furniture,Executive Desk,6747.4,2874.16,466.4,2407.76
2024-10-20,North America,United States,Furniture,Conference Table,1630.22,611.31,52.81,558.5
2025-12-28,North America,United States,Office Supplies,Office Chair,3649.21,1550.25,230.53,1319.72
2025-11-08,North America,Canada,Technology,Cloud Server,5704.74,2675.4,267.31,2408.1
2024-11-26,North America,Mexico,Office Supplies,Printer,8987.5,3253.05,554.08,2698.97
2024-10-16,South America,Chile,Technology,Cloud Server,6045.62,2722.11,366.84,2355.26
2025-06-17,Asia Pacific,Singapore,Office Supplies,Printer,5313.49,2694.95,318.25,2376.7
2024-02-29,Europe,United Kingdom,Technology,Business Tablet,4610.52,1914.98,291.25,1623.73
2025-02-15,North America,Canada,Office Supplies,Printer,8921.87,4166.27,349.84,3816.43
2025-10-15,Europe,Italy,Technology,Cloud Server,4339.97,2743.88,501.44,2242.44
2024-01-09,South America,Brazil,Furniture,Executive Desk,1288.53,633.38,80.79,552.59
2024-10-08,Europe,France,Technology,Cloud Server,5337.82,2639.06,272.49,2366.57
2024-07-03,Asia Pacific,India,Furniture,Storage Cabinet,7891.28,2727.61,238.77,2488.84
2025-10-15,South America,Argentina,Furniture,Executive Desk,6887.0,3570.58,483.54,3087.04
2024-04-12,South America,Brazil,Furniture,Conference Table,573.22,229.72,22.7,207.02
2024-04-23,Europe,United Kingdom,Furniture,Conference Table,1830.07,656.68,68.45,588.23
2024-06-28,North America,Canada,Technology,Business Tablet,4974.9,2419.04,280.09,2138.95
2025-01-01,Asia Pacific,India,Technology,Business Tablet,1376.56,642.38,79.44,562.94
2025-04-08,Europe,France,Office Supplies,Premium Paper,7193.04,3508.43,340.6,3167.83
2024-01-31,Asia Pacific,Japan,Office Supplies,Desk Organizer,9312.63,3602.74,578.84,3023.9
2025-08-29,North America,United States,Office Supplies,Printer,1617.77,757.56,102.32,655.25
2025-05-16,Europe,Spain,Office Supplies,Office Chair,777.5,365.31,23.99,341.32
2024-03-15,Europe,United Kingdom,Technology,Business Tablet,9145.32,4145.72,425.0,3720.72
2024-11-04,Europe,Spain,Office Supplies,Office Chair,7973.11,3603.05,600.53,3002.52
2025-11-02,Asia Pacific,Australia,Office Supplies,Desk Organizer,8098.74,3380.13,600.84,2779.29
2024-05-11,Europe,France,Technology,Smartphone X,714.44,271.86,33.73,238.12
2025-07-26,Europe,France,Office Supplies,Premium Paper,6842.53,2639.83,487.16,2152.67
2025-09-27,South America,Argentina,Technology,Cloud Server,6164.48,2297.98,435.93,1862.05
2025-07-19,Asia Pacific,Australia,Office Supplies,Printer,6127.39,2538.68,419.16,2119.52
2025-07-11,Asia Pacific,Japan,Furniture,Executive Desk,8424.1,3722.67,433.81,3288.86
2025-10-14,Europe,United Kingdom,Office Supplies,Office Chair,5438.31,3596.9,781.34,2815.56
2025-02-01,Asia Pacific,Singapore,Office Supplies,Office Chair,2718.52,1255.91,132.02,1123.9
2024-02-14,Europe,Italy,Office Supplies,Office Chair,4719.51,1675.99,194.13,1481.86
2025-11-10,Europe,United Kingdom,Furniture,Executive Desk,1830.13,1165.37,235.6,929.77
2025-02-12,North America,Mexico,Furniture,Storage Cabinet,3309.73,1369.86,227.36,1142.5
2025-05-25,North America,Canada,Technology,Business Tablet,6915.47,2580.16,256.16,2324.0
2024-09-13,North America,United States,Office Supplies,Premium Paper,7784.53,3065.58,410.39,2655.19
2024-05-09,Asia Pacific,India,Furniture,Ergonomic Chair,3749.08,1841.78,187.14,1654.64
2024-04-20,Asia Pacific,Australia,Office Supplies,Desk Organizer,3176.99,1651.75,242.75,1409.01
2025-01-28,North America,Canada,Furniture,Storage Cabinet,641.99,250.43,31.1,219.32
2024-03-03,North America,United States,Technology,Smartphone X,6395.53,2626.51,383.66,2242.85
2025-01-02,North America,United States,Technology,Business Tablet,6580.34,3127.03,243.24,2883.79
2025-01-31,North America,United States,Office Supplies,Premium Paper,9160.66,3414.43,474.1,2940.33
2024-07-07,Europe,Italy,Technology,Laptop Pro,5111.04,2569.34,306.72,2262.62
2024-05-14,Europe,United Kingdom,Technology,Cloud Server,4908.1,2345.99,190.64,2155.35
2024-05-02,Asia Pacific,Japan,Furniture,Conference Table,9048.55,3600.09,366.43,3233.66
2024-01-06,South America,Brazil,Technology,Business Tablet,7639.48,3680.18,275.45,3404.74
2024-08-24,North America,Mexico,Technology,Business Tablet,5550.57,2711.77,265.95,2445.82
2024-07-08,North America,United States,Office Supplies,Premium Paper,6878.53,2518.47,404.61,2113.86
2025-10-20,North America,United States,Office Supplies,Office Chair,5149.39,2231.06,309.92,1921.14
2024-01-03,Europe,Germany,Technology,Business Tablet,4587.73,1815.49,179.89,1635.61
2024-12-14,South America,Chile,Furniture,Ergonomic Chair,7150.13,2692.71,479.05,2213.67
2024-12-28,Asia Pacific,India,Furniture,Storage Cabinet,6003.99,2810.91,449.85,2361.05
2024-08-20,Europe,United Kingdom,Office Supplies,Office Chair,1798.81,743.39,140.52,602.87
2025-10-28,South America,Argentina,Furniture,Executive Desk,3206.21,1310.0,166.9,1143.1
2024-10-21,North America,Canada,Technology,Laptop Pro,6341.92,3103.64,302.11,2801.53
2025-11-24,Europe,Germany,Furniture,Storage Cabinet,9753.33,6108.57,1009.52,5099.05
2024-06-30,South America,Chile,Office Supplies,Premium Paper,1687.71,768.87,64.14,704.73
2024-03-29,Asia Pacific,Singapore,Furniture,Executive Desk,4364.4,1646.23,288.35,1357.88
2024-03-02,North America,United States,Technology,Laptop Pro,6914.14,2903.4,423.86,2479.54
2025-11-27,South America,Brazil,Office Supplies,Desk Organizer,6509.81,2428.02,275.39,2152.63
2024-06-03,North America,Mexico,Office Supplies,Premium Paper,5621.94,2369.35,188.79,2180.56
2024-05-21,South America,Chile,Furniture,Ergonomic Chair,6647.65,2633.66,272.78,2360.88
2025-05-24,Europe,Germany,Office Supplies,Office Chair,6259.6,2259.01,200.32,2058.69
2024-09-07,South America,Argentina,Technology,Smartphone X,8800.16,3864.27,296.19,3568.08
2024-05-26,Asia Pacific,Singapore,Office Supplies,Desk Organizer,4109.9,1684.44,322.81,1361.63
2025-07-02,Asia Pacific,India,Office Supplies,Office Chair,8113.75,3421.28,382.36,3038.92
2024-03-14,Asia Pacific,Japan,Furniture,Conference Table,891.82,319.71,39.01,280.7
2024-02-01,South America,Argentina,Technology,Cloud Server,4232.73,1607.82,221.18,1386.64
2024-08-13,Asia Pacific,India,Technology,Cloud Server,2239.25,938.47,172.77,765.71
2024-08-13,North America,Canada,Office Supplies,Desk Organizer,3483.15,1648.87,211.36,1437.52
2025-02-24,Asia Pacific,Singapore,Furniture,Ergonomic Chair,6092.47,2241.39,267.67,1973.73
2025-08-14,Asia Pacific,Australia,Technology,Laptop Pro,3414.86,1501.06,156.21,1344.84
2025-02-27,North America,Mexico,Office Supplies,Printer,4139.24,2120.36,301.91,1818.46
2024-05-26,Europe,Italy,Technology,Cloud Server,8820.25,3930.4,343.69,3586.7
2024-08-24,Asia Pacific,India,Furniture,Storage Cabinet,6050.91,2399.59,388.71,2010.88
2024-10-02,North America,United States,Technology,Laptop Pro,3361.04,1657.46,211.2,1446.26
2024-01-05,North America,United States,Technology,Business Tablet,8983.31,4028.28,711.46,3316.82
2025-12-07,Europe,United Kingdom,Office Supplies,Desk Organizer,7368.88,4931.25,1118.9,3812.35
2024-10-25,Europe,Italy,Technology,Smartphone X,2686.69,1150.82,98.6,1052.23
2024-10-26,South America,Chile,Furniture,Conference Table,7854.63,3072.85,488.99,2583.86
2024-06-08,Europe,Spain,Furniture,Ergonomic Chair,3508.23,1604.67,174.48,1430.18
2025-02-13,South America,Brazil,Office Supplies,Office Chair,4366.46,1615.54,161.7,1453.84
2025-06-16,South America,Brazil,Technology,Laptop Pro,1139.95,445.08,79.44,365.64
2024-06-04,Europe,Germany,Furniture,Ergonomic Chair,5282.11,2058.16,260.86,1797.31
2024-09-16,North America,United States,Technology,Cloud Server,8566.6,3858.44,420.2,3438.24
2025-06-05,North America,Mexico,Furniture,Storage Cabinet,5238.27,2332.6,179.62,2152.98
2024-07-30,South America,Brazil,Office Supplies,Printer,6262.6,2471.53,324.05,2147.48
2025-09-05,North America,United States,Furniture,Ergonomic Chair,9213.66,3756.86,605.89,3150.98
2024-02-23,Europe,France,Technology,Business Tablet,6405.5,2877.47,222.14,2655.33
2025-07-31,North America,Canada,Technology,Laptop Pro,1235.73,592.44,55.1,537.34
2024-04-22,South America,Argentina,Furniture,Executive Desk,5638.49,2170.26,437.45,1732.81
2025-06-05,Europe,United Kingdom,Office Supplies,Premium Paper,1081.89,380.08,45.55,334.54
2024-12-22,South America,Argentina,Furniture,Ergonomic Chair,1220.55,462.03,56.77,405.27
2025-06-18,Europe,United Kingdom,Furniture,Conference Table,5034.46,2095.97,239.71,1856.27
2024-02-21,North America,United States,Furniture,Executive Desk,1479.54,646.66,113.29,533.37
2025-01-25,Asia Pacific,Singapore,Technology,Cloud Server,8487.55,3486.12,365.93,3120.2
2024-04-03,Europe,France,Office Supplies,Premium Paper,4345.59,1980.03,281.14,1698.89
2025-10-23,North America,Canada,Furniture,Executive Desk,4641.35,1725.67,258.98,1466.69
2025-02-02,South America,Chile,Office Supplies,Premium Paper,1309.28,598.37,93.39,504.98
2025-01-29,South America,Argentina,Furniture,Conference Table,6807.96,2432.2,226.59,2205.61
2024-02-12,Asia Pacific,India,Office Supplies,Office Chair,4061.78,1626.82,252.57,1374.25
2024-03-09,Asia Pacific,Singapore,Office Supplies,Desk Organizer,7203.1,3055.27,305.02,2750.25
2024-09-02,North America,Mexico,Furniture,Conference Table,3181.74,1340.01,200.36,1139.65
2024-04-06,South America,Chile,Office Supplies,Printer,5815.8,2073.29,270.51,1802.78
2024-10-01,South America,Argentina,Furniture,Storage Cabinet,6245.15,2510.19,441.78,2068.41
2024-07-26,Europe,France,Furniture,Ergonomic Chair,2442.83,1192.7,129.72,1062.98
2025-05-05,South America,Argentina,Furniture,Conference Table,2922.94,1049.32,141.91,907.41
2025-12-28,Europe,France,Office Supplies,Office Chair,8810.48,5330.01,1007.15,4322.86
2025-07-11,South America,Brazil,Technology,Cloud Server,1688.09,740.58,51.32,689.26
2025-04-12,North America,Mexico,Furniture,Conference Table,9526.24,4500.78,509.25,3991.53
2024-04-28,Europe,Spain,Office Supplies,Office Chair,3530.87,1617.25,190.8,1426.45
2025-05-31,South America,Brazil,Technology,Laptop Pro,581.89,275.48,21.72,253.77
2024-02-19,North America,Mexico,Office Supplies,Office Chair,2337.89,1065.41,127.28,938.13
2025-11-25,Europe,United Kingdom,Furniture,Storage Cabinet,8563.28,5758.02,1245.47,4512.55
2025-12-29,South America,Brazil,Furniture,Storage Cabinet,1529.2,634.94,92.51,542.43
2024-12-24,South America,Argentina,Office Supplies,Desk Organizer,3311.96,1514.43,219.16,1295.27
2025-01-21,North America,United States,Office Supplies,Printer,652.74,287.59,31.55,256.04
2024-06-14,Asia Pacific,Japan,Furniture,Storage Cabinet,6980.43,2957.58,481.77,2475.81
2025-10-01,North America,Mexico,Technology,Smartphone X,8458.99,3848.25,575.31,3272.94
2024-09-06,Europe,Italy,Technology,Business Tablet,7086.15,2932.95,298.77,2634.18
2024-02-21,Europe,United Kingdom,Office Supplies,Premium Paper,1284.85,608.45,40.93,567.52
2025-12-19,Europe,Germany,Technology,Cloud Server,7233.97,4232.12,737.59,3494.54
2025-02-14,Asia Pacific,Japan,Furniture,Ergonomic Chair,8524.61,4231.22,510.57,3720.65
2025-07-23,North America,United States,Office Supplies,Printer,5322.2,2421.43,254.98,2166.45
2024-04-01,North America,United States,Office Supplies,Desk Organizer,4983.94,1775.78,212.35,1563.43
2024-09-05,South America,Chile,Office Supplies,Printer,6948.4,2597.3,262.57,2334.73
2024-07-31,Europe,Italy,Furniture,Conference Table,8264.22,3383.32,398.69,2984.62
2025-06-14,North America,Canada,Office Supplies,Printer,3006.76,1528.72,225.75,1302.97
2025-05-25,North America,Canada,Technology,Laptop Pro,8203.02,3856.34,547.4,3308.94
2025-11-04,North America,United States,Furniture,Storage Cabinet,6808.67,2561.97,431.17,2130.8
2025-01-21,Europe,United Kingdom,Technology,Laptop Pro,5815.04,2274.33,235.06,2039.27
2024-05-26,South America,Brazil,Office Supplies,Office Chair,7431.51,3691.01,481.59,3209.42
2024-07-21,North America,Canada,Office Supplies,Office Chair,4123.2,1973.14,295.35,1677.79
2024-07-24,Europe,Germany,Technology,Laptop Pro,7362.63,3274.28,414.64,2859.65
2025-09-01,North America,United States,Furniture,Storage Cabinet,5449.89,2613.47,384.09,2229.37
2024-11-13,Europe,France,Furniture,Conference Table,3691.26,1757.04,122.64,1634.4
2025-07-10,North America,Mexico,Furniture,Executive Desk,6405.56,2630.7,487.93,2142.77
2025-12-24,North America,Mexico,Office Supplies,Desk Organizer,4534.63,1755.99,230.7,1525.3
2024-06-23,Europe,Spain,Technology,Smartphone X,9857.93,4461.81,507.23,3954.58
2024-03-09,Asia Pacific,Australia,Office Supplies,Printer,7806.48,3908.01,574.48,3333.53
2024-08-13,Europe,Germany,Technology,Business Tablet,6968.37,3524.24,444.0,3080.24
2024-09-07,Europe,Spain,Office Supplies,Desk Organizer,9333.75,4215.46,568.77,3646.69
2024-10-24,North America,United States,Furniture,Executive Desk,7596.46,2826.64,388.25,2438.38
2024-08-26,South America,Argentina,Furniture,Ergonomic Chair,6652.57,2985.76,234.12,2751.64
2025-05-12,South America,Argentina,Furniture,Executive Desk,5336.33,2376.24,392.15,1984.09
2024-05-08,North America,Canada,Technology,Cloud Server,5675.1,2833.27,359.45,2473.82
2024-01-26,Europe,Italy,Furniture,Conference Table,4868.96,2044.15,290.22,1753.93
2024-07-07,South America,Argentina,Office Supplies,Desk Organizer,5389.87,2340.44,164.71,2175.73
2025-12-17,North America,Canada,Furniture,Storage Cabinet,1313.44,564.95,93.06,471.89
2024-06-22,North America,Mexico,Furniture,Executive Desk,4906.1,2105.74,206.51,1899.23
2024-11-21,Europe,France,Office Supplies,Printer,6413.63,2627.38,241.25,2386.13
2024-11-26,South America,Argentina,Office Supplies,Premium Paper,5715.92,2206.61,330.68,1875.93
2025-06-28,Europe,United Kingdom,Technology,Laptop Pro,9225.33,4480.96,410.95,4070.02
2025-03-27,Europe,Italy,Office Supplies,Desk Organizer,5738.64,2076.06,192.24,1883.83
2024-05-22,Asia Pacific,Singapore,Office Supplies,Premium Paper,5576.64,2390.28,348.06,2042.22
2024-11-11,South America,Brazil,Technology,Business Tablet,7851.74,2833.13,472.47,2360.66
2024-09-25,Asia Pacific,Japan,Furniture,Storage Cabinet,5831.19,2803.8,276.86,2526.94
2025-04-19,Europe,France,Furniture,Executive Desk,7852.44,3292.91,242.65,3050.26
2024-04-14,North America,Canada,Furniture,Executive Desk,1106.17,495.41,79.4,416.0
2024-02-06,South America,Argentina,Technology,Laptop Pro,4314.25,1914.24,203.77,1710.47
2024-07-04,North America,United States,Technology,Cloud Server,6244.92,3027.7,385.31,2642.39
2024-01-17,South America,Brazil,Technology,Laptop Pro,7933.36,3288.77,315.58,2973.2
2024-05-19,Asia Pacific,Japan,Office Supplies,Desk Organizer,1819.48,844.19,106.82,737.37
2025-01-07,North America,Canada,Furniture,Ergonomic Chair,9944.35,4484.15,460.74,4023.41
2025-12-07,Europe,United Kingdom,Office Supplies,Desk Organizer,9487.35,6332.04,1391.02,4941.02
2025-05-22,Asia Pacific,India,Furniture,Storage Cabinet,5656.13,2343.65,228.59,2115.06
2025-10-23,Asia Pacific,Australia,Office Supplies,Office Chair,2916.67,1320.43,128.43,1191.99
2025-11-02,South America,Chile,Furniture,Storage Cabinet,3862.39,1819.31,154.23,1665.08
2024-10-01,North America,Canada,Furniture,Conference Table,6782.83,3403.42,425.59,2977.83
2025-03-15,North America,Canada,Office Supplies,Office Chair,4624.68,1867.13,208.04,1659.08
2024-11-16,North America,United States,Technology,Cloud Server,4991.24,2040.96,150.88,1890.08
2025-06-04,Asia Pacific,Japan,Technology,Cloud Server,7828.81,3385.45,320.37,3065.08
2025-10-26,Asia Pacific,Australia,Technology,Cloud Server,9969.76,4754.6,731.04,4023.56
2024-02-02,Asia Pacific,India,Furniture,Ergonomic Chair,3531.71,1372.64,281.57,1091.07
2024-02-02,North America,Mexico,Office Supplies,Desk Organizer,4903.07,2158.98,149.1,2009.88
2025-04-13,North America,Canada,Technology,Smartphone X,5887.87,2690.07,308.18,2381.89
2025-05-16,North America,Mexico,Office Supplies,Printer,6531.89,3276.79,413.78,2863.01
2025-12-03,Europe,France,Furniture,Executive Desk,1102.64,701.7,133.71,567.99
2025-11-23,North America,Mexico,Furniture,Executive Desk,3349.03,1387.91,210.64,1177.27
2025-07-29,Europe,United Kingdom,Technology,Business Tablet,2656.27,1023.07,200.4,822.67
2025-09-02,Asia Pacific,Japan,Technology,Cloud Server,6394.19,3014.2,297.53,2716.67
2024-03-21,Europe,Germany,Technology,Smartphone X,6739.79,2899.15,294.79,2604.36
2024-06-19,South America,Argentina,Technology,Cloud Server,8262.59,3090.66,427.23,2663.43
2025-11-22,South America,Brazil,Furniture,Ergonomic Chair,1554.59,553.19,74.89,478.3
2024-08-16,North America,Mexico,Furniture,Ergonomic Chair,3811.34,1468.68,129.63,1339.05
2025-10-09,South America,Brazil,Furniture,Executive Desk,6053.7,2315.82,205.34,2110.48
2025-11-12,Asia Pacific,Australia,Office Supplies,Printer,7680.09,2962.02,404.65,2557.38
2024-02-02,South America,Brazil,Office Supplies,Office Chair,5666.25,2090.45,299.07,1791.37
2024-09-10,South America,Argentina,Office Supplies,Premium Paper,9978.03,3546.22,342.68,3203.54
2024-11-21,South America,Argentina,Office Supplies,Office Chair,7729.98,2888.5,271.13,2617.37
2025-03-10,Europe,Spain,Office Supplies,Premium Paper,5356.06,2515.39,279.07,2236.32
2024-06-12,Europe,Spain,Furniture,Executive Desk,4527.02,1789.45,272.42,1517.03
2025-03-17,North America,United States,Technology,Business Tablet,9523.29,4000.52,520.96,3479.56
2024-03-01,Asia Pacific,Australia,Technology,Business Tablet,7350.48,3529.84,418.92,3110.91
2024-05-08,South America,Argentina,Technology,Laptop Pro,9502.61,4595.52,387.38,4208.14
2024-08-22,Europe,United Kingdom,Furniture,Ergonomic Chair,8576.99,3071.89,382.43,2689.47
2024-06-04,Europe,France,Office Supplies,Office Chair,4307.01,1842.93,314.2,1528.73
2024-05-28,North America,Mexico,Technology,Laptop Pro,2840.01,1045.03,136.58,908.45
2025-01-14,South America,Argentina,Office Supplies,Office Chair,6260.6,2350.89,412.68,1938.21
2024-10-26,Europe,United Kingdom,Furniture,Ergonomic Chair,2343.78,903.07,170.02,733.05
2024-07-26,Asia Pacific,Japan,Office Supplies,Printer,2637.73,1302.15,196.06,1106.08
2025-12-03,North America,Mexico,Furniture,Storage Cabinet,5094.62,2226.81,180.15,2046.66
2024-01-17,South America,Brazil,Furniture,Executive Desk,9512.88,4762.78,573.13,4189.65
2025-02-03,Asia Pacific,India,Office Supplies,Office Chair,8643.71,3876.51,623.15,3253.36
2024-05-24,Europe,Germany,Furniture,Storage Cabinet,2671.59,1150.44,101.08,1049.36
2025-08-30,North America,Canada,Furniture,Executive Desk,7975.04,3432.2,510.16,2922.04
2025-03-21,South America,Brazil,Technology,Business Tablet,1800.64,773.62,94.64,678.98
2024-01-02,South America,Chile,Office Supplies,Printer,8579.21,4144.59,617.91,3526.68
2024-03-23,Asia Pacific,Japan,Technology,Business Tablet,3104.56,1173.87,218.7,955.17
2024-06-30,Europe,France,Furniture,Storage Cabinet,7552.81,3294.04,438.24,2855.8
2025-07-22,Europe,France,Furniture,Ergonomic Chair,6560.54,3087.26,252.61,2834.64
2024-11-19,South America,Argentina,Office Supplies,Premium Paper,2758.53,1270.24,120.3,1149.94
2025-09-11,North America,Canada,Office Supplies,Desk Organizer,6954.49,2629.35,232.56,2396.79
2025-12-29,North America,United States,Office Supplies,Premium Paper,924.21,466.55,66.09,400.46
2025-11-11,North America,Canada,Technology,Laptop Pro,960.45,429.86,33.62,396.23
2024-09-07,Asia Pacific,Singapore,Technology,Laptop Pro,5682.17,2012.05,171.3,1840.75
2024-08-28,North America,Canada,Technology,Smartphone X,799.5,337.69,31.86,305.83
2024-03-19,South America,Chile,Technology,Cloud Server,2611.5,1222.29,109.36,1112.93
2025-08-01,Europe,Italy,Technology,Cloud Server,6202.21,2638.37,344.31,2294.06
2025-12-24,Asia Pacific,Singapore,Office Supplies,Desk Organizer,2249.78,796.63,107.27,689.36
2024-03-23,Asia Pacific,India,Technology,Cloud Server,9176.58,3855.98,474.29,3381.69
2024-10-02,Asia Pacific,India,Furniture,Ergonomic Chair,1489.9,540.57,45.18,495.4
2025-01-15,Europe,Germany,Furniture,Executive Desk,6411.05,2981.0,289.76,2691.24
2024-09-22,Asia Pacific,Singapore,Furniture,Storage Cabinet,1846.8,750.24,86.65,663.58
2024-04-27,North America,Canada,Office Supplies,Desk Organizer,1243.35,537.87,82.95,454.92
2024-04-29,South America,Brazil,Office Supplies,Office Chair,6054.22,2402.57,222.33,2180.24
2025-02-15,South America,Argentina,Furniture,Conference Table,9429.58,3871.4,516.0,3355.41
2025-04-14,Europe,France,Furniture,Storage Cabinet,7600.68,3464.4,245.71,3218.7
2024-05-23,North America,Mexico,Furniture,Ergonomic Chair,6838.56,3346.17,308.39,3037.77
2025-02-04,South America,Brazil,Office Supplies,Desk Organizer,2445.54,923.45,109.66,813.78
2025-11-27,Europe,Germany,Office Supplies,Desk Organizer,7901.79,5290.8,967.78,4323.02
2024-10-29,North America,United States,Furniture,Storage Cabinet,9908.32,4467.95,399.9,4068.04
2025-03-01,Asia Pacific,Singapore,Technology,Business Tablet,4188.83,1823.88,330.28,1493.59
2025-01-31,South America,Brazil,Technology,Cloud Server,5736.46,2630.04,238.44,2391.6
2024-01-29,Asia Pacific,Japan,Office Supplies,Office Chair,4314.86,1752.69,311.3,1441.39
2024-12-18,North America,Mexico,Technology,Laptop Pro,6782.55,2725.92,520.58,2205.35
2025-01-27,Asia Pacific,Japan,Office Supplies,Premium Paper,914.97,355.46,44.7,310.75
2025-12-03,North America,Mexico,Technology,Laptop Pro,5660.55,2157.97,315.17,1842.8
2024-10-14,South America,Brazil,Furniture,Conference Table,694.01,300.36,36.31,264.05
2025-08-20,South America,Chile,Technology,Cloud Server,3679.33,1574.28,223.12,1351.16
2025-06-17,Asia Pacific,Singapore,Office Supplies,Desk Organizer,6430.68,2228.83,244.76,1984.07
2024-05-18,Europe,Italy,Technology,Laptop Pro,3152.01,1568.37,219.15,1349.22
2025-03-03,Asia Pacific,India,Furniture,Executive Desk,9951.56,4619.3,303.23,4316.07
2024-03-19,South America,Brazil,Furniture,Ergonomic Chair,4360.63,1814.66,347.36,1467.3
2024-07-23,Europe,France,Furniture,Storage Cabinet,9820.16,3953.58,467.64,3485.95
2024-07-01,South America,Brazil,Office Supplies,Printer,6283.62,2566.11,475.62,2090.48
2025-06-03,Europe,Germany,Furniture,Conference Table,5492.78,2542.94,326.81,2216.12
2025-08-17,Europe,Italy,Furniture,Conference Table,7128.14,2547.84,287.69,2260.15
2024-01-14,South America,Brazil,Office Supplies,Desk Organizer,3806.56,1842.69,246.59,1596.1
2024-04-27,South America,Brazil,Furniture,Conference Table,4505.12,1756.81,323.82,1432.99
2024-03-19,South America,Chile,Furniture,Ergonomic Chair,3043.73,1150.19,220.35,929.84
2024-11-13,Europe,France,Office Supplies,Office Chair,6213.08,2864.47,301.82,2562.65
2024-12-06,North America,Canada,Furniture,Storage Cabinet,9086.15,4222.97,379.08,3843.89
2025-09-04,Europe,France,Office Supplies,Printer,9992.31,3939.77,615.59,3324.18
2024-05-28,Asia Pacific,Australia,Technology,Cloud Server,8182.86,3031.51,491.05,2540.46
2024-07-07,Asia Pacific,India,Furniture,Ergonomic Chair,8404.68,4244.77,629.52,3615.25
2024-04-18,North America,Mexico,Technology,Cloud Server,8205.43,3079.72,468.53,2611.19
2024-08-26,Asia Pacific,Australia,Office Supplies,Premium Paper,8335.74,3886.47,481.33,3405.14
2024-11-21,North America,United States,Office Supplies,Desk Organizer,2567.47,898.68,108.14,790.55
2025-04-26,South America,Chile,Furniture,Ergonomic Chair,7864.12,3584.43,491.75,3092.68
2025-03-14,Asia Pacific,Australia,Furniture,Storage Cabinet,1788.31,729.82,118.87,610.95
2025-07-29,North America,Mexico,Technology,Cloud Server,5092.82,2321.66,200.7,2120.96
2025-10-28,Europe,Italy,Office Supplies,Premium Paper,1132.15,773.38,176.68,596.7
2025-04-08,Europe,Italy,Furniture,Conference Table,1649.73,765.24,107.78,657.47
2024-01-12,North America,Canada,Technology,Smartphone X,6640.22,3237.11,512.99,2724.13
2024-04-06,North America,United States,Office Supplies,Office Chair,2255.86,859.11,102.94,756.17
2024-01-15,Europe,Spain,Technology,Business Tablet,3256.8,1280.8,221.59,1059.21
2025-07-20,Asia Pacific,Japan,Furniture,Executive Desk,1994.75,822.54,140.48,682.06
2025-01-11,Europe,Spain,Office Supplies,Desk Organizer,4407.85,2125.16,338.96,1786.21
2024-04-30,South America,Chile,Technology,Business Tablet,4457.02,1790.51,270.25,1520.27
2025-08-12,Asia Pacific,India,Office Supplies,Desk Organizer,3839.75,1743.83,234.23,1509.6
2024-03-07,North America,Canada,Technology,Business Tablet,3454.94,1521.72,155.49,1366.23
2024-11-28,Europe,Spain,Technology,Smartphone X,4162.66,1608.89,312.58,1296.31
2024-03-13,Europe,France,Office Supplies,Desk Organizer,3535.49,1440.86,238.53,1202.33
2025-08-30,North America,United States,Furniture,Conference Table,2797.69,1137.02,137.31,999.71
2025-08-20,South America,Chile,Technology,Smartphone X,5913.55,2317.65,336.26,1981.39
2024-04-05,Asia Pacific,India,Technology,Smartphone X,6283.88,2284.14,383.67,1900.47
2024-08-24,Asia Pacific,Japan,Office Supplies,Office Chair,3293.53,1384.76,209.69,1175.07
2025-06-08,North America,Canada,Office Supplies,Office Chair,2414.93,968.04,134.92,833.12
2025-09-11,North America,United States,Office Supplies,Office Chair,4990.08,1962.26,388.49,1573.77
2025-06-23,South America,Argentina,Furniture,Ergonomic Chair,7450.72,3315.29,512.63,2802.66
2025-01-05,Asia Pacific,Japan,Office Supplies,Office Chair,7410.85,2991.6,572.03,2419.56
2024-05-16,Asia Pacific,Australia,Technology,Cloud Server,3055.39,1291.35,218.9,1072.45
2025-08-14,Asia Pacific,Japan,Furniture,Ergonomic Chair,6283.4,3191.52,477.9,2713.62
2025-10-08,Europe,France,Furniture,Storage Cabinet,8163.35,5068.7,918.96,4149.74
2025-09-07,Europe,Italy,Office Supplies,Printer,925.61,406.17,64.91,341.26
2025-06-19,North America,United States,Technology,Business Tablet,3102.7,1427.39,240.39,1187.01
2024-08-05,Asia Pacific,Australia,Furniture,Storage Cabinet,6836.14,2933.62,353.3,2580.31
2025-04-05,Asia Pacific,Singapore,Technology,Cloud Server,7157.56,3158.66,520.12,2638.54
2025-10-19,Europe,Italy,Furniture,Executive Desk,1307.53,771.16,132.82,638.34
2024-08-08,Asia Pacific,Singapore,Technology,Business Tablet,4225.8,2008.66,215.27,1793.39
2024-11-29,Europe,United Kingdom,Technology,Cloud Server,9464.99,4279.61,465.85,3813.76
2025-11-09,Asia Pacific,Australia,Furniture,Conference Table,2441.9,1178.53,191.65,986.88
2025-01-11,South America,Chile,Furniture,Ergonomic Chair,677.14,353.99,51.68,302.32
2024-11-27,Europe,United Kingdom,Office Supplies,Desk Organizer,8640.29,4008.33,668.93,3339.4
2025-05-11,Asia Pacific,Australia,Technology,Smartphone X,8335.83,3798.0,360.23,3437.77
2024-07-01,South America,Brazil,Office Supplies,Office Chair,9045.33,4128.73,327.61,3801.12
2024-02-04,North America,Canada,Technology,Smartphone X,5619.71,2869.67,449.29,2420.38
2025-03-14,North America,Canada,Office Supplies,Premium Paper,6477.26,2957.24,275.08,2682.16
2025-10-24,Asia Pacific,Japan,Furniture,Storage Cabinet,8664.79,4278.54,550.72,3727.82
2024-07-19,Asia Pacific,Australia,Technology,Laptop Pro,7340.86,2798.16,502.77,2295.39
2024-05-24,South America,Chile,Furniture,Storage Cabinet,6210.28,2378.13,436.74,1941.39
2025-10-26,North America,United States,Office Supplies,Printer,1900.58,942.0,124.31,817.69
2025-04-15,Asia Pacific,Singapore,Office Supplies,Premium Paper,8969.57,3667.13,455.19,3211.95
2024-02-22,North America,Mexico,Office Supplies,Office Chair,2910.43,1288.05,118.06,1169.99
2025-09-01,Asia Pacific,Singapore,Furniture,Storage Cabinet,7598.48,3415.07,316.34,3098.73
2025-07-04,Europe,France,Technology,Smartphone X,4022.45,1755.33,138.53,1616.8
2024-02-18,South America,Brazil,Technology,Cloud Server,3363.8,1624.74,178.45,1446.29
2025-03-14,North America,Mexico,Office Supplies,Office Chair,4187.18,2067.23,218.67,1848.56
2024-11-16,Europe,Spain,Furniture,Storage Cabinet,8230.31,3247.14,450.94,2796.21
2025-01-18,Asia Pacific,Australia,Furniture,Conference Table,9439.02,4639.65,619.61,4020.05
2024-05-21,Asia Pacific,Japan,Office Supplies,Desk Organizer,7978.51,4030.64,586.11,3444.54
2024-09-02,South America,Argentina,Office Supplies,Desk Organizer,5796.94,2234.52,250.76,1983.76
2024-06-02,Europe,Italy,Office Supplies,Desk Organizer,3869.57,1541.93,202.21,1339.72
2024-07-23,Asia Pacific,India,Technology,Business Tablet,7666.62,3661.32,479.83,3181.49
2024-07-31,Europe,Spain,Furniture,Executive Desk,7993.28,3427.74,258.39,3169.36
2024-10-11,Europe,Italy,Office Supplies,Desk Organizer,3892.15,1627.09,163.89,1463.2
2024-10-24,Asia Pacific,Australia,Technology,Business Tablet,6719.59,2726.14,284.24,2441.9
2024-07-03,North America,Mexico,Technology,Cloud Server,4583.45,1691.11,294.15,1396.96
2025-11-18,Europe,Germany,Office Supplies,Desk Organizer,774.58,488.88,111.65,377.23
2024-11-11,Asia Pacific,Singapore,Technology,Laptop Pro,6200.07,2913.42,341.58,2571.84
2025-08-28,South America,Argentina,Technology,Laptop Pro,5702.38,2556.61,261.82,2294.79
2024-08-08,South America,Argentina,Office Supplies,Desk Organizer,1226.76,568.04,65.66,502.39
2025-03-11,Europe,Spain,Furniture,Storage Cabinet,5355.66,2379.91,235.83,2144.08
2025-04-17,South America,Argentina,Furniture,Storage Cabinet,5701.82,2182.63,346.13,1836.49
2025-01-16,North America,Canada,Office Supplies,Printer,9790.53,4099.92,301.93,3797.99
2025-10-19,Europe,United Kingdom,Furniture,Conference Table,7163.14,4586.63,1019.04,3567.59
2025-05-23,South America,Argentina,Technology,Business Tablet,3143.28,1302.18,132.33,1169.86
2025-07-01,South America,Brazil,Technology,Laptop Pro,2907.08,1145.38,118.65,1026.73
2024-03-31,South America,Argentina,Technology,Business Tablet,5103.26,2091.53,215.26,1876.27
2025-07-19,Europe,United Kingdom,Office Supplies,Printer,2092.77,924.0,153.27,770.73
2024-05-11,Europe,France,Office Supplies,Printer,3179.25,1199.73,238.0,961.73
2025-11-19,North America,Mexico,Technology,Cloud Server,6628.83,3349.89,527.69,2822.19
2025-07-04,South America,Argentina,Office Supplies,Desk Organizer,5051.13,1762.01,174.31,1587.71
2024-07-27,Asia Pacific,India,Furniture,Conference Table,582.3,234.08,28.35,205.73
2024-09-30,South America,Argentina,Furniture,Executive Desk,3817.99,1983.11,293.16,1689.96
2025-07-04,Asia Pacific,Japan,Furniture,Executive Desk,5145.11,2251.16,242.78,2008.38
2025-09-29,Europe,Spain,Furniture,Ergonomic Chair,7205.88,3460.88,566.91,2893.97
2024-06-23,South America,Argentina,Office Supplies,Premium Paper,4079.5,1684.08,249.02,1435.06
2024-08-08,North America,United States,Furniture,Conference Table,3454.97,1633.95,202.45,1431.5
2025-07-14,Europe,Germany,Technology,Laptop Pro,8281.68,3887.22,326.74,3560.48
2024-05-10,North America,Canada,Technology,Laptop Pro,7046.81,3454.04,413.73,3040.31
2024-09-04,Europe,Spain,Furniture,Executive Desk,2147.19,891.06,81.03,810.03
2024-07-16,Asia Pacific,India,Technology,Business Tablet,7375.43,2623.37,313.26,2310.12
2024-12-06,Asia Pacific,Australia,Technology,Laptop Pro,9546.56,3628.25,305.01,3323.25
2024-03-01,Asia Pacific,Australia,Technology,Cloud Server,4689.04,1776.22,307.65,1468.57
2024-02-18,South America,Argentina,Furniture,Ergonomic Chair,6804.62,2720.22,359.49,2360.72
2025-12-25,South America,Brazil,Furniture,Ergonomic Chair,3592.6,1684.7,129.28,1555.42
2025-07-25,North America,Mexico,Furniture,Executive Desk,1842.91,946.7,134.32,812.38
2025-09-04,Asia Pacific,Australia,Technology,Laptop Pro,4461.27,2138.79,342.39,1796.4
2024-04-15,Europe,Italy,Technology,Cloud Server,9830.92,4108.08,597.65,3510.43
2024-01-18,Europe,Spain,Furniture,Conference Table,2020.35,823.32,141.43,681.89
2024-05-06,South America,Chile,Technology,Cloud Server,8330.15,3968.11,313.19,3654.92
2024-03-26,South America,Argentina,Furniture,Storage Cabinet,2119.74,1036.78,152.16,884.62
2025-08-05,South America,Brazil,Technology,Smartphone X,6498.56,2888.4,454.78,2433.62
2025-12-26,Europe,Germany,Technology,Business Tablet,5902.68,4129.24,922.11,3207.13
2025-10-10,Asia Pacific,Singapore,Technology,Smartphone X,5737.05,2487.31,373.9,2113.41
2024-06-10,North America,United States,Technology,Cloud Server,9172.26,3550.4,430.91,3119.48
2025-05-20,North America,Canada,Technology,Cloud Server,9423.12,3478.97,447.43,3031.53
2024-10-29,Asia Pacific,Japan,Furniture,Executive Desk,3646.24,1909.2,270.66,1638.54
2025-10-19,Europe,France,Furniture,Storage Cabinet,651.39,410.6,96.07,314.54
2024-07-05,Asia Pacific,India,Office Supplies,Printer,8548.38,4070.19,369.07,3701.12
2025-02-12,Asia Pacific,India,Furniture,Executive Desk,2943.17,1082.05,162.27,919.78
2025-08-21,Asia Pacific,Singapore,Office Supplies,Printer,2440.26,887.06,120.66,766.4
2025-10-04,Asia Pacific,Singapore,Technology,Smartphone X,5390.82,2314.03,298.83,2015.2
2025-06-06,South America,Chile,Office Supplies,Printer,4542.9,2390.53,358.13,2032.4
2025-09-30,North America,United States,Technology,Cloud Server,6760.52,2502.93,421.57,2081.36
2024-05-21,Europe,Germany,Technology,Smartphone X,5782.12,1996.8,254.25,1742.55
2025-08-26,Asia Pacific,Singapore,Technology,Laptop Pro,2536.03,884.99,117.83,767.15
2024-09-19,Asia Pacific,Japan,Furniture,Conference Table,9532.01,4106.7,432.77,3673.93
2025-08-26,Europe,United Kingdom,Office Supplies,Premium Paper,9591.82,3712.31,499.01,3213.3
2025-07-28,North America,Mexico,Office Supplies,Premium Paper,9594.47,3857.73,391.0,3466.73
2024-02-27,Asia Pacific,Japan,Technology,Cloud Server,5187.53,2406.84,221.99,2184.85
2025-06-06,South America,Chile,Furniture,Storage Cabinet,8429.77,3491.59,543.2,2948.39
2024-06-01,North America,Canada,Furniture,Conference Table,8790.06,3508.46,661.99,2846.46
2025-07-03,Europe,Germany,Furniture,Conference Table,1965.49,762.83,63.07,699.77
2025-06-06,Asia Pacific,Singapore,Furniture,Ergonomic Chair,6974.33,3340.83,378.34,2962.49
2025-02-23,South America,Chile,Technology,Cloud Server,3146.15,1451.0,128.81,1322.19
2024-10-02,Asia Pacific,Australia,Furniture,Storage Cabinet,3679.87,1323.92,176.16,1147.76
2024-07-24,Europe,Italy,Office Supplies,Printer,6994.95,3262.12,419.59,2842.52
2024-06-11,South America,Argentina,Furniture,Storage Cabinet,9671.0,3649.25,621.76,3027.49
2025-12-23,Asia Pacific,Singapore,Furniture,Conference Table,4571.15,1757.61,164.63,1592.98
2025-10-29,Europe,Spain,Furniture,Storage Cabinet,4531.81,3026.59,667.21,2359.38
2024-03-14,Asia Pacific,Singapore,Office Supplies,Premium Paper,6308.08,2687.45,378.12,2309.32
2024-08-31,Europe,Germany,Furniture,Conference Table,3834.14,1590.52,150.24,1440.29
2024-04-22,South America,Brazil,Technology,Laptop Pro,7706.71,3104.74,414.39,2690.35
2025-10-16,North America,United States,Office Supplies,Office Chair,1699.4,678.38,96.99,581.39
2024-08-08,Asia Pacific,Japan,Office Supplies,Desk Organizer,4396.99,1621.37,270.07,1351.3
2024-09-17,South America,Chile,Furniture,Executive Desk,9571.72,4732.09,705.55,4026.53
2024-02-04,Asia Pacific,India,Technology,Smartphone X,9144.9,3810.06,307.26,3502.79
2024-12-07,North America,Canada,Furniture,Conference Table,4059.92,1957.4,202.82,1754.58
2025-05-12,Europe,United Kingdom,Office Supplies,Printer,3089.37,1480.94,145.98,1334.96
2025-08-22,North America,Canada,Technology,Cloud Server,5103.28,2079.51,343.89,1735.62
2025-02-16,North America,Canada,Technology,Laptop Pro,6476.7,2993.29,322.24,2671.04
2025-12-14,Asia Pacific,India,Technology,Smartphone X,7250.67,3412.19,344.05,3068.13
2025-03-31,North America,Mexico,Office Supplies,Premium Paper,2121.77,820.88,157.14,663.74
2024-12-31,Asia Pacific,Japan,Furniture,Conference Table,8678.51,3937.75,457.35,3480.4
2024-11-23,North America,United States,Technology,Cloud Server,2232.73,929.02,172.19,756.84
2025-01-14,South America,Argentina,Furniture,Ergonomic Chair,3241.43,1334.19,169.5,1164.69
2025-09-16,Europe,Italy,Office Supplies,Premium Paper,6829.89,3407.47,442.91,2964.56
2024-04-12,Europe,Italy,Office Supplies,Printer,4018.09,1554.42,256.67,1297.75
2024-10-10,Asia Pacific,India,Office Supplies,Office Chair,3721.01,1683.01,191.53,1491.48
2024-10-09,North America,Mexico,Furniture,Conference Table,5414.82,2489.53,341.94,2147.59
2025-05-02,Asia Pacific,Singapore,Office Supplies,Desk Organizer,3829.8,1823.51,226.41,1597.1
2024-02-07,South America,Brazil,Office Supplies,Printer,3378.43,1534.98,210.92,1324.05
2025-12-26,North America,Mexico,Office Supplies,Office Chair,9847.91,4119.62,527.23,3592.38
2025-05-19,Europe,United Kingdom,Office Supplies,Office Chair,9532.12,4579.15,681.58,3897.58
2024-09-29,Europe,Italy,Office Supplies,Office Chair,3335.35,1192.08,135.17,1056.92
2025-08-30,South America,Argentina,Technology,Laptop Pro,6807.91,2682.02,527.53,2154.49
2025-10-20,Asia Pacific,Singapore,Office Supplies,Office Chair,7781.75,3387.6,335.72,3051.88
2025-11-10,Europe,United Kingdom,Furniture,Storage Cabinet,1768.17,1231.35,212.54,1018.81
2024-09-17,Europe,France,Office Supplies,Printer,6657.5,3089.57,362.1,2727.47
2024-04-07,South America,Chile,Office Supplies,Printer,4942.13,2167.82,225.87,1941.94
2024-08-31,North America,Mexico,Office Supplies,Printer,3820.42,1418.94,262.7,1156.24
2025-08-19,Asia Pacific,Singapore,Furniture,Ergonomic Chair,8412.21,3443.94,463.34,2980.6
2025-10-31,South America,Argentina,Technology,Smartphone X,7980.44,4031.42,548.02,3483.4
2024-09-25,Europe,France,Office Supplies,Office Chair,2764.19,1310.25,173.48,1136.77
2025-10-15,Asia Pacific,Singapore,Technology,Business Tablet,673.31,245.95,33.68,212.27
2025-08-30,South America,Chile,Furniture,Executive Desk,2917.61,1488.95,185.19,1303.77
2025-05-15,North America,Canada,Technology,Business Tablet,7279.62,3388.81,580.44,2808.37
2025-06-14,North America,Canada,Office Supplies,Printer,7281.9,2887.25,263.12,2624.13
2024-01-27,North America,Mexico,Office Supplies,Premium Paper,683.3,293.69,41.54,252.15
2024-02-01,Europe,Germany,Office Supplies,Premium Paper,9431.11,4135.83,655.73,3480.1
2024-10-03,Europe,Italy,Furniture,Storage Cabinet,7156.93,2742.28,404.01,2338.27
2024-11-17,Europe,Italy,Furniture,Conference Table,1543.5,738.77,90.94,647.84
2024-08-30,South America,Argentina,Office Supplies,Office Chair,3852.94,1468.41,198.13,1270.28
2024-09-02,Asia Pacific,Australia,Furniture,Storage Cabinet,932.02,321.62,33.93,287.69
2025-06-30,North America,Canada,Technology,Smartphone X,2689.6,1041.24,95.01,946.23
2024-07-17,Europe,Germany,Office Supplies,Office Chair,947.72,419.91,69.05,350.86
2024-06-17,South America,Chile,Office Supplies,Office Chair,4606.03,2320.54,350.72,1969.81
2024-11-17,South America,Chile,Furniture,Storage Cabinet,4695.48,2141.87,155.55,1986.32
2025-12-12,Asia Pacific,India,Technology,Laptop Pro,6809.83,3410.38,433.63,2976.75
2024-08-21,Asia Pacific,Singapore,Office Supplies,Office Chair,4203.4,1439.6,162.69,1276.9
2024-12-16,North America,Mexico,Office Supplies,Office Chair,9020.8,3880.71,537.32,3343.39
2024-09-27,Europe,France,Furniture,Storage Cabinet,4577.06,1931.13,157.56,1773.57
2024-05-09,North America,United States,Technology,Laptop Pro,3006.61,1337.23,138.65,1198.59
2024-06-11,South America,Brazil,Technology,Cloud Server,8002.32,3619.33,562.57,3056.75
2024-05-30,Asia Pacific,Australia,Office Supplies,Printer,4789.3,1920.85,294.33,1626.52
2025-01-21,Asia Pacific,Japan,Technology,Business Tablet,7021.19,2751.42,311.18,2440.24
2024-03-19,Europe,Spain,Technology,Business Tablet,1310.62,537.11,68.82,468.29
2025-06-07,Europe,United Kingdom,Technology,Laptop Pro,2457.74,1194.47,152.81,1041.66
2024-04-12,North America,Canada,Furniture,Storage Cabinet,5373.41,2546.47,305.49,2240.97
2024-10-13,South America,Brazil,Office Supplies,Desk Organizer,6872.23,2763.86,531.26,2232.59
2024-09-24,North America,United States,Technology,Business Tablet,3036.15,1043.9,105.88,938.02
2024-07-08,South America,Brazil,Furniture,Conference Table,9158.47,3038.72,275.5,2763.23
2025-05-08,South America,Argentina,Office Supplies,Desk Organizer,938.99,437.12,74.71,362.4
2025-11-08,South America,Argentina,Technology,Smartphone X,7867.06,3332.53,527.27,2805.26
2025-01-17,Europe,Italy,Office Supplies,Desk Organizer,7045.91,2541.13,357.94,2183.19
2024-04-06,South America,Brazil,Technology,Business Tablet,5683.2,2708.45,282.67,2425.78
2024-02-20,Asia Pacific,India,Furniture,Storage Cabinet,8232.26,3084.34,340.07,2744.27
2025-11-18,North America,Canada,Office Supplies,Printer,8060.53,3143.41,414.88,2728.53
2024-11-01,Europe,Spain,Furniture,Executive Desk,4312.14,1827.25,324.75,1502.5
2024-08-24,Europe,Italy,Office Supplies,Premium Paper,9669.93,4597.4,653.05,3944.34
2025-10-22,Europe,France,Office Supplies,Office Chair,3694.78,2598.06,469.38,2128.68
2024-02-24,Europe,Spain,Technology,Business Tablet,5807.21,2118.65,289.52,1829.13
2025-07-11,North America,Mexico,Office Supplies,Desk Organizer,9567.6,3904.66,370.82,3533.85
2024-12-06,North America,United States,Furniture,Conference Table,6557.35,2600.8,242.15,2358.65
2024-12-15,North America,Canada,Technology,Smartphone X,2155.21,927.31,143.86,783.45
2024-01-26,South America,Argentina,Office Supplies,Premium Paper,1844.86,897.77,111.01,786.75
2024-07-22,Asia Pacific,Japan,Furniture,Ergonomic Chair,2325.18,1134.27,144.02,990.25
2024-01-05,South America,Argentina,Office Supplies,Office Chair,8911.2,3414.45,304.97,3109.48
2024-11-14,Asia Pacific,Australia,Office Supplies,Office Chair,7829.14,3460.55,282.68,3177.87
2024-06-15,Europe,United Kingdom,Technology,Laptop Pro,1930.15,812.46,76.18,736.28
2025-08-08,Asia Pacific,Australia,Furniture,Storage Cabinet,5879.48,2015.59,241.22,1774.37
2025-09-09,South America,Brazil,Office Supplies,Desk Organizer,1273.74,514.89,39.92,474.96
2024-02-03,Asia Pacific,Singapore,Furniture,Storage Cabinet,9121.77,4370.8,412.06,3958.74
2024-05-12,Asia Pacific,Singapore,Technology,Business Tablet,1385.62,576.23,79.04,497.19
2024-08-25,Asia Pacific,Japan,Technology,Cloud Server,4159.26,1691.29,282.01,1409.28
2025-04-09,South America,Argentina,Office Supplies,Desk Organizer,8648.23,2987.09,380.44,2606.65
2024-11-13,Asia Pacific,Singapore,Furniture,Conference Table,8506.21,3823.36,456.11,3367.25
2024-08-30,Europe,France,Technology,Smartphone X,3009.87,1463.12,202.93,1260.19
2025-04-07,Asia Pacific,Singapore,Office Supplies,Printer,1604.95,573.27,91.71,481.56
2025-06-30,Europe,Spain,Office Supplies,Desk Organizer,7390.94,2723.09,264.99,2458.1
2024-04-04,Asia Pacific,Singapore,Technology,Business Tablet,8528.69,3043.91,277.81,2766.11
2025-08-31,Asia Pacific,Australia,Office Supplies,Desk Organizer,8403.57,2927.29,273.63,2653.66
2025-08-12,South America,Argentina,Office Supplies,Desk Organizer,3939.54,1767.26,187.34,1579.92
2024-12-15,South America,Brazil,Furniture,Storage Cabinet,1941.16,809.35,114.2,695.15
2024-10-30,Asia Pacific,Australia,Furniture,Executive Desk,7703.01,3446.62,465.59,2981.03
2024-09-21,South America,Chile,Office Supplies,Desk Organizer,608.37,262.37,40.26,222.1
2025-09-03,North America,Mexico,Furniture,Storage Cabinet,1142.95,519.45,87.52,431.93
2025-07-15,South America,Brazil,Furniture,Storage Cabinet,8889.94,4316.13,461.85,3854.28
2025-01-18,South America,Brazil,Furniture,Conference Table,5910.28,2862.2,297.37,2564.84
2025-01-20,North America,Canada,Office Supplies,Office Chair,8853.75,4403.19,674.12,3729.06
2024-03-12,Europe,Germany,Office Supplies,Office Chair,9889.38,3720.14,570.57,3149.57
2025-03-05,North America,United States,Furniture,Executive Desk,4365.23,2216.15,273.52,1942.64
2024-06-20,Asia Pacific,Japan,Technology,Smartphone X,2329.63,1126.0,98.06,1027.94
2024-05-26,North America,Mexico,Furniture,Conference Table,2896.2,1234.47,200.92,1033.55
2025-12-26,Europe,Italy,Furniture,Ergonomic Chair,7223.32,4915.17,1005.93,3909.24
2024-07-14,Asia Pacific,Singapore,Furniture,Storage Cabinet,3569.63,1307.78,161.62,1146.16
2024-05-19,Asia Pacific,Japan,Office Supplies,Premium Paper,813.56,353.4,62.65,290.75
2024-09-16,Asia Pacific,Australia,Furniture,Storage Cabinet,7908.79,3056.18,279.43,2776.75
2025-08-15,Europe,United Kingdom,Technology,Business Tablet,3825.6,1468.31,142.15,1326.15
2024-01-07,Asia Pacific,Japan,Office Supplies,Desk Organizer,7721.26,2949.55,282.6,2666.94
2024-12-07,Europe,Italy,Furniture,Storage Cabinet,5731.16,2567.35,299.92,2267.43
2025-02-10,Europe,France,Technology,Smartphone X,7360.01,3540.77,282.91,3257.86
2024-09-12,Europe,Italy,Technology,Laptop Pro,6403.6,2906.36,296.5,2609.87
2025-02-14,South America,Brazil,Furniture,Conference Table,5629.48,2403.9,316.51,2087.39
2025-05-10,North America,Mexico,Office Supplies,Office Chair,8350.48,3737.09,355.56,3381.53
2024-06-10,Asia Pacific,Australia,Office Supplies,Office Chair,5974.63,2346.54,452.79,1893.75
2025-08-14,South America,Argentina,Office Supplies,Premium Paper,4557.55,1837.51,309.97,1527.55
2025-07-08,Europe,Italy,Technology,Laptop Pro,3579.72,1590.03,139.39,1450.64
2025-05-14,Asia Pacific,Australia,Furniture,Executive Desk,1925.6,707.15,123.34,583.8
2025-12-21,Europe,Germany,Furniture,Storage Cabinet,3928.1,2559.65,517.68,2041.96
2025-09-26,North America,Mexico,Furniture,Executive Desk,1027.76,496.92,51.69,445.23
2024-05-14,South America,Argentina,Furniture,Executive Desk,7909.23,3192.28,397.74,2794.54
2025-11-27,South America,Argentina,Office Supplies,Office Chair,8339.75,3340.38,550.97,2789.41
2024-02-26,South America,Chile,Office Supplies,Printer,7481.97,3816.19,525.61,3290.58
2024-07-25,Europe,Spain,Office Supplies,Desk Organizer,1846.71,726.6,106.68,619.91
2025-02-11,Europe,Italy,Technology,Laptop Pro,8712.07,3739.46,687.31,3052.15
2024-06-06,North America,United States,Office Supplies,Desk Organizer,1217.03,569.33,68.85,500.48
2025-05-27,Europe,Spain,Furniture,Storage Cabinet,566.19,238.29,37.44,200.85
2025-08-02,South America,Argentina,Furniture,Storage Cabinet,6858.44,2336.07,250.03,2086.04
2024-03-16,North America,United States,Technology,Smartphone X,5722.23,2543.23,207.81,2335.42
2024-08-20,North America,Mexico,Office Supplies,Premium Paper,8397.74,3853.32,609.25,3244.07
2025-05-03,Asia Pacific,Japan,Furniture,Executive Desk,3764.87,1906.08,231.85,1674.24
2025-01-15,Asia Pacific,India,Technology,Cloud Server,8502.02,4103.13,529.64,3573.49
2024-03-26,Asia Pacific,Japan,Technology,Cloud Server,3675.35,1784.69,165.89,1618.8
2024-04-23,Asia Pacific,Japan,Office Supplies,Desk Organizer,8353.9,3553.3,316.8,3236.5
2024-05-13,Asia Pacific,India,Furniture,Conference Table,7084.46,2758.19,443.89,2314.3
2025-04-26,South America,Brazil,Furniture,Storage Cabinet,7228.66,2947.53,278.97,2668.56
2024-09-21,Asia Pacific,Japan,Furniture,Ergonomic Chair,2376.75,1201.44,173.49,1027.95
2025-09-29,South America,Chile,Office Supplies,Office Chair,6234.21,2980.87,299.84,2681.03
2024-04-22,Asia Pacific,Singapore,Furniture,Ergonomic Chair,2616.6,1155.48,166.98,988.5
2024-02-14,North America,Mexico,Furniture,Executive Desk,7747.54,3179.31,591.95,2587.36
2025-10-24,Europe,United Kingdom,Technology,Business Tablet,4973.55,3411.4,712.51,2698.89
2025-08-04,Asia Pacific,India,Furniture,Executive Desk,4480.03,1767.61,185.49,1582.12
2025-03-01,North America,Canada,Technology,Cloud Server,4128.46,1988.16,267.08,1721.08
2024-05-21,North America,Canada,Office Supplies,Office Chair,9267.01,3727.36,640.3,3087.06
2024-08-24,Europe,Spain,Technology,Business Tablet,9268.05,3960.81,305.22,3655.59
2024-04-12,Asia Pacific,Japan,Office Supplies,Office Chair,1532.97,726.96,103.64,623.32
2024-07-07,North America,Canada,Office Supplies,Premium Paper,2956.93,1450.12,137.24,1312.88
2025-08-08,Europe,Germany,Furniture,Executive Desk,5456.18,2070.07,330.2,1739.87
2024-08-16,North America,Canada,Furniture,Ergonomic Chair,4759.56,1826.82,180.37,1646.46
2025-07-05,North America,Mexico,Office Supplies,Desk Organizer,7001.72,3436.47,378.55,3057.92
2025-05-03,Europe,United Kingdom,Technology,Laptop Pro,8001.62,3147.69,547.77,2599.92
2024-06-16,Asia Pacific,Singapore,Furniture,Conference Table,4325.5,1589.94,285.42,1304.53
2024-05-26,Europe,Spain,Technology,Laptop Pro,4607.08,2196.16,231.87,1964.29
2025-10-22,Asia Pacific,Australia,Technology,Cloud Server,5280.76,2134.96,353.16,1781.8
2024-11-28,Asia Pacific,Australia,Furniture,Executive Desk,7286.79,2948.86,452.25,2496.61
2024-05-07,South America,Chile,Office Supplies,Office Chair,7379.12,3536.25,492.45,3043.8
2025-03-29,Asia Pacific,Australia,Furniture,Conference Table,6408.74,2482.92,266.35,2216.57
2025-08-11,South America,Chile,Technology,Business Tablet,3534.91,1416.42,243.53,1172.89
2025-08-27,North America,Mexico,Office Supplies,Office Chair,5377.15,2284.28,221.12,2063.16
2025-04-12,North America,United States,Furniture,Executive Desk,8973.4,3711.88,688.37,3023.51
2024-08-26,Asia Pacific,Australia,Technology,Smartphone X,979.5,488.79,50.11,438.68
2024-04-13,North America,United States,Office Supplies,Desk Organizer,9367.34,3388.62,548.02,2840.61
2025-01-18,North America,Mexico,Office Supplies,Office Chair,1022.16,374.89,32.96,341.94
2024-03-15,South America,Brazil,Technology,Smartphone X,8304.24,3487.29,589.13,2898.16
2025-05-14,Europe,United Kingdom,Office Supplies,Printer,5576.05,2481.33,391.43,2089.89
2024-09-30,Europe,United Kingdom,Technology,Smartphone X,9005.93,4380.74,574.17,3806.56
2024-12-15,South America,Argentina,Technology,Laptop Pro,6140.45,2419.9,433.83,1986.07
2024-03-30,North America,Canada,Technology,Laptop Pro,9443.11,4243.47,318.88,3924.6
2024-04-03,North America,Mexico,Office Supplies,Premium Paper,3818.32,1824.77,253.77,1571.0
2024-11-13,Asia Pacific,India,Furniture,Storage Cabinet,1545.71,736.87,112.71,624.16
2024-11-17,Asia Pacific,Singapore,Technology,Cloud Server,4606.31,1900.25,359.01,1541.24
2025-10-08,North America,Canada,Office Supplies,Office Chair,665.77,301.99,23.98,278.01
2025-02-24,North America,United States,Furniture,Ergonomic Chair,8971.88,4030.98,375.67,3655.3
2024-05-14,Europe,Germany,Office Supplies,Desk Organizer,9425.7,3688.82,419.05,3269.77
2024-02-26,Asia Pacific,Singapore,Furniture,Ergonomic Chair,6842.62,2841.56,357.66,2483.9
2024-03-20,Asia Pacific,Japan,Furniture,Conference Table,7080.94,3108.63,535.64,2572.99
2025-06-01,Europe,Spain,Technology,Laptop Pro,919.25,464.9,62.75,402.14
2025-03-03,Europe,Germany,Furniture,Conference Table,6199.01,2656.34,345.11,2311.23
2025-05-27,Europe,Spain,Furniture,Conference Table,863.52,427.17,64.58,362.58
2025-11-03,Europe,Italy,Technology,Laptop Pro,4372.5,2880.17,460.49,2419.68
2025-12-02,Asia Pacific,Singapore,Furniture,Executive Desk,9933.61,4541.63,626.23,3915.4
2025-01-25,Asia Pacific,Singapore,Furniture,Conference Table,4111.84,1472.57,130.4,1342.16
2025-05-05,North America,Mexico,Office Supplies,Office Chair,8329.16,4062.77,659.47,3403.3
2024-04-24,Asia Pacific,Singapore,Technology,Smartphone X,4851.96,1925.7,214.15,1711.56
2025-04-22,North America,Mexico,Furniture,Executive Desk,9614.56,3862.4,657.95,3204.45
2025-09-10,South America,Chile,Furniture,Ergonomic Chair,1480.78,617.7,116.76,500.94
2025-09-14,North America,Canada,Office Supplies,Premium Paper,2972.02,1278.97,173.02,1105.95
2025-03-21,South America,Chile,Furniture,Storage Cabinet,4769.68,1756.75,276.92,1479.83
2025-05-18,Europe,Germany,Office Supplies,Printer,3866.07,1431.44,245.27,1186.17
2025-01-09,South America,Brazil,Office Supplies,Office Chair,9298.22,3215.8,301.64,2914.16
2025-10-02,South America,Brazil,Furniture,Conference Table,654.45,230.58,31.07,199.51
2024-12-20,South America,Argentina,Technology,Smartphone X,7820.04,3594.34,423.11,3171.23
2024-09-04,Europe,France,Technology,Cloud Server,5203.73,2180.34,184.28,1996.05
2024-06-13,South America,Brazil,Office Supplies,Printer,5701.31,2460.83,174.64,2286.19
2024-04-15,North America,Canada,Furniture,Executive Desk,1815.71,775.57,128.74,646.83
2024-12-11,Asia Pacific,India,Furniture,Executive Desk,9969.48,4227.02,793.85,3433.17
2025-06-03,Europe,Spain,Furniture,Conference Table,5896.27,2570.49,362.94,2207.54
2024-08-30,South America,Brazil,Office Supplies,Desk Organizer,1425.27,530.62,57.17,473.45
2024-10-15,North America,Mexico,Technology,Laptop Pro,761.22,328.54,33.91,294.62
2024-11-16,North America,Mexico,Office Supplies,Office Chair,9866.2,4463.87,776.3,3687.57
2024-10-11,Europe,Italy,Furniture,Storage Cabinet,3483.87,1422.99,235.96,1187.03
2024-06-05,South America,Chile,Technology,Business Tablet,1447.87,636.66,70.77,565.89
2024-05-28,Asia Pacific,Japan,Office Supplies,Printer,6502.45,2254.07,249.02,2005.05
2024-09-12,Europe,France,Technology,Business Tablet,870.05,357.37,46.46,310.9
2024-04-14,North America,Canada,Technology,Business Tablet,5427.24,2614.79,386.98,2227.81
2024-04-14,North America,Mexico,Technology,Business Tablet,1159.77,455.27,37.31,417.96
2025-07-09,Europe,France,Technology,Smartphone X,5134.07,2318.37,352.02,1966.34
2025-05-12,Europe,Spain,Furniture,Storage Cabinet,8096.75,3309.64,375.04,2934.61
2025-04-30,South America,Chile,Office Supplies,Printer,3376.09,1217.19,125.72,1091.47
2024-09-22,North America,Canada,Furniture,Storage Cabinet,2318.23,890.18,170.19,719.98
2024-08-28,South America,Brazil,Office Supplies,Printer,894.75,459.3,64.31,394.99
2024-04-22,Europe,France,Office Supplies,Desk Organizer,6497.34,3234.57,493.83,2740.75
2024-05-04,North America,Mexico,Furniture,Storage Cabinet,560.81,199.63,24.22,175.42
2024-04-04,Europe,Germany,Furniture,Conference Table,7469.56,3555.27,365.4,3189.87
2025-11-04,North America,Canada,Furniture,Storage Cabinet,4387.47,1981.75,302.09,1679.66
2024-10-23,Europe,Germany,Technology,Business Tablet,1245.67,475.55,84.43,391.12
2025-06-12,Europe,Germany,Furniture,Executive Desk,3464.48,1695.54,163.14,1532.4
2024-03-28,North America,United States,Office Supplies,Premium Paper,4726.88,1976.77,142.33,1834.44
2024-11-15,South America,Brazil,Furniture,Ergonomic Chair,4433.67,1904.81,193.95,1710.86
2024-02-18,South America,Argentina,Technology,Business Tablet,6775.53,2925.86,381.65,2544.21
2024-03-11,Europe,France,Technology,Business Tablet,8188.58,3509.42,618.41,2891.0
2024-10-05,Asia Pacific,Singapore,Technology,Smartphone X,4848.38,2195.49,259.97,1935.52
2024-10-02,Europe,Italy,Furniture,Ergonomic Chair,759.55,312.84,60.5,252.34
2025-04-05,Asia Pacific,Australia,Furniture,Storage Cabinet,535.24,258.91,22.67,236.25
2024-04-19,North America,Canada,Furniture,Ergonomic Chair,1345.14,635.71,67.56,568.15
2024-11-03,Europe,Germany,Office Supplies,Premium Paper,2629.4,1142.34,185.25,957.09
2024-12-25,North America,United States,Furniture,Executive Desk,3802.99,1858.32,189.5,1668.82
2024-03-30,Europe,Germany,Technology,Cloud Server,6618.07,2737.49,458.9,2278.59
2024-06-18,Asia Pacific,Japan,Office Supplies,Premium Paper,4190.73,1577.24,138.59,1438.65
2025-03-27,Asia Pacific,Singapore,Office Supplies,Printer,8829.73,3695.81,545.49,3150.32
2025-08-20,Asia Pacific,Australia,Furniture,Executive Desk,4939.32,2356.3,209.05,2147.26
2024-04-19,Europe,Germany,Office Supplies,Desk Organizer,537.32,196.17,29.18,166.98
2024-08-15,South America,Argentina,Furniture,Ergonomic Chair,6157.42,3030.28,435.91,2594.38
2024-02-07,South America,Chile,Technology,Laptop Pro,9349.98,3238.96,330.34,2908.62
2025-12-21,South America,Brazil,Technology,Business Tablet,6352.83,2288.13,220.07,2068.06
2024-10-20,Asia Pacific,India,Office Supplies,Printer,8567.48,3490.36,376.68,3113.69
2024-08-25,North America,Mexico,Furniture,Ergonomic Chair,6804.12,3325.91,539.2,2786.71
2024-12-16,Asia Pacific,Japan,Technology,Laptop Pro,5060.43,2392.99,358.92,2034.07
2024-08-27,Asia Pacific,Japan,Technology,Laptop Pro,3455.61,1601.65,204.86,1396.79
2024-07-03,South America,Chile,Office Supplies,Printer,2537.2,998.31,90.28,908.03
2025-09-20,South America,Chile,Office Supplies,Office Chair,1485.77,663.01,116.0,547.01
2024-11-06,South America,Chile,Technology,Business Tablet,5312.38,2365.39,199.81,2165.58
2024-07-19,Asia Pacific,Singapore,Office Supplies,Office Chair,8438.14,3180.95,455.31,2725.65
2025-02-01,South America,Chile,Technology,Business Tablet,7162.31,3771.69,558.29,3213.41
2024-10-07,North America,United States,Office Supplies,Desk Organizer,4683.02,1570.22,141.86,1428.35
2025-01-07,Europe,Italy,Technology,Business Tablet,4893.82,1922.47,362.35,1560.12
2024-05-04,South America,Brazil,Office Supplies,Premium Paper,4235.41,2031.24,245.08,1786.16
2024-07-11,Asia Pacific,Australia,Office Supplies,Printer,4306.12,2065.63,244.4,1821.24
2025-09-02,South America,Brazil,Technology,Business Tablet,6794.91,2994.12,315.17,2678.95
2025-05-12,Europe,France,Furniture,Conference Table,2880.11,1107.77,186.57,921.2
2024-04-11,South America,Argentina,Furniture,Conference Table,3940.1,1539.04,282.46,1256.58
2025-10-26,Europe,United Kingdom,Technology,Smartphone X,4199.59,2710.94,661.46,2049.49
2024-04-23,Europe,Germany,Office Supplies,Desk Organizer,1201.1,444.21,71.19,373.02
2024-07-16,Asia Pacific,Australia,Furniture,Executive Desk,1823.49,646.81,75.76,571.04
2024-02-18,North America,Mexico,Technology,Business Tablet,6827.09,2833.03,400.4,2432.63
2024-02-22,South America,Argentina,Technology,Smartphone X,6901.61,2524.44,228.22,2296.22
2025-11-12,Asia Pacific,India,Office Supplies,Desk Organizer,9512.53,3960.49,757.13,3203.36
2025-01-06,Asia Pacific,Singapore,Technology,Smartphone X,1701.23,664.06,135.36,528.7
2025-07-14,North America,United States,Technology,Cloud Server,2526.57,956.57,167.67,788.9
2025-02-11,Asia Pacific,India,Office Supplies,Desk Organizer,1099.74,520.39,86.59,433.8
2024-08-16,Europe,France,Technology,Cloud Server,2987.09,1131.64,183.38,948.27
2025-09-14,North America,Canada,Furniture,Conference Table,3510.21,1591.54,209.04,1382.5
2025-02-27,South America,Argentina,Office Supplies,Premium Paper,8447.71,3304.57,583.55,2721.02
2025-11-13,Europe,Spain,Furniture,Conference Table,6756.6,4587.2,736.14,3851.06
2025-10-12,South America,Argentina,Technology,Smartphone X,4115.08,1824.75,218.32,1606.43
2024-09-23,Asia Pacific,Japan,Technology,Business Tablet,2257.59,1039.2,153.7,885.51
2024-09-21,Asia Pacific,Australia,Technology,Cloud Server,7784.07,3589.99,402.83,3187.16
2024-04-25,Europe,Germany,Office Supplies,Office Chair,2597.47,1026.33,81.08,945.25
2025-12-25,Europe,United Kingdom,Furniture,Storage Cabinet,5049.58,3308.79,709.41,2599.38
2025-12-11,Europe,Italy,Furniture,Conference Table,7909.99,5066.75,1228.72,3838.03
2025-08-13,Europe,France,Technology,Business Tablet,9568.03,4750.1,510.91,4239.19
2024-04-29,South America,Brazil,Furniture,Storage Cabinet,4255.06,1449.53,158.66,1290.87
2024-11-27,Asia Pacific,India,Furniture,Executive Desk,2164.49,889.21,136.13,753.07
2025-08-26,South America,Argentina,Technology,Cloud Server,9716.63,4462.62,386.51,4076.11
2025-01-02,South America,Chile,Office Supplies,Printer,1140.76,587.56,80.77,506.78
2024-09-17,South America,Argentina,Furniture,Executive Desk,1198.16,494.54,48.92,445.62
2025-02-04,South America,Brazil,Technology,Cloud Server,1909.97,823.51,148.77,674.74
2025-04-19,South America,Brazil,Technology,Smartphone X,3965.29,1783.81,263.75,1520.06
2024-06-13,North America,United States,Technology,Laptop Pro,5658.88,2444.84,440.33,2004.51
2024-02-02,North America,Mexico,Technology,Business Tablet,9945.15,4369.47,552.59,3816.88
2024-08-16,North America,United States,Technology,Cloud Server,6988.04,2923.74,280.47,2643.26
2024-06-24,South America,Brazil,Furniture,Storage Cabinet,9825.1,4508.79,437.52,4071.27
2024-12-23,North America,United States,Technology,Cloud Server,1770.48,641.03,92.88,548.15
2024-01-24,Asia Pacific,Japan,Furniture,Storage Cabinet,2907.15,1316.52,150.71,1165.8
2024-06-13,South America,Chile,Furniture,Storage Cabinet,7739.31,2950.06,385.25,2564.82
2024-03-08,North America,Mexico,Furniture,Ergonomic Chair,3858.08,1462.89,252.58,1210.3
2024-01-19,Asia Pacific,India,Technology,Laptop Pro,6375.21,3007.34,436.25,2571.09
2025-12-28,North America,United States,Office Supplies,Office Chair,2475.92,860.73,100.25,760.48
2024-01-11,South America,Brazil,Technology,Smartphone X,3561.27,1373.73,223.33,1150.4
2024-08-24,Europe,France,Furniture,Ergonomic Chair,6986.63,3448.32,433.08,3015.24
2024-07-21,South America,Argentina,Technology,Laptop Pro,9815.8,4438.76,363.94,4074.81
2025-07-27,Europe,Spain,Technology,Cloud Server,7239.91,2782.07,369.97,2412.1
2025-03-12,South America,Chile,Office Supplies,Printer,587.87,212.23,17.68,194.56
2025-01-17,Asia Pacific,Australia,Technology,Laptop Pro,4200.58,1716.27,181.44,1534.83
2025-04-20,Europe,Germany,Furniture,Ergonomic Chair,3256.42,1523.27,187.62,1335.64
2024-04-12,Asia Pacific,India,Office Supplies,Desk Organizer,3343.58,1463.35,169.33,1294.02
2025-12-10,North America,Mexico,Technology,Smartphone X,3309.32,1152.16,100.28,1051.87
2024-01-19,South America,Chile,Furniture,Storage Cabinet,1437.8,643.53,57.16,586.37
2024-12-03,North America,Mexico,Office Supplies,Printer,2018.07,756.4,76.95,679.45
2025-11-07,Europe,United Kingdom,Furniture,Conference Table,9849.01,6488.28,1529.3,4958.99
2024-02-28,Asia Pacific,Singapore,Office Supplies,Office Chair,9414.99,4479.1,600.85,3878.25
2025-09-02,Asia Pacific,India,Technology,Laptop Pro,1600.21,619.92,60.74,559.18
2024-11-28,Asia Pacific,Singapore,Technology,Cloud Server,4730.55,2073.92,269.24,1804.68
2025-02-15,Europe,France,Technology,Cloud Server,3125.42,1458.33,245.25,1213.08
2024-01-21,Asia Pacific,Australia,Furniture,Executive Desk,7213.64,3064.63,258.87,2805.75
2025-07-10,South America,Brazil,Office Supplies,Office Chair,2191.86,1073.48,89.89,983.59
2025-12-20,Asia Pacific,Australia,Furniture,Ergonomic Chair,6164.44,2302.15,285.41,2016.74
2024-12-27,South America,Argentina,Office Supplies,Desk Organizer,5211.29,2416.58,378.49,2038.08
2024-04-19,North America,Canada,Furniture,Conference Table,674.05,264.49,31.39,233.1
2025-02-25,North America,Canada,Office Supplies,Printer,7787.02,3401.47,267.78,3133.69
2025-02-02,Europe,Spain,Furniture,Ergonomic Chair,9695.81,4471.17,732.79,3738.37
2024-02-09,Europe,United Kingdom,Furniture,Conference Table,2224.57,1015.65,89.14,926.51
2025-12-27,South America,Brazil,Technology,Smartphone X,3086.8,1334.45,208.1,1126.35
2024-05-13,North America,United States,Furniture,Storage Cabinet,3167.25,1591.22,212.28,1378.94
2024-09-09,South America,Chile,Furniture,Conference Table,4932.15,2325.32,377.07,1948.25
2025-12-13,South America,Brazil,Technology,Smartphone X,5448.27,2342.28,310.82,2031.46
2025-06-15,Asia Pacific,Japan,Furniture,Ergonomic Chair,7471.86,3754.81,433.67,3321.13
2025-09-21,South America,Chile,Furniture,Executive Desk,5687.93,2752.08,391.31,2360.77
2025-08-12,South America,Argentina,Furniture,Conference Table,985.92,487.86,57.6,430.26
2025-10-22,Europe,Italy,Technology,Cloud Server,6080.16,4386.98,951.9,3435.08
2025-10-31,Asia Pacific,Australia,Office Supplies,Desk Organizer,6997.91,3072.21,298.34,2773.87
2024-11-13,Asia Pacific,India,Technology,Cloud Server,4328.42,2053.24,166.72,1886.52
2025-03-12,North America,Canada,Furniture,Ergonomic Chair,3205.69,1292.75,219.36,1073.39
2024-12-29,Europe,Italy,Technology,Business Tablet,2870.11,1328.69,218.07,1110.62
2024-08-02,Asia Pacific,India,Office Supplies,Desk Organizer,3956.81,1902.37,207.82,1694.55
2024-08-16,South America,Argentina,Office Supplies,Premium Paper,4094.96,1878.51,326.78,1551.73
2024-08-11,Asia Pacific,India,Office Supplies,Office Chair,1039.5,446.91,66.0,380.9
2025-12-04,South America,Argentina,Office Supplies,Premium Paper,8861.53,4217.26,646.84,3570.42
2024-11-19,Europe,Germany,Office Supplies,Office Chair,4185.09,1519.38,165.47,1353.91
2025-12-29,Asia Pacific,Australia,Technology,Smartphone X,9089.8,3824.2,539.87,3284.33
2024-12-14,North America,Mexico,Office Supplies,Premium Paper,7416.43,2980.52,506.16,2474.35
2024-05-21,South America,Argentina,Technology,Smartphone X,4856.71,1994.08,308.64,1685.44
2024-12-04,Europe,United Kingdom,Furniture,Storage Cabinet,1980.81,835.54,64.74,770.8
2024-05-23,North America,United States,Office Supplies,Desk Organizer,5129.34,2120.54,357.06,1763.48
2024-12-03,Europe,Spain,Technology,Business Tablet,3482.65,1407.95,183.1,1224.85
2024-02-12,North America,United States,Technology,Cloud Server,1578.69,595.88,62.72,533.16
2024-11-12,Asia Pacific,Australia,Furniture,Ergonomic Chair,8093.55,3686.1,287.79,3398.31
2024-06-12,Europe,Spain,Furniture,Conference Table,9308.13,4350.5,724.43,3626.07
2024-05-31,South America,Chile,Furniture,Executive Desk,8506.02,3407.67,441.29,2966.38
2025-02-18,Europe,France,Technology,Smartphone X,9110.34,3853.64,381.2,3472.43
2025-12-28,Europe,United Kingdom,Office Supplies,Printer,3191.19,2244.45,498.49,1745.96
2025-01-14,Asia Pacific,Australia,Office Supplies,Printer,985.02,478.76,40.0,438.76
2024-12-06,South America,Brazil,Office Supplies,Desk Organizer,5129.24,2312.98,359.56,1953.42
2024-11-15,North America,United States,Furniture,Conference Table,5137.51,2405.68,203.36,2202.32
2025-09-07,Europe,United Kingdom,Furniture,Storage Cabinet,835.97,370.04,54.1,315.94
2024-09-07,South America,Chile,Office Supplies,Office Chair,9506.38,4183.47,726.83,3456.65
2024-01-18,North America,Mexico,Technology,Smartphone X,1089.65,483.87,84.39,399.49
2025-11-23,Europe,Italy,Technology,Cloud Server,7845.96,5280.54,795.78,4484.76
2024-03-09,Asia Pacific,India,Technology,Laptop Pro,1030.26,440.99,41.66,399.33
2024-11-12,Europe,Italy,Office Supplies,Desk Organizer,8993.44,4370.58,441.75,3928.83
2024-03-16,North America,Mexico,Technology,Smartphone X,6087.58,2844.32,438.03,2406.29
2025-09-02,North America,Mexico,Office Supplies,Office Chair,1568.51,735.21,64.65,670.56
2025-05-06,Europe,France,Technology,Cloud Server,900.18,329.74,52.18,277.57
2024-05-28,North America,Mexico,Office Supplies,Desk Organizer,7611.68,3016.09,524.98,2491.11
2024-11-19,Asia Pacific,Australia,Office Supplies,Desk Organizer,7998.22,4081.3,613.28,3468.03
2024-03-04,South America,Brazil,Technology,Smartphone X,7083.21,3134.09,458.18,2675.92
2024-01-27,Europe,France,Office Supplies,Premium Paper,9064.6,3661.98,590.87,3071.11
2025-01-09,Asia Pacific,Japan,Furniture,Ergonomic Chair,5165.16,1861.34,301.61,1559.73
2025-12-10,Europe,Italy,Office Supplies,Desk Organizer,1978.5,1366.24,218.85,1147.4
2025-04-17,North America,Canada,Furniture,Storage Cabinet,7101.33,3037.69,407.42,2630.27
2025-07-03,Asia Pacific,India,Office Supplies,Premium Paper,8199.4,3677.35,357.73,3319.62
2024-11-21,South America,Argentina,Office Supplies,Premium Paper,9943.07,3859.96,748.16,3111.8
2025-06-10,South America,Brazil,Furniture,Ergonomic Chair,1973.1,884.24,137.68,746.56
2024-05-19,North America,Canada,Furniture,Executive Desk,7220.72,3294.39,309.46,2984.93
2025-03-24,Europe,Germany,Office Supplies,Office Chair,8724.02,3201.52,486.78,2714.74
2025-03-10,Europe,United Kingdom,Office Supplies,Desk Organizer,5656.11,1932.41,226.6,1705.8
2025-12-07,South America,Argentina,Office Supplies,Desk Organizer,9709.43,4223.3,469.78,3753.51
2024-03-06,North America,Canada,Furniture,Conference Table,9026.89,4514.04,614.27,3899.78
2024-09-25,North America,Mexico,Furniture,Ergonomic Chair,2763.11,1161.19,177.62,983.56
2024-03-26,South America,Brazil,Technology,Laptop Pro,9782.49,4172.62,421.47,3751.15
2024-01-21,South America,Brazil,Furniture,Executive Desk,4977.17,2353.17,343.29,2009.89
2025-12-02,South America,Argentina,Technology,Business Tablet,2120.23,920.97,132.39,788.58
2024-02-26,South America,Argentina,Technology,Business Tablet,2647.84,1114.99,151.98,963.01
2025-01-16,South America,Chile,Office Supplies,Desk Organizer,7144.19,3157.03,319.23,2837.8
2024-03-26,Europe,United Kingdom,Technology,Laptop Pro,832.38,416.66,63.48,353.18
2024-02-22,South America,Brazil,Technology,Cloud Server,5775.04,2429.23,383.03,2046.2
2024-01-13,Asia Pacific,India,Technology,Business Tablet,6818.68,2884.13,260.29,2623.84
2025-10-03,North America,Mexico,Furniture,Conference Table,811.34,296.56,51.71,244.86
2025-09-26,South America,Argentina,Furniture,Storage Cabinet,3055.79,1325.44,197.53,1127.91
2025-11-10,Asia Pacific,Japan,Furniture,Storage Cabinet,3552.27,1809.7,282.01,1527.69
2024-11-12,Asia Pacific,Japan,Office Supplies,Office Chair,4143.99,1916.62,251.86,1664.77
2024-09-21,North America,United States,Office Supplies,Premium Paper,4342.4,1675.64,299.31,1376.33
2024-08-04,South America,Argentina,Technology,Business Tablet,1382.7,655.53,54.45,601.07
2025-04-14,North America,Canada,Office Supplies,Desk Organizer,7544.81,3621.91,485.41,3136.51
2025-04-03,South America,Chile,Technology,Cloud Server,7787.66,2781.98,440.08,2341.9
2024-12-17,South America,Brazil,Office Supplies,Printer,6187.76,2197.41,297.99,1899.42
2024-11-01,South America,Chile,Furniture,Executive Desk,3112.81,1307.31,98.81,1208.5
2024-02-29,North America,Canada,Furniture,Storage Cabinet,2123.7,1006.34,135.26,871.08
2025-03-30,Asia Pacific,Australia,Office Supplies,Premium Paper,5866.91,2572.47,304.12,2268.35
2024-07-06,Asia Pacific,Australia,Technology,Business Tablet,1880.89,800.82,112.02,688.79
2024-04-09,Europe,Germany,Furniture,Executive Desk,9154.92,4099.08,641.16,3457.92
2024-03-13,Asia Pacific,Singapore,Furniture,Storage Cabinet,9022.14,4103.89,572.14,3531.75
2024-11-25,North America,United States,Technology,Smartphone X,3891.18,1643.71,139.65,1504.06
2025-11-12,North America,United States,Furniture,Storage Cabinet,7370.52,2753.14,322.46,2430.68
2025-06-28,Europe,Germany,Technology,Smartphone X,6738.09,2698.82,254.32,2444.5
2025-09-22,South America,Chile,Technology,Laptop Pro,3681.99,1498.99,211.1,1287.9
2024-06-16,South America,Chile,Technology,Smartphone X,9699.66,4833.32,681.09,4152.23
2025-04-26,Asia Pacific,Australia,Office Supplies,Printer,4172.67,1683.24,247.0,1436.25
2025-04-11,Europe,Italy,Furniture,Ergonomic Chair,6980.83,3643.85,516.43,3127.41
2024-03-23,Asia Pacific,Singapore,Technology,Cloud Server,2240.03,857.4,72.51,784.89
2024-10-04,Asia Pacific,Japan,Furniture,Conference Table,4526.32,2270.34,325.65,1944.69
2025-09-26,South America,Chile,Furniture,Storage Cabinet,9436.73,3713.69,414.64,3299.05
2025-06-09,Asia Pacific,Singapore,Office Supplies,Premium Paper,2738.2,1031.05,207.84,823.21
2024-05-19,North America,Canada,Technology,Business Tablet,9644.33,4147.19,624.65,3522.54
2024-12-06,Europe,Spain,Technology,Business Tablet,4080.33,1622.01,245.39,1376.62
2024-04-23,North America,Canada,Furniture,Ergonomic Chair,7982.45,3303.92,336.22,2967.7
2025-11-16,Asia Pacific,Singapore,Technology,Laptop Pro,9821.29,4238.91,689.12,3549.79
2024-05-19,North America,Mexico,Technology,Laptop Pro,9677.84,4385.22,303.99,4081.23
2025-03-04,Asia Pacific,Australia,Furniture,Executive Desk,8730.7,4193.15,306.51,3886.65
2024-02-05,North America,Mexico,Technology,Cloud Server,6538.82,2532.68,277.27,2255.41
2024-08-06,South America,Chile,Technology,Cloud Server,1140.35,484.09,71.2,412.9
2024-10-18,Asia Pacific,Singapore,Office Supplies,Desk Organizer,2286.5,868.23,160.8,707.43
2024-05-13,Europe,France,Furniture,Executive Desk,5169.66,2507.26,299.22,2208.04
2025-05-14,Europe,Italy,Office Supplies,Premium Paper,3530.02,1693.13,167.1,1526.03
2025-06-06,Asia Pacific,Singapore,Office Supplies,Office Chair,3859.57,1623.28,276.61,1346.66
2024-03-22,Europe,France,Furniture,Conference Table,3716.59,1300.7,143.34,1157.36
2025-11-09,South America,Argentina,Furniture,Executive Desk,9157.66,3892.27,710.77,3181.51
2024-10-06,South America,Chile,Furniture,Ergonomic Chair,2168.23,895.57,81.99,813.57
2025-12-10,Asia Pacific,Singapore,Technology,Business Tablet,1964.1,785.39,124.71,660.69
2025-11-21,North America,Mexico,Furniture,Storage Cabinet,1366.12,660.22,100.06,560.16
2024-08-02,North America,United States,Technology,Cloud Server,9474.13,4333.95,748.53,3585.42
2024-05-09,South America,Chile,Office Supplies,Desk Organizer,1793.75,909.13,116.81,792.32
2024-12-12,North America,Canada,Technology,Cloud Server,7518.42,3859.6,497.11,3362.49
2024-06-02,Europe,Spain,Office Supplies,Desk Organizer,5829.86,2778.25,302.46,2475.79
2024-03-22,Europe,Italy,Technology,Smartphone X,8326.85,3343.72,513.47,2830.25
2025-10-13,Asia Pacific,Singapore,Technology,Business Tablet,8961.72,3618.07,696.34,2921.72
2024-05-12,South America,Argentina,Furniture,Executive Desk,1031.38,409.02,48.46,360.56
2024-12-31,South America,Brazil,Technology,Smartphone X,7871.52,3108.43,486.47,2621.96
2024-05-09,North America,Mexico,Office Supplies,Desk Organizer,9266.42,3417.98,606.57,2811.4
2024-09-17,Europe,France,Office Supplies,Printer,3708.64,1825.75,207.91,1617.84
2025-12-18,North America,Mexico,Office Supplies,Desk Organizer,6667.77,2528.26,234.71,2293.55
2025-05-03,Europe,United Kingdom,Furniture,Storage Cabinet,6557.5,3145.11,327.79,2817.33
2025-10-22,South America,Brazil,Furniture,Storage Cabinet,8493.38,4205.39,400.58,3804.82
2025-09-15,Europe,United Kingdom,Office Supplies,Printer,7588.22,3278.04,510.73,2767.31
2024-07-31,North America,Mexico,Technology,Laptop Pro,9666.01,3689.26,553.07,3136.19
2024-12-04,Asia Pacific,Singapore,Furniture,Storage Cabinet,775.57,349.04,39.68,309.36
2024-06-14,North America,Mexico,Furniture,Ergonomic Chair,9430.16,4215.69,562.43,3653.27
2024-10-12,North America,Canada,Office Supplies,Premium Paper,5137.8,1856.61,296.75,1559.86
2024-11-26,North America,United States,Technology,Smartphone X,9468.52,3598.53,690.94,2907.59
2024-09-07,Europe,Germany,Technology,Cloud Server,1365.62,615.99,50.79,565.2
2024-08-17,North America,Canada,Office Supplies,Premium Paper,3544.45,1778.94,243.69,1535.25
2024-03-18,Europe,Spain,Furniture,Executive Desk,9493.13,3757.56,388.49,3369.08
2025-04-13,Asia Pacific,Japan,Office Supplies,Desk Organizer,4854.65,1855.41,304.86,1550.55
2025-05-17,North America,Mexico,Office Supplies,Premium Paper,9980.85,4862.58,481.98,4380.6
2025-03-17,Asia Pacific,Singapore,Furniture,Ergonomic Chair,3857.81,1668.94,225.36,1443.58
2025-09-18,Asia Pacific,Australia,Technology,Business Tablet,3580.0,1652.88,230.61,1422.27
2025-01-31,North America,Mexico,Furniture,Executive Desk,4709.55,1852.18,227.13,1625.05
2024-10-20,Europe,Spain,Technology,Business Tablet,9449.57,4157.82,345.37,3812.45
2025-11-09,Asia Pacific,Japan,Technology,Cloud Server,8995.09,4302.42,560.05,3742.37
2025-05-27,North America,United States,Office Supplies,Printer,1414.67,525.58,86.94,438.64
2024-07-08,Europe,United Kingdom,Office Supplies,Desk Organizer,3306.26,1262.41,123.81,1138.6
2024-07-28,Europe,France,Office Supplies,Desk Organizer,7767.83,3770.64,412.95,3357.69
2024-01-27,North America,Canada,Technology,Smartphone X,8314.08,3552.35,606.2,2946.15
2024-06-25,Europe,France,Furniture,Ergonomic Chair,8841.51,3622.36,590.96,3031.4
2024-06-26,North America,Canada,Technology,Business Tablet,6617.86,2979.67,205.83,2773.84
2024-09-13,Europe,France,Furniture,Executive Desk,8316.04,4018.82,399.88,3618.95
2025-11-06,North America,Canada,Office Supplies,Printer,6038.45,2056.18,189.28,1866.91
2025-05-04,Asia Pacific,India,Technology,Smartphone X,9090.26,3627.64,457.53,3170.12
2024-03-29,Europe,Germany,Technology,Business Tablet,7539.64,3401.44,314.11,3087.33
2025-05-29,Asia Pacific,Singapore,Technology,Smartphone X,2536.22,1207.85,155.14,1052.71
2025-12-09,North America,Canada,Office Supplies,Desk Organizer,1328.25,555.94,59.13,496.81
2024-05-11,Europe,Germany,Technology,Laptop Pro,7846.08,3664.35,581.73,3082.62
2025-12-25,North America,Mexico,Technology,Smartphone X,874.62,364.25,63.82,300.43
2025-07-27,Europe,France,Furniture,Executive Desk,5782.55,2673.15,379.16,2293.99
2025-08-15,South America,Chile,Office Supplies,Printer,8190.91,2944.78,293.65,2651.13
2025-08-09,Europe,Spain,Furniture,Executive Desk,5374.8,1888.51,219.55,1668.96
2024-11-24,South America,Chile,Furniture,Conference Table,1393.95,676.82,58.09,618.73
2025-03-17,South America,Argentina,Technology,Business Tablet,9751.09,4597.81,631.76,3966.05
2024-03-11,South America,Brazil,Technology,Smartphone X,7062.43,3318.63,244.45,3074.18
2024-04-27,South America,Argentina,Technology,Business Tablet,8224.83,2849.78,345.1,2504.67
2024-07-29,North America,United States,Technology,Business Tablet,9550.51,3704.82,462.19,3242.63
2024-01-29,South America,Brazil,Office Supplies,Desk Organizer,7814.49,3306.0,557.32,2748.68
2025-05-22,South America,Argentina,Furniture,Conference Table,3902.01,1880.42,206.66,1673.77
2024-08-19,Europe,Italy,Furniture,Conference Table,1617.88,556.08,64.38,491.7
2025-05-24,Europe,Germany,Furniture,Executive Desk,3496.84,1752.18,236.92,1515.26
2024-02-01,North America,Mexico,Furniture,Storage Cabinet,8667.28,3311.7,443.99,2867.71
2025-04-17,Europe,Germany,Office Supplies,Printer,4324.64,1995.58,310.79,1684.79
2025-02-10,South America,Chile,Furniture,Conference Table,8682.32,3375.96,592.95,2783.02
2024-08-11,South America,Brazil,Technology,Cloud Server,1526.9,699.81,85.73,614.09
2024-01-10,Europe,Spain,Office Supplies,Premium Paper,3106.31,1113.07,158.55,954.52
2024-09-12,North America,United States,Office Supplies,Office Chair,8521.61,4006.63,428.73,3577.9
2025-07-01,South America,Argentina,Office Supplies,Office Chair,6418.99,2823.29,270.69,2552.6
2024-12-09,Europe,Spain,Office Supplies,Office Chair,1850.34,876.86,85.58,791.28
2025-07-08,North America,Mexico,Office Supplies,Printer,7555.6,3274.28,604.05,2670.23
2024-04-25,North America,Mexico,Technology,Cloud Server,7926.37,4126.03,602.14,3523.89
2025-06-15,North America,United States,Office Supplies,Desk Organizer,5655.28,2792.13,324.56,2467.58
2025-05-15,North America,Canada,Furniture,Conference Table,1881.02,690.2,58.03,632.17
2024-09-21,North America,Canada,Office Supplies,Desk Organizer,3958.88,1574.58,202.12,1372.47
2024-10-07,South America,Chile,Office Supplies,Printer,1433.52,577.66,97.96,479.7
2024-05-13,Europe,Italy,Technology,Laptop Pro,4845.0,1890.59,186.21,1704.38
2025-03-28,South America,Argentina,Technology,Laptop Pro,2971.41,1210.11,89.87,1120.24
2024-04-15,Europe,United Kingdom,Office Supplies,Premium Paper,4013.78,1454.5,143.04,1311.46
2024-11-15,North America,Mexico,Office Supplies,Premium Paper,1190.57,496.19,42.76,453.43
2024-11-10,South America,Brazil,Technology,Cloud Server,1223.22,508.59,46.87,461.72
2024-01-23,Asia Pacific,Australia,Office Supplies,Printer,4101.3,1622.09,175.99,1446.1
2025-02-11,North America,Canada,Furniture,Ergonomic Chair,9286.54,4829.1,729.44,4099.66
2024-08-25,South America,Argentina,Technology,Business Tablet,8166.07,3296.03,603.18,2692.85
2025-11-23,Asia Pacific,Australia,Office Supplies,Printer,8552.2,3452.01,432.0,3020.0
2025-03-10,Europe,Germany,Technology,Laptop Pro,8586.65,3363.15,667.73,2695.41
2025-10-20,North America,United States,Office Supplies,Office Chair,9586.38,4736.84,468.01,4268.83
2025-08-24,South America,Argentina,Furniture,Conference Table,7059.42,3276.16,468.31,2807.85
2025-03-31,North America,Canada,Furniture,Conference Table,5583.25,2637.84,411.7,2226.14
2025-08-17,Asia Pacific,Singapore,Technology,Smartphone X,2957.06,1411.59,178.1,1233.49
2024-03-28,South America,Chile,Office Supplies,Premium Paper,5664.16,2044.98,286.57,1758.41
2025-12-10,Asia Pacific,India,Technology,Business Tablet,8254.34,3733.88,479.57,3254.31
2024-07-12,South America,Argentina,Technology,Laptop Pro,7064.76,2686.44,383.97,2302.46
2025-08-07,Asia Pacific,Australia,Furniture,Executive Desk,3396.37,1375.26,264.01,1111.25
2024-09-18,Asia Pacific,Singapore,Office Supplies,Printer,3289.99,1659.29,260.07,1399.22
2025-12-14,South America,Chile,Furniture,Ergonomic Chair,8525.04,3126.17,401.87,2724.3
2025-05-27,Europe,Germany,Technology,Cloud Server,9685.01,4757.04,772.89,3984.15
2024-03-09,South America,Brazil,Office Supplies,Printer,4879.09,2164.21,215.79,1948.41
2024-11-22,North America,United States,Office Supplies,Premium Paper,8253.09,3831.74,474.88,3356.86
2024-06-15,South America,Argentina,Furniture,Storage Cabinet,7325.1,3422.31,470.09,2952.22
2024-02-17,Europe,Germany,Office Supplies,Premium Paper,4918.67,2361.28,173.0,2188.28
2025-11-30,Asia Pacific,Australia,Office Supplies,Desk Organizer,9544.37,4319.98,400.58,3919.4
2024-10-04,Asia Pacific,Australia,Technology,Business Tablet,2150.44,1005.75,133.02,872.74
2024-09-08,Asia Pacific,Australia,Technology,Smartphone X,6579.11,2870.03,419.25,2450.78
2025-04-28,Asia Pacific,Singapore,Furniture,Storage Cabinet,5950.89,2655.27,374.77,2280.5
2024-02-19,North America,Canada,Office Supplies,Desk Organizer,3102.23,1346.37,203.35,1143.02
2024-04-08,Europe,United Kingdom,Furniture,Conference Table,8893.55,3936.1,295.6,3640.51
2025-06-21,South America,Brazil,Furniture,Ergonomic Chair,1193.35,523.08,35.92,487.16
2025-08-13,Europe,Germany,Office Supplies,Premium Paper,1222.63,590.34,52.44,537.9
2025-01-25,Europe,Germany,Furniture,Conference Table,1073.33,466.52,51.69,414.83
2024-11-06,North America,Mexico,Office Supplies,Desk Organizer,2522.41,1206.3,172.74,1033.56
2025-06-12,Asia Pacific,Japan,Technology,Cloud Server,9999.89,4788.85,785.24,4003.61
2025-07-26,South America,Argentina,Technology,Laptop Pro,4953.18,2080.96,178.56,1902.4
2024-05-30,Asia Pacific,Japan,Technology,Business Tablet,9348.5,3655.94,631.47,3024.46
2025-07-22,Europe,Spain,Technology,Smartphone X,4358.7,1939.8,258.37,1681.42
2025-09-21,South America,Chile,Office Supplies,Desk Organizer,7416.12,2771.99,382.07,2389.92
2024-07-27,North America,Mexico,Furniture,Ergonomic Chair,4864.06,2002.07,243.81,1758.26
2025-11-15,North America,United States,Furniture,Executive Desk,8376.53,3417.52,667.2,2750.32
2025-04-28,Europe,Spain,Technology,Cloud Server,943.11,370.55,52.82,317.73
2024-03-03,South America,Chile,Furniture,Storage Cabinet,7638.87,3682.87,315.03,3367.85
2024-02-07,South America,Chile,Technology,Smartphone X,3093.14,1170.52,116.7,1053.83
2025-12-12,South America,Argentina,Furniture,Ergonomic Chair,5637.84,2855.44,432.39,2423.06
2024-06-29,South America,Argentina,Technology,Cloud Server,8085.21,3593.32,351.31,3242.0
2024-12-14,South America,Argentina,Office Supplies,Office Chair,4557.17,1928.25,290.97,1637.28
2024-04-01,North America,Mexico,Technology,Cloud Server,9980.39,3937.75,537.26,3400.49
2024-12-24,Europe,Germany,Technology,Business Tablet,3671.52,1311.89,137.53,1174.36
2024-07-09,South America,Brazil,Office Supplies,Office Chair,1054.3,406.87,70.81,336.06
2025-11-10,Asia Pacific,Australia,Technology,Business Tablet,9548.24,3474.68,291.27,3183.4
2024-02-03,South America,Argentina,Technology,Cloud Server,2657.45,979.88,148.14,831.73
2024-05-30,North America,Canada,Office Supplies,Desk Organizer,7574.0,2965.01,274.61,2690.39
2025-12-26,North America,Canada,Furniture,Executive Desk,1087.56,534.87,78.33,456.54
2024-08-02,South America,Chile,Office Supplies,Office Chair,2344.16,973.79,97.35,876.45
2024-09-21,North America,United States,Furniture,Ergonomic Chair,7122.94,2857.9,550.77,2307.13
2025-06-16,North America,Canada,Technology,Smartphone X,5224.28,1950.53,244.76,1705.76
2025-08-16,North America,United States,Technology,Smartphone X,8194.17,3923.75,583.65,3340.1
2025-12-16,Europe,Germany,Furniture,Ergonomic Chair,1854.46,1164.58,268.12,896.45
2024-01-12,Asia Pacific,Japan,Technology,Smartphone X,8925.45,3263.92,323.01,2940.92
2025-10-03,North America,Mexico,Office Supplies,Printer,4286.92,1924.96,146.29,1778.67
2025-01-03,South America,Chile,Furniture,Executive Desk,3059.13,1125.51,107.23,1018.29
2025-06-20,Asia Pacific,India,Office Supplies,Desk Organizer,5927.98,2304.05,182.75,2121.31
2025-10-30,South America,Argentina,Office Supplies,Printer,3418.05,1619.28,220.66,1398.62
2024-04-08,Asia Pacific,Singapore,Furniture,Conference Table,4903.89,2216.86,253.79,1963.06
2024-01-31,Asia Pacific,Japan,Furniture,Conference Table,6477.77,2784.99,404.11,2380.87
2025-09-08,South America,Chile,Furniture,Ergonomic Chair,6359.03,2655.14,496.5,2158.64
2025-06-22,North America,Mexico,Furniture,Executive Desk,2599.01,1154.04,196.25,957.79
2025-04-24,North America,Mexico,Technology,Laptop Pro,7087.16,2421.52,271.08,2150.45
2025-08-31,Asia Pacific,Singapore,Office Supplies,Printer,7904.09,3703.18,524.63,3178.55
2024-05-10,Asia Pacific,India,Office Supplies,Desk Organizer,4626.81,2309.68,289.03,2020.65
2025-02-18,Europe,Italy,Furniture,Storage Cabinet,2619.96,1036.27,133.3,902.97
2024-04-05,Asia Pacific,Singapore,Technology,Smartphone X,5815.38,2410.7,353.47,2057.23
2024-01-01,North America,Mexico,Office Supplies,Office Chair,3448.99,1647.01,169.2,1477.81
2024-06-05,Europe,United Kingdom,Office Supplies,Desk Organizer,2799.13,1249.25,125.25,1123.99
2025-08-09,South America,Brazil,Furniture,Ergonomic Chair,6343.32,3057.45,281.97,2775.48
2024-07-24,Asia Pacific,Australia,Furniture,Ergonomic Chair,4440.2,1902.4,280.29,1622.1
2025-01-11,North America,United States,Office Supplies,Premium Paper,5378.7,1964.62,175.77,1788.85
2024-04-03,Europe,France,Furniture,Storage Cabinet,9430.14,3827.01,460.21,3366.8
2025-11-30,North America,Canada,Furniture,Storage Cabinet,6739.71,2932.93,444.76,2488.17
2024-07-09,North America,Mexico,Technology,Business Tablet,9222.18,3928.8,536.86,3391.94
2025-09-04,Europe,Italy,Furniture,Storage Cabinet,548.34,192.25,19.85,172.4
2025-09-09,Europe,United Kingdom,Furniture,Storage Cabinet,4265.14,2033.08,132.84,1900.24
2025-03-28,North America,Mexico,Technology,Cloud Server,3440.65,1689.22,180.17,1509.06
2025-07-25,North America,Mexico,Office Supplies,Printer,6333.36,2777.08,278.48,2498.61
2025-05-10,South America,Brazil,Furniture,Executive Desk,6194.97,2789.41,470.34,2319.07
2024-10-26,Asia Pacific,India,Technology,Business Tablet,3825.66,1591.37,162.0,1429.37
2024-10-05,South America,Argentina,Furniture,Ergonomic Chair,2921.95,1211.83,118.84,1093.0
2024-08-27,South America,Chile,Technology,Business Tablet,1742.3,824.12,54.88,769.24
2024-12-05,South America,Argentina,Office Supplies,Premium Paper,5754.7,2510.88,402.5,2108.38
2024-11-06,South America,Argentina,Technology,Smartphone X,9778.31,4026.51,691.96,3334.56
2024-12-29,Europe,Spain,Office Supplies,Printer,6380.21,2713.24,317.44,2395.8
2024-11-27,Europe,France,Technology,Laptop Pro,5359.29,2385.86,319.33,2066.53
2025-11-20,South America,Argentina,Office Supplies,Office Chair,3019.57,1214.08,207.52,1006.55
2024-08-25,Asia Pacific,Australia,Furniture,Storage Cabinet,6151.21,2227.51,219.01,2008.5
2024-04-14,Asia Pacific,Singapore,Technology,Smartphone X,5291.84,1934.59,296.64,1637.95
2024-02-16,North America,Canada,Office Supplies,Desk Organizer,6408.03,2481.82,192.46,2289.36
2024-11-02,Europe,France,Office Supplies,Desk Organizer,2965.79,1165.4,152.78,1012.61
2025-08-19,Europe,Germany,Office Supplies,Premium Paper,2269.5,826.71,106.44,720.27
2024-08-31,South America,Chile,Office Supplies,Printer,5736.87,2389.13,316.3,2072.82
2025-12-19,Europe,Spain,Furniture,Executive Desk,902.85,582.71,102.29,480.42
2024-08-09,Asia Pacific,Japan,Furniture,Storage Cabinet,7289.16,3129.16,219.14,2910.02
2024-08-16,Asia Pacific,Australia,Furniture,Executive Desk,7780.99,2826.0,461.46,2364.54
2025-05-08,North America,Mexico,Technology,Laptop Pro,9919.42,4623.15,331.6,4291.55
2024-10-28,Asia Pacific,Singapore,Technology,Laptop Pro,9156.6,3965.53,450.86,3514.67
2025-10-31,Europe,Spain,Office Supplies,Premium Paper,2302.08,1542.38,351.36,1191.02
2024-12-10,Europe,Spain,Technology,Smartphone X,8416.48,3729.1,476.48,3252.62
2024-03-24,South America,Chile,Office Supplies,Premium Paper,5088.76,2251.98,316.01,1935.97
2025-09-16,North America,Mexico,Technology,Smartphone X,7636.53,3930.06,553.5,3376.56
2025-01-09,Europe,Italy,Furniture,Executive Desk,6201.54,2422.95,484.6,1938.35
2024-08-13,North America,United States,Technology,Smartphone X,3154.76,1359.82,246.34,1113.48
2024-02-13,Asia Pacific,India,Furniture,Executive Desk,9464.86,4523.51,510.16,4013.35
2025-11-23,Europe,Italy,Office Supplies,Printer,5460.43,3589.42,723.26,2866.16
2025-02-01,South America,Brazil,Technology,Smartphone X,9098.6,4416.29,609.9,3806.39
2024-02-03,North America,United States,Office Supplies,Printer,9460.33,3963.11,515.77,3447.33
2024-04-05,North America,United States,Technology,Cloud Server,956.63,433.91,54.63,379.29
2024-05-04,North America,Mexico,Furniture,Conference Table,8810.62,3987.88,532.47,3455.41
2024-08-14,North America,United States,Technology,Business Tablet,3893.18,1894.5,215.68,1678.83
2025-05-22,North America,United States,Office Supplies,Office Chair,2601.04,1272.97,184.15,1088.81
2024-12-15,South America,Chile,Furniture,Executive Desk,8535.28,4245.58,556.45,3689.13
2025-10-10,Europe,Spain,Office Supplies,Premium Paper,9685.42,5785.72,1050.47,4735.25
2024-02-20,North America,Canada,Technology,Laptop Pro,4347.01,1635.67,152.84,1482.82
2025-12-06,Europe,United Kingdom,Office Supplies,Desk Organizer,8478.43,5758.15,1101.97,4656.18
2024-04-14,Asia Pacific,India,Furniture,Conference Table,3095.16,1324.01,133.65,1190.36
2025-08-02,Asia Pacific,India,Office Supplies,Premium Paper,6110.91,2986.67,409.49,2577.17
2025-05-28,Europe,Italy,Technology,Cloud Server,2991.62,1254.87,178.62,1076.25
2024-08-13,Asia Pacific,India,Office Supplies,Printer,1845.77,888.42,62.59,825.83
2024-05-26,Europe,United Kingdom,Furniture,Ergonomic Chair,4815.86,2366.69,301.12,2065.57
2025-03-17,North America,Canada,Technology,Business Tablet,4814.32,2277.91,290.02,1987.89
2025-09-06,Asia Pacific,Japan,Technology,Laptop Pro,4212.09,1991.42,186.53,1804.89
2024-05-22,South America,Brazil,Office Supplies,Printer,6886.81,2838.99,385.23,2453.76
2025-08-19,Europe,France,Furniture,Storage Cabinet,1730.03,863.05,134.71,728.34
2024-03-27,Europe,Italy,Office Supplies,Office Chair,7802.92,3377.03,403.95,2973.08
2024-07-13,Asia Pacific,Japan,Office Supplies,Desk Organizer,8823.23,3976.99,543.21,3433.78
2025-11-22,South America,Argentina,Furniture,Executive Desk,1686.89,663.47,63.88,599.58
2025-05-24,South America,Chile,Office Supplies,Premium Paper,2002.3,1012.4,142.35,870.05
2025-05-24,North America,United States,Technology,Smartphone X,3561.75,1492.65,278.0,1214.65
2024-12-14,North America,Canada,Furniture,Storage Cabinet,8395.85,2906.26,386.64,2519.62
2025-06-19,Asia Pacific,Singapore,Technology,Cloud Server,2207.65,942.13,159.97,782.16
2024-12-13,North America,United States,Furniture,Ergonomic Chair,9127.83,4391.28,424.65,3966.63
2024-03-30,North America,Mexico,Technology,Business Tablet,4028.94,1645.93,187.22,1458.7
2025-09-30,North America,Canada,Furniture,Conference Table,2800.9,1078.13,184.56,893.57
2024-05-06,Europe,Spain,Technology,Smartphone X,9252.89,4280.56,701.56,3579.0
2024-08-19,Europe,United Kingdom,Furniture,Executive Desk,3169.86,1203.95,238.27,965.68
2025-05-12,North America,Canada,Furniture,Conference Table,6968.68,3268.83,514.27,2754.55
2025-05-08,North America,Mexico,Office Supplies,Premium Paper,7685.09,2691.61,274.65,2416.96
2025-06-27,North America,United States,Technology,Smartphone X,5174.82,2661.53,379.18,2282.35
2025-06-13,Europe,Spain,Technology,Laptop Pro,9621.08,4607.98,561.32,4046.65
2024-06-03,Asia Pacific,Japan,Office Supplies,Printer,9937.11,4359.66,604.45,3755.21
2025-03-21,North America,Mexico,Office Supplies,Printer,5287.38,2177.66,233.24,1944.43
2024-12-21,North America,Canada,Technology,Business Tablet,5271.55,2528.96,196.02,2332.94
2025-05-20,North America,Canada,Office Supplies,Printer,7604.59,2778.23,350.54,2427.68
2024-11-30,Europe,Germany,Office Supplies,Office Chair,5758.62,2469.95,456.34,2013.6
2024-09-14,Asia Pacific,Australia,Technology,Smartphone X,5352.45,2146.95,162.48,1984.47
2024-09-25,South America,Argentina,Office Supplies,Desk Organizer,4107.06,1597.82,132.3,1465.52
2024-05-11,South America,Argentina,Office Supplies,Desk Organizer,1250.79,541.03,41.0,500.03
2025-04-28,Asia Pacific,Japan,Technology,Smartphone X,7309.44,2971.28,350.82,2620.46
2024-07-13,Europe,United Kingdom,Furniture,Conference Table,4263.26,1607.4,267.49,1339.91
2025-05-07,Asia Pacific,India,Office Supplies,Printer,2588.74,1116.85,93.43,1023.42
2025-01-31,Europe,United Kingdom,Office Supplies,Printer,1852.2,885.62,110.9,774.72
2024-11-09,Asia Pacific,Singapore,Office Supplies,Printer,9349.95,3663.2,558.73,3104.46
2025-09-19,South America,Brazil,Technology,Business Tablet,2654.43,1319.68,197.38,1122.3
2025-08-17,South America,Brazil,Furniture,Storage Cabinet,8499.0,3439.73,294.17,3145.57
2024-02-16,North America,Mexico,Office Supplies,Office Chair,3297.68,1466.74,180.77,1285.97
2025-12-29,Asia Pacific,Singapore,Furniture,Executive Desk,7469.79,3086.07,258.57,2827.49
2025-05-02,South America,Brazil,Furniture,Conference Table,1598.23,676.97,60.21,616.76
2025-09-13,Asia Pacific,Japan,Office Supplies,Desk Organizer,9787.49,3614.68,356.05,3258.63
2024-10-22,Europe,France,Technology,Laptop Pro,2021.69,811.67,148.69,662.98
2024-11-25,Asia Pacific,India,Office Supplies,Premium Paper,3253.46,1193.67,116.74,1076.93
2024-11-15,North America,Canada,Furniture,Storage Cabinet,3441.71,1526.97,250.99,1275.98
2024-09-18,Europe,Italy,Technology,Smartphone X,4325.55,1910.03,345.62,1564.42
2024-12-27,South America,Brazil,Technology,Cloud Server,4087.44,1821.61,155.74,1665.87
2025-07-16,North America,United States,Technology,Smartphone X,1648.76,766.63,66.98,699.65
2025-05-30,South America,Chile,Technology,Cloud Server,5778.17,2260.75,300.57,1960.18
2025-03-12,Asia Pacific,Japan,Furniture,Conference Table,2376.83,823.89,106.88,717.0
2025-01-03,South America,Chile,Technology,Laptop Pro,9051.27,3968.66,709.0,3259.66
2024-02-03,Asia Pacific,Australia,Technology,Laptop Pro,2226.19,920.67,168.54,752.13
2024-07-29,Asia Pacific,Australia,Furniture,Executive Desk,1568.42,664.37,71.31,593.06
2025-03-19,Asia Pacific,India,Technology,Business Tablet,2222.5,786.33,109.88,676.45
2024-08-28,South America,Chile,Furniture,Executive Desk,5001.48,2258.04,226.8,2031.24
2025-12-28,North America,Canada,Office Supplies,Premium Paper,1290.05,527.01,60.51,466.5
2024-12-24,Asia Pacific,Australia,Furniture,Ergonomic Chair,2085.74,935.21,114.68,820.53
2024-07-21,Europe,France,Office Supplies,Office Chair,9141.1,3819.99,537.59,3282.4
2024-06-30,South America,Argentina,Office Supplies,Desk Organizer,5436.83,2282.06,262.63,2019.44
2024-08-02,Asia Pacific,Singapore,Technology,Smartphone X,8417.77,3371.87,456.89,2914.99
2025-09-01,Europe,Spain,Office Supplies,Office Chair,7857.08,3775.77,244.94,3530.83
2025-07-14,Asia Pacific,Japan,Office Supplies,Desk Organizer,8622.17,3355.65,520.7,2834.95
2024-01-14,South America,Argentina,Technology,Business Tablet,8725.92,2955.67,294.5,2661.18
2024-08-17,Europe,United Kingdom,Office Supplies,Premium Paper,3424.27,1258.26,136.77,1121.5
2024-09-14,South America,Chile,Technology,Laptop Pro,2984.71,1248.78,91.45,1157.33
2024-01-03,South America,Brazil,Office Supplies,Printer,8342.43,3641.74,258.01,3383.73
2025-10-05,Europe,United Kingdom,Office Supplies,Office Chair,5538.0,3741.74,743.96,2997.77
2025-04-17,North America,Canada,Office Supplies,Office Chair,9789.18,4281.05,486.72,3794.34
2024-02-16,North America,United States,Office Supplies,Office Chair,4607.31,1714.98,178.18,1536.81
2025-01-07,South America,Chile,Furniture,Storage Cabinet,9818.7,5006.84,741.89,4264.96
2025-09-27,South America,Brazil,Furniture,Ergonomic Chair,3938.16,1824.18,239.85,1584.34
2024-06-09,South America,Argentina,Technology,Laptop Pro,1598.5,662.16,102.13,560.03
2024-04-08,South America,Chile,Office Supplies,Office Chair,6440.83,2571.62,462.67,2108.94
2025-02-27,Europe,Spain,Office Supplies,Printer,4359.86,1916.49,247.65,1668.84
2025-10-18,South America,Brazil,Technology,Business Tablet,6898.73,3092.22,531.81,2560.41
2025-05-27,South America,Argentina,Furniture,Ergonomic Chair,8378.13,4340.91,634.98,3705.93
2025-02-24,Asia Pacific,Australia,Office Supplies,Premium Paper,2098.05,806.94,114.34,692.6
2025-05-19,South America,Argentina,Furniture,Storage Cabinet,8180.51,3980.16,546.19,3433.97
2025-06-14,South America,Chile,Furniture,Storage Cabinet,4157.6,1654.98,246.0,1408.98
2024-09-28,South America,Chile,Technology,Business Tablet,3859.04,1779.66,258.22,1521.44
2024-10-08,South America,Argentina,Office Supplies,Premium Paper,7310.56,2563.32,227.91,2335.4
2025-01-08,North America,Canada,Office Supplies,Office Chair,6204.9,2277.71,411.07,1866.65
2025-11-26,South America,Argentina,Technology,Business Tablet,3661.28,1303.76,190.56,1113.2
2024-12-23,Asia Pacific,India,Office Supplies,Premium Paper,4058.68,1703.63,162.09,1541.54
2025-06-30,Asia Pacific,Singapore,Furniture,Conference Table,2272.03,984.83,96.3,888.53
2025-09-07,South America,Argentina,Furniture,Executive Desk,7117.96,2922.24,491.43,2430.81
2025-05-01,North America,Canada,Technology,Laptop Pro,9692.11,4513.51,333.1,4180.41
2024-01-02,South America,Brazil,Technology,Business Tablet,8465.09,3211.9,273.38,2938.52
2024-05-24,South America,Argentina,Furniture,Conference Table,8758.82,3738.83,517.39,3221.44
2024-07-29,North America,Canada,Office Supplies,Desk Organizer,3170.76,1359.11,204.78,1154.33
2025-02-07,South America,Chile,Technology,Smartphone X,2574.9,1198.34,94.82,1103.52
2025-05-12,North America,Mexico,Furniture,Storage Cabinet,3012.34,1167.83,112.46,1055.38
2024-02-24,Asia Pacific,India,Technology,Laptop Pro,700.91,312.64,36.31,276.33
2025-05-09,Europe,Spain,Office Supplies,Premium Paper,4221.53,2066.99,182.03,1884.97
2025-04-17,South America,Chile,Furniture,Storage Cabinet,2420.75,898.7,101.19,797.51
2024-01-23,South America,Brazil,Office Supplies,Printer,2542.15,1071.07,185.86,885.21
2025-01-15,Asia Pacific,Singapore,Furniture,Conference Table,8622.62,3223.71,607.27,2616.44
2024-12-18,North America,Canada,Technology,Smartphone X,7725.0,2738.69,387.6,2351.1
2025-06-24,South America,Argentina,Office Supplies,Desk Organizer,1074.39,413.73,77.69,336.05
2025-12-17,Europe,France,Furniture,Conference Table,2771.98,1941.69,372.0,1569.69
2024-05-10,North America,Canada,Office Supplies,Printer,3957.2,1791.57,221.78,1569.79
2024-10-31,Europe,France,Technology,Cloud Server,4406.65,1787.03,134.18,1652.86
2025-12-11,Europe,Italy,Furniture,Executive Desk,7705.7,5288.45,938.57,4349.88
2024-01-31,South America,Argentina,Technology,Cloud Server,840.22,343.24,33.82,309.42
2025-07-04,Asia Pacific,Singapore,Furniture,Ergonomic Chair,5366.76,1931.89,163.86,1768.03
2024-09-17,Asia Pacific,Singapore,Technology,Cloud Server,9332.12,3672.39,412.83,3259.56
2025-11-25,Europe,United Kingdom,Office Supplies,Office Chair,5052.48,3288.79,768.04,2520.75
2025-07-21,North America,Mexico,Office Supplies,Printer,2834.19,1399.05,145.68,1253.37
2025-06-15,Asia Pacific,Australia,Office Supplies,Printer,8943.2,3984.85,562.97,3421.88
2024-11-19,North America,United States,Technology,Smartphone X,9731.32,3565.24,596.69,2968.55
2025-01-15,South America,Brazil,Furniture,Ergonomic Chair,1967.89,909.08,135.91,773.18
2024-05-07,Asia Pacific,Japan,Technology,Laptop Pro,9039.86,4076.65,541.54,3535.11
2025-09-29,South America,Argentina,Technology,Smartphone X,702.64,326.47,52.4,274.07
2024-09-08,Asia Pacific,Singapore,Office Supplies,Printer,9706.0,4641.78,305.42,4336.36
2025-09-03,Europe,United Kingdom,Office Supplies,Premium Paper,8140.95,3604.95,329.09,3275.86
2024-06-16,Europe,Germany,Technology,Business Tablet,2542.52,1169.14,193.41,975.73
2024-01-05,Europe,United Kingdom,Technology,Smartphone X,1244.67,596.33,46.05,550.28
2024-02-09,South America,Chile,Technology,Laptop Pro,3359.09,1680.42,232.07,1448.35
2024-02-03,North America,United States,Office Supplies,Printer,5541.52,2478.16,226.51,2251.64
2025-06-12,Asia Pacific,Singapore,Office Supplies,Desk Organizer,8907.28,3957.58,501.23,3456.35
2024-06-02,Asia Pacific,Australia,Furniture,Ergonomic Chair,2748.67,1300.72,133.96,1166.76
2024-03-27,North America,Canada,Technology,Smartphone X,7764.54,3745.46,402.43,3343.03
2024-10-08,North America,Mexico,Office Supplies,Premium Paper,5292.21,1988.9,254.64,1734.26
2025-10-24,South America,Chile,Office Supplies,Premium Paper,3697.16,1415.34,118.5,1296.84
2024-02-24,Europe,Spain,Office Supplies,Printer,8527.18,3362.78,469.77,2893.02
2025-01-31,Europe,United Kingdom,Technology,Business Tablet,5368.74,2197.06,359.56,1837.5
2025-12-31,Asia Pacific,India,Furniture,Conference Table,6716.87,2745.91,440.57,2305.34
2024-02-12,North America,Canada,Technology,Cloud Server,9361.38,4104.59,716.28,3388.31
2024-12-20,Asia Pacific,Japan,Office Supplies,Printer,5328.88,1837.24,176.39,1660.85
2025-12-29,North America,Mexico,Technology,Cloud Server,4667.07,1875.28,244.33,1630.96
2025-04-07,South America,Argentina,Office Supplies,Printer,5957.03,2211.14,263.26,1947.88
2025-12-26,Europe,France,Technology,Cloud Server,1909.66,1317.84,246.25,1071.59
2025-04-26,Europe,Germany,Office Supplies,Premium Paper,7251.6,3667.57,541.23,3126.35
2025-09-06,Asia Pacific,Australia,Furniture,Storage Cabinet,4887.53,1983.14,322.49,1660.65
2024-04-18,South America,Argentina,Technology,Smartphone X,6938.57,2790.88,354.48,2436.39
2025-05-15,Europe,France,Office Supplies,Printer,6068.17,2324.23,191.11,2133.12
2024-06-21,South America,Argentina,Office Supplies,Printer,6428.62,3005.16,313.59,2691.57
2024-05-06,North America,United States,Office Supplies,Office Chair,6955.63,2778.51,277.3,2501.21
2024-03-05,Asia Pacific,Australia,Technology,Smartphone X,3124.9,1409.05,238.88,1170.17
2024-02-20,Europe,United Kingdom,Office Supplies,Printer,3695.7,1406.54,164.42,1242.12
2024-12-30,Asia Pacific,Australia,Office Supplies,Office Chair,9603.08,4047.76,556.14,3491.63
2025-11-10,North America,United States,Office Supplies,Desk Organizer,7143.88,3427.83,362.41,3065.41
2025-06-05,Europe,Spain,Furniture,Ergonomic Chair,7706.96,3201.51,540.85,2660.66
2025-08-17,Europe,Germany,Furniture,Storage Cabinet,7711.76,2681.14,308.83,2372.31
2025-04-30,Europe,United Kingdom,Office Supplies,Desk Organizer,5811.98,2612.88,201.53,2411.35
2025-08-15,South America,Chile,Technology,Smartphone X,4214.21,1642.99,136.17,1506.82
2025-09-22,North America,United States,Furniture,Storage Cabinet,842.44,391.35,65.86,325.49
2025-06-14,Asia Pacific,India,Technology,Laptop Pro,4001.26,1905.01,230.45,1674.56
2025-09-03,Europe,Germany,Technology,Business Tablet,8491.58,3091.53,323.43,2768.1
2024-10-18,Europe,Germany,Furniture,Conference Table,7016.74,3335.87,458.76,2877.11
2025-08-07,South America,Brazil,Office Supplies,Premium Paper,2256.94,821.12,143.22,677.91
2024-08-29,South America,Chile,Technology,Laptop Pro,5816.18,2609.44,328.09,2281.34
2024-10-17,South America,Chile,Technology,Cloud Server,7842.79,3194.09,332.72,2861.38
2024-10-06,North America,Mexico,Technology,Smartphone X,3340.29,1483.7,131.21,1352.5
2024-07-09,South America,Argentina,Office Supplies,Desk Organizer,3141.89,1444.77,159.14,1285.63
2024-10-08,Europe,United Kingdom,Office Supplies,Office Chair,7781.71,3757.23,529.79,3227.45
2025-09-05,South America,Argentina,Technology,Cloud Server,6141.89,2785.93,343.42,2442.51
2025-11-30,South America,Argentina,Office Supplies,Printer,6289.15,2356.69,310.74,2045.95
2025-04-01,Europe,United Kingdom,Office Supplies,Desk Organizer,8246.75,3317.19,574.46,2742.74
2025-09-23,Asia Pacific,Japan,Technology,Business Tablet,3637.67,1495.53,165.69,1329.84
2024-05-27,North America,Mexico,Office Supplies,Premium Paper,9444.71,4378.59,657.46,3721.13
2025-08-20,Europe,Spain,Furniture,Storage Cabinet,3048.56,1502.03,150.69,1351.34
2025-03-04,Europe,Germany,Furniture,Conference Table,8477.93,3866.06,589.5,3276.56
2024-09-05,North America,Canada,Office Supplies,Desk Organizer,1805.02,860.68,74.6,786.08
2024-07-31,North America,Canada,Furniture,Ergonomic Chair,1005.72,426.06,65.99,360.07
2024-07-27,South America,Argentina,Office Supplies,Printer,5209.84,2152.2,398.09,1754.11
2024-12-03,Asia Pacific,Singapore,Furniture,Ergonomic Chair,6919.91,2888.18,345.79,2542.4
2025-11-13,Asia Pacific,Singapore,Furniture,Storage Cabinet,5835.41,2186.26,433.77,1752.49
2024-12-11,Europe,France,Office Supplies,Desk Organizer,6690.76,2555.49,286.18,2269.31
2025-09-08,Asia Pacific,Japan,Office Supplies,Office Chair,2073.28,738.12,104.81,633.31
2024-09-18,South America,Argentina,Technology,Business Tablet,8096.54,2912.39,267.77,2644.62
2024-06-03,Europe,Spain,Office Supplies,Desk Organizer,2875.57,1381.93,210.7,1171.23
2024-05-20,Europe,France,Office Supplies,Premium Paper,6499.94,2550.93,510.57,2040.35
2024-12-21,Europe,United Kingdom,Office Supplies,Printer,6459.82,2462.13,296.05,2166.07
2025-07-14,Asia Pacific,India,Furniture,Executive Desk,6446.13,3377.49,487.47,2890.02
2024-07-09,South America,Argentina,Office Supplies,Office Chair,2268.58,982.4,135.1,847.3
2024-02-18,Asia Pacific,Japan,Technology,Smartphone X,5705.69,1895.79,182.74,1713.05
2025-06-01,Europe,Italy,Technology,Laptop Pro,3954.49,1396.38,134.75,1261.63
2024-09-30,Asia Pacific,Singapore,Furniture,Ergonomic Chair,6013.6,2784.81,289.21,2495.6
2025-09-04,Europe,United Kingdom,Technology,Cloud Server,679.98,263.73,41.36,222.37
2025-03-15,Europe,Germany,Office Supplies,Office Chair,3507.04,1816.99,249.29,1567.71
2024-02-15,Asia Pacific,India,Furniture,Storage Cabinet,5051.78,2528.44,333.3,2195.14
2024-05-06,North America,United States,Office Supplies,Premium Paper,602.98,293.97,45.14,248.84
2024-05-23,Europe,Italy,Furniture,Storage Cabinet,3231.26,1488.3,129.44,1358.86
2025-04-15,Europe,United Kingdom,Office Supplies,Office Chair,9681.05,3557.02,427.62,3129.4
2024-03-25,North America,Canada,Office Supplies,Office Chair,8098.57,3062.81,415.05,2647.76
2024-12-25,South America,Brazil,Technology,Smartphone X,2411.84,877.09,122.26,754.83
2024-12-30,Asia Pacific,India,Office Supplies,Office Chair,2880.19,1139.97,135.13,1004.84
2025-03-07,South America,Brazil,Technology,Smartphone X,4349.23,2179.47,293.01,1886.47
2024-05-27,South America,Chile,Office Supplies,Premium Paper,573.3,275.87,27.41,248.46
2025-12-02,South America,Chile,Office Supplies,Premium Paper,4549.53,1608.39,241.66,1366.73
2024-03-18,Europe,France,Technology,Laptop Pro,8569.22,3705.79,551.92,3153.87
2024-07-26,North America,United States,Office Supplies,Office Chair,5956.32,2378.11,386.05,1992.06
2024-08-24,Europe,United Kingdom,Office Supplies,Printer,7473.72,3613.88,586.06,3027.82
2025-03-04,Asia Pacific,Singapore,Technology,Cloud Server,6025.98,2418.14,440.1,1978.04
2025-12-24,North America,United States,Technology,Business Tablet,2178.06,986.93,110.24,876.69
2025-06-25,Asia Pacific,Australia,Furniture,Executive Desk,5948.6,2100.62,188.73,1911.9
2024-03-11,Europe,United Kingdom,Furniture,Ergonomic Chair,5671.54,1989.12,259.77,1729.35
2024-02-21,North America,United States,Office Supplies,Desk Organizer,7859.55,3534.63,323.92,3210.71
2025-03-02,North America,United States,Technology,Business Tablet,5078.94,2442.12,330.11,2112.01
2024-07-17,South America,Chile,Technology,Laptop Pro,5987.57,2545.49,263.99,2281.5
2025-02-19,Asia Pacific,Japan,Office Supplies,Desk Organizer,813.55,351.3,28.31,322.99
2025-04-18,Europe,United Kingdom,Office Supplies,Premium Paper,1557.53,611.76,101.53,510.23
2025-09-29,North America,Mexico,Furniture,Conference Table,8694.78,4342.55,533.68,3808.87
2025-08-01,South America,Brazil,Office Supplies,Printer,4116.48,1503.32,201.42,1301.9
2025-03-31,Asia Pacific,India,Office Supplies,Premium Paper,5189.02,2539.08,406.79,2132.3
2025-07-30,North America,United States,Furniture,Executive Desk,9819.8,4604.51,648.65,3955.85
2025-08-26,Europe,Italy,Furniture,Conference Table,2849.81,1288.04,155.05,1133.0
2024-08-04,South America,Argentina,Furniture,Storage Cabinet,765.33,352.94,54.21,298.73
2024-11-03,Europe,Italy,Office Supplies,Printer,9316.73,4676.24,665.23,4011.01
2024-12-08,North America,Canada,Office Supplies,Premium Paper,6807.49,3454.1,541.36,2912.75
2025-01-12,Europe,Spain,Office Supplies,Desk Organizer,2209.3,792.59,125.71,666.88
2025-10-25,Asia Pacific,Singapore,Technology,Smartphone X,4776.58,2188.07,338.84,1849.23
2025-02-24,Europe,France,Furniture,Storage Cabinet,7982.54,3640.88,265.36,3375.52
2025-07-28,South America,Chile,Technology,Laptop Pro,750.7,351.27,57.78,293.49
2024-08-13,South America,Brazil,Furniture,Executive Desk,6100.89,2787.02,184.09,2602.93
2025-07-23,Europe,Italy,Technology,Laptop Pro,8787.39,4430.42,483.13,3947.29
2025-02-19,North America,Mexico,Technology,Business Tablet,9326.13,4510.95,590.8,3920.15
2025-06-20,South America,Argentina,Office Supplies,Desk Organizer,7956.5,2993.6,505.65,2487.95
2025-04-20,North America,Mexico,Office Supplies,Office Chair,8868.94,3310.26,515.8,2794.46
2025-03-13,South America,Argentina,Office Supplies,Premium Paper,9659.33,4146.04,596.82,3549.22
2025-08-31,Asia Pacific,Singapore,Furniture,Executive Desk,9909.65,4559.23,371.26,4187.97
2024-12-28,Europe,France,Office Supplies,Desk Organizer,2781.5,1420.83,199.42,1221.41
2025-11-09,South America,Argentina,Furniture,Conference Table,3841.21,1364.21,183.79,1180.43
2025-03-10,South America,Chile,Office Supplies,Desk Organizer,6570.14,2532.38,374.94,2157.44
2025-07-18,North America,Mexico,Technology,Cloud Server,7405.91,2901.52,388.54,2512.98
2024-10-15,South America,Argentina,Furniture,Conference Table,4051.25,2123.51,309.62,1813.89
2025-11-13,Asia Pacific,Australia,Technology,Smartphone X,4042.02,1819.61,240.55,1579.06
2024-05-07,North America,Canada,Technology,Laptop Pro,8502.36,3612.01,281.25,3330.76
2025-01-24,Asia Pacific,Singapore,Furniture,Executive Desk,1912.69,874.24,68.09,806.16
2024-04-01,South America,Chile,Furniture,Conference Table,2502.78,920.33,79.79,840.55
2025-10-04,Europe,France,Furniture,Storage Cabinet,5789.71,3844.21,758.08,3086.13
2025-05-03,Asia Pacific,Japan,Technology,Business Tablet,8509.48,3328.63,548.67,2779.97
2024-02-24,North America,Mexico,Furniture,Ergonomic Chair,7867.74,3824.47,335.79,3488.68
2025-05-31,Europe,Germany,Technology,Smartphone X,4330.69,2111.8,257.51,1854.29
2024-10-24,Asia Pacific,India,Office Supplies,Office Chair,5920.56,2138.25,215.37,1922.88
2025-08-15,North America,United States,Office Supplies,Desk Organizer,5351.49,2284.99,410.11,1874.88
2024-09-07,Asia Pacific,Singapore,Office Supplies,Premium Paper,3504.53,1785.39,226.52,1558.87
2025-05-21,South America,Chile,Technology,Cloud Server,3356.23,1165.96,121.75,1044.21
2024-11-04,North America,Canada,Furniture,Ergonomic Chair,2460.76,1017.27,187.63,829.63
2024-03-19,Europe,United Kingdom,Office Supplies,Printer,800.75,370.86,60.05,310.8
2025-04-15,North America,United States,Furniture,Ergonomic Chair,5397.91,2425.64,212.7,2212.93
2025-08-28,Asia Pacific,Singapore,Furniture,Ergonomic Chair,9922.21,3855.36,601.19,3254.17
2024-07-20,North America,Mexico,Technology,Cloud Server,5590.49,2812.22,388.82,2423.4
2024-01-05,Asia Pacific,Australia,Technology,Cloud Server,5939.99,2432.68,408.08,2024.59
2025-08-16,Asia Pacific,Australia,Technology,Laptop Pro,7965.57,2828.66,358.39,2470.27
2025-05-13,South America,Argentina,Furniture,Conference Table,3813.67,1768.54,143.06,1625.48
2024-01-02,Europe,Spain,Technology,Cloud Server,6307.31,3171.22,391.53,2779.69
2024-08-07,North America,Mexico,Furniture,Conference Table,4012.25,1972.89,184.76,1788.14
2025-06-25,Asia Pacific,India,Technology,Laptop Pro,3587.03,1605.83,260.97,1344.86
2024-11-02,South America,Argentina,Office Supplies,Premium Paper,6608.74,3320.58,474.88,2845.71
2024-10-20,North America,Canada,Technology,Business Tablet,8405.61,3331.27,388.06,2943.21
2025-03-02,North America,United States,Technology,Laptop Pro,8390.02,3303.87,356.85,2947.01
2025-02-02,North America,United States,Furniture,Conference Table,5911.35,2201.51,424.59,1776.92
2024-03-26,South America,Brazil,Furniture,Ergonomic Chair,2676.2,1159.84,202.46,957.38
2025-10-01,Asia Pacific,Australia,Office Supplies,Premium Paper,7347.05,2498.96,239.04,2259.92
2024-09-12,Europe,Germany,Office Supplies,Printer,1529.38,558.46,56.09,502.38
2024-09-22,Europe,France,Technology,Smartphone X,2071.85,930.98,112.67,818.31
2025-02-12,Europe,Italy,Furniture,Executive Desk,9101.74,3579.44,388.23,3191.21
2024-03-28,Asia Pacific,Australia,Technology,Smartphone X,2574.15,976.02,127.69,848.33
2024-01-13,North America,Mexico,Office Supplies,Premium Paper,3623.02,1567.37,246.19,1321.19
2024-11-23,Europe,Italy,Furniture,Executive Desk,6836.34,3189.11,392.68,2796.43
2025-08-02,Europe,United Kingdom,Technology,Business Tablet,6130.16,2429.07,433.54,1995.54
2024-04-28,Europe,United Kingdom,Technology,Business Tablet,5285.88,2049.55,233.7,1815.85
2024-03-27,North America,Mexico,Office Supplies,Desk Organizer,9062.16,4043.41,534.89,3508.53
2024-10-18,North America,Canada,Office Supplies,Office Chair,554.35,197.47,21.13,176.34
2025-12-28,Europe,Germany,Office Supplies,Printer,8955.28,5809.94,1058.19,4751.75
2024-11-10,South America,Chile,Furniture,Storage Cabinet,4330.83,1952.44,247.67,1704.77
2025-12-08,North America,Canada,Technology,Laptop Pro,2849.28,1231.41,211.83,1019.58
2024-11-30,Europe,Italy,Office Supplies,Printer,7091.56,3306.9,565.96,2740.94
2024-11-16,North America,United States,Furniture,Executive Desk,5817.59,1969.67,202.19,1767.47
2024-07-14,Europe,Spain,Office Supplies,Office Chair,2568.42,1092.44,183.49,908.95
2025-06-30,North America,United States,Office Supplies,Office Chair,5659.87,2936.09,445.11,2490.98
2024-05-08,North America,Mexico,Furniture,Ergonomic Chair,4248.09,2103.79,228.68,1875.11
2024-03-24,North America,United States,Technology,Smartphone X,3474.78,1803.31,272.34,1530.97
2024-09-16,North America,United States,Furniture,Storage Cabinet,4689.61,1680.35,245.78,1434.57
2025-01-29,Europe,United Kingdom,Technology,Smartphone X,6692.22,3066.56,421.98,2644.58
2025-08-27,South America,Chile,Furniture,Storage Cabinet,7229.12,3481.63,326.17,3155.46
2025-07-06,South America,Argentina,Technology,Laptop Pro,877.31,382.92,34.15,348.77
2024-10-26,Europe,Germany,Technology,Smartphone X,7140.1,3433.6,346.43,3087.17
2024-03-15,Europe,Spain,Furniture,Storage Cabinet,9682.03,3791.58,676.91,3114.67
2024-05-20,Asia Pacific,Australia,Technology,Cloud Server,3790.37,1836.99,196.51,1640.49
2025-11-13,North America,Mexico,Technology,Cloud Server,9981.85,4305.73,660.76,3644.98
2025-12-27,North America,Mexico,Furniture,Ergonomic Chair,7143.5,2827.45,449.17,2378.28
2025-07-18,North America,Mexico,Furniture,Conference Table,9124.44,4340.75,716.38,3624.37
2025-10-03,North America,Canada,Furniture,Storage Cabinet,5401.74,2435.67,427.76,2007.91
2024-02-10,Asia Pacific,Japan,Furniture,Conference Table,3846.68,1945.56,264.13,1681.43
2024-08-24,Europe,Spain,Furniture,Ergonomic Chair,5998.73,2067.45,204.15,1863.3
2025-03-12,North America,Mexico,Technology,Smartphone X,3528.11,1412.12,188.33,1223.79
2024-02-28,Asia Pacific,India,Office Supplies,Premium Paper,5208.37,2200.04,344.59,1855.45
2025-07-18,Asia Pacific,Australia,Furniture,Storage Cabinet,2379.29,953.79,116.33,837.45
2025-03-02,South America,Brazil,Technology,Smartphone X,5694.92,1981.78,263.49,1718.29
2025-08-15,Asia Pacific,India,Furniture,Ergonomic Chair,5748.23,2614.71,252.32,2362.39
2024-06-24,North America,Canada,Furniture,Ergonomic Chair,3698.15,1485.65,267.4,1218.25
2024-07-12,Europe,United Kingdom,Furniture,Executive Desk,3834.68,1400.09,194.32,1205.78
2025-11-06,Asia Pacific,India,Furniture,Executive Desk,746.14,303.71,33.9,269.81
2024-04-19,North America,Canada,Technology,Cloud Server,7684.94,3386.07,234.32,3151.75
2024-12-09,Europe,United Kingdom,Technology,Cloud Server,2754.83,1398.67,207.38,1191.29
2024-05-24,North America,Canada,Technology,Cloud Server,8728.64,3737.13,481.09,3256.04
2025-04-22,Europe,France,Furniture,Conference Table,2556.55,1174.56,91.02,1083.54
2025-06-12,Europe,Italy,Technology,Smartphone X,3856.4,1900.61,245.8,1654.81
2025-11-29,Asia Pacific,Japan,Technology,Laptop Pro,9080.0,3741.36,416.4,3324.96
2025-08-18,South America,Brazil,Office Supplies,Office Chair,1168.14,488.21,84.18,404.03
2024-07-29,North America,United States,Technology,Cloud Server,2038.75,829.63,144.39,685.25
2024-12-08,Asia Pacific,India,Technology,Smartphone X,8233.37,3584.43,456.72,3127.71
2024-01-20,North America,Mexico,Office Supplies,Printer,5697.85,2224.82,197.34,2027.49
2024-02-08,Europe,France,Technology,Smartphone X,3393.24,1483.36,105.82,1377.53
2024-03-30,South America,Brazil,Technology,Business Tablet,9738.89,3614.32,601.09,3013.23
2025-04-26,South America,Chile,Furniture,Conference Table,2245.31,826.34,131.11,695.23
2025-08-10,South America,Brazil,Technology,Smartphone X,9645.13,3898.82,600.04,3298.79
2025-11-11,South America,Argentina,Technology,Smartphone X,3414.48,1200.62,109.84,1090.78
2025-01-04,Europe,Germany,Technology,Business Tablet,8512.83,2816.82,260.49,2556.33
2024-10-26,Europe,France,Technology,Smartphone X,3694.17,1541.78,248.47,1293.31
2025-08-07,Asia Pacific,Japan,Technology,Cloud Server,7718.47,3967.35,495.77,3471.58
2024-05-10,North America,Mexico,Office Supplies,Desk Organizer,7672.7,3855.85,408.28,3447.57
2025-11-03,Europe,Italy,Office Supplies,Premium Paper,7252.34,5165.89,1134.68,4031.22
2025-07-21,South America,Chile,Furniture,Storage Cabinet,5165.51,2186.64,268.08,1918.56
2025-01-14,Europe,France,Furniture,Storage Cabinet,4914.83,1872.35,341.54,1530.81
2025-09-13,Europe,Spain,Furniture,Conference Table,6339.88,2957.41,443.75,2513.66
2024-02-12,Asia Pacific,Singapore,Technology,Laptop Pro,3111.65,1120.76,132.7,988.06
2024-12-15,South America,Chile,Technology,Cloud Server,8368.84,3089.57,298.55,2791.02
2025-07-22,Europe,Italy,Furniture,Storage Cabinet,7899.17,3485.03,252.79,3232.24
2025-10-03,Europe,United Kingdom,Office Supplies,Printer,5344.99,3472.49,850.21,2622.28
2025-10-14,Asia Pacific,Japan,Furniture,Storage Cabinet,7342.78,2790.05,550.9,2239.15
2024-11-09,North America,United States,Furniture,Conference Table,4756.55,2125.94,217.9,1908.05
2024-02-01,South America,Brazil,Furniture,Ergonomic Chair,8550.68,3975.06,260.13,3714.94
2024-02-25,South America,Chile,Technology,Business Tablet,2373.59,1015.41,104.33,911.07
2024-02-26,Asia Pacific,Australia,Furniture,Ergonomic Chair,7330.39,3496.98,466.86,3030.12
2024-09-30,Asia Pacific,India,Office Supplies,Desk Organizer,4832.31,2222.61,266.58,1956.03
2025-06-22,North America,Mexico,Furniture,Conference Table,9762.07,4763.63,664.94,4098.69
2024-02-02,Europe,Italy,Technology,Laptop Pro,9292.88,3448.16,630.1,2818.06
2024-11-13,South America,Brazil,Technology,Smartphone X,3302.93,1215.57,172.35,1043.22
2025-11-15,South America,Chile,Furniture,Executive Desk,8978.79,3762.6,692.54,3070.06
2024-01-24,Asia Pacific,Singapore,Office Supplies,Desk Organizer,1277.28,562.41,99.06,463.35
2024-06-01,South America,Brazil,Office Supplies,Printer,8325.39,3972.4,274.44,3697.96
2024-09-21,South America,Argentina,Technology,Laptop Pro,8149.44,4091.45,449.07,3642.39
2025-04-22,Europe,France,Technology,Smartphone X,3599.85,1732.0,232.72,1499.28
2025-11-06,Asia Pacific,Japan,Technology,Cloud Server,2820.6,1114.15,137.67,976.47
2025-03-09,South America,Chile,Office Supplies,Premium Paper,7670.25,3288.35,251.99,3036.37
2024-08-21,Europe,Italy,Office Supplies,Office Chair,2980.66,1383.81,113.39,1270.42
2025-04-23,Europe,United Kingdom,Furniture,Executive Desk,1500.18,719.81,59.38,660.43
2024-04-05,South America,Argentina,Technology,Smartphone X,2850.88,1420.39,217.0,1203.39
2025-12-06,South America,Argentina,Technology,Laptop Pro,2077.49,808.38,70.7,737.68
2025-05-01,Europe,Germany,Technology,Business Tablet,2799.31,1280.35,121.88,1158.46
2024-06-07,Asia Pacific,Singapore,Furniture,Storage Cabinet,3312.17,1707.67,230.85,1476.82
2025-12-06,Asia Pacific,Japan,Office Supplies,Office Chair,3494.42,1729.35,222.2,1507.15
2024-07-29,Europe,Germany,Office Supplies,Printer,1537.6,568.24,91.63,476.61
2024-01-28,North America,United States,Office Supplies,Premium Paper,5143.6,1992.0,257.7,1734.3
2025-08-20,North America,United States,Technology,Business Tablet,8775.86,3557.46,692.31,2865.15
2024-11-12,Asia Pacific,Japan,Furniture,Storage Cabinet,7949.67,3537.42,630.54,2906.88
2024-09-07,Asia Pacific,Japan,Furniture,Ergonomic Chair,6862.86,2735.64,351.52,2384.12
2024-05-06,South America,Brazil,Furniture,Ergonomic Chair,6846.72,3142.28,450.32,2691.97
2024-11-14,Asia Pacific,Japan,Office Supplies,Premium Paper,5572.42,2642.03,258.96,2383.06
2024-08-02,South America,Argentina,Furniture,Conference Table,4314.02,1644.27,267.72,1376.55
2025-01-12,Europe,Spain,Technology,Business Tablet,8589.39,3948.41,623.63,3324.78
2024-11-14,Europe,France,Technology,Smartphone X,2351.11,1041.38,140.26,901.12
2024-12-22,Europe,France,Furniture,Ergonomic Chair,8821.0,3366.12,493.04,2873.08
2024-12-10,Europe,Italy,Office Supplies,Premium Paper,8792.16,4069.32,487.3,3582.02
2025-08-22,South America,Brazil,Office Supplies,Printer,7989.44,3986.49,604.03,3382.46
2025-01-01,North America,Canada,Furniture,Storage Cabinet,5177.24,2156.98,229.16,1927.82
2024-10-07,South America,Argentina,Furniture,Conference Table,822.28,357.2,57.84,299.37
2024-02-19,South America,Brazil,Office Supplies,Office Chair,4206.66,1759.42,152.68,1606.74
2025-11-18,South America,Argentina,Office Supplies,Office Chair,5219.97,2392.37,361.52,2030.85
2025-07-29,Asia Pacific,Australia,Furniture,Storage Cabinet,696.63,244.63,25.12,219.51
2024-09-17,Europe,Italy,Technology,Business Tablet,2906.17,1491.51,193.43,1298.08
2025-09-09,South America,Brazil,Technology,Cloud Server,1074.24,521.87,65.23,456.64
2024-08-15,North America,Mexico,Furniture,Ergonomic Chair,4952.98,1997.14,184.08,1813.06
2024-05-19,Asia Pacific,India,Furniture,Storage Cabinet,3318.16,1222.31,164.95,1057.35
2024-02-28,North America,United States,Office Supplies,Premium Paper,6666.31,2657.8,426.78,2231.02
2025-12-10,Asia Pacific,Japan,Furniture,Ergonomic Chair,9503.49,4691.6,503.65,4187.95
2025-08-09,Asia Pacific,Japan,Furniture,Conference Table,4560.11,2156.58,250.66,1905.91
2024-09-27,South America,Chile,Office Supplies,Printer,9301.33,3821.7,603.96,3217.74
2024-12-28,Asia Pacific,Singapore,Furniture,Executive Desk,2146.36,1019.63,142.27,877.37
2025-05-19,Asia Pacific,Japan,Office Supplies,Premium Paper,5526.29,1973.78,205.87,1767.91
2025-11-30,Asia Pacific,India,Technology,Smartphone X,6197.16,2506.29,453.17,2053.12
2024-05-12,South America,Argentina,Technology,Cloud Server,4382.22,2138.0,287.14,1850.85
2025-11-13,Asia Pacific,India,Office Supplies,Desk Organizer,3695.39,1437.6,125.79,1311.82
2025-07-19,South America,Brazil,Furniture,Executive Desk,9591.52,4721.28,455.7,4265.58
2024-05-19,North America,Mexico,Furniture,Conference Table,859.68,396.17,38.34,357.83
2025-10-13,Asia Pacific,Australia,Technology,Smartphone X,4702.36,2307.39,239.82,2067.57
2025-05-08,Asia Pacific,Japan,Technology,Smartphone X,3524.28,1463.57,266.2,1197.37
2024-08-22,South America,Brazil,Furniture,Conference Table,7296.79,3055.91,297.69,2758.22
2025-03-04,North America,United States,Office Supplies,Premium Paper,890.11,312.22,26.77,285.45
2025-03-27,North America,United States,Office Supplies,Office Chair,8993.32,4242.01,698.67,3543.33
2025-12-14,South America,Chile,Furniture,Storage Cabinet,9726.88,4728.53,458.75,4269.78
2025-05-23,Europe,United Kingdom,Office Supplies,Desk Organizer,2861.95,1411.64,136.81,1274.82
2024-01-05,North America,United States,Furniture,Storage Cabinet,2608.82,1195.38,152.4,1042.98
2025-01-05,Europe,Italy,Furniture,Conference Table,8492.32,3758.36,615.69,3142.68
2024-08-21,Europe,France,Furniture,Storage Cabinet,9894.59,4720.92,432.97,4287.95
2024-03-28,Asia Pacific,Australia,Technology,Smartphone X,7001.46,3106.57,529.47,2577.1
2025-01-17,Europe,Spain,Technology,Cloud Server,5669.05,2058.75,342.27,1716.48
2025-04-28,North America,United States,Technology,Cloud Server,1311.22,512.89,88.72,424.17
2025-06-18,Asia Pacific,Australia,Technology,Smartphone X,6163.99,2728.46,284.58,2443.88
2025-02-27,Europe,France,Technology,Smartphone X,1216.17,498.89,74.23,424.66
2025-09-30,South America,Argentina,Technology,Cloud Server,3927.4,1766.98,123.63,1643.36
2024-06-20,North America,United States,Furniture,Executive Desk,8046.47,4054.28,597.85,3456.43
2024-10-16,Europe,Italy,Office Supplies,Premium Paper,2108.35,976.75,92.73,884.02
2024-08-14,Europe,Germany,Office Supplies,Desk Organizer,5189.44,2166.41,337.49,1828.93
2025-05-11,Asia Pacific,Australia,Furniture,Ergonomic Chair,9520.18,3309.9,446.87,2863.03
2024-04-09,Asia Pacific,Australia,Technology,Business Tablet,6376.82,3029.68,247.41,2782.27
2024-09-11,South America,Argentina,Furniture,Ergonomic Chair,6932.97,2482.62,269.69,2212.94
2025-03-15,Asia Pacific,India,Furniture,Executive Desk,3236.31,1409.21,103.46,1305.75
2024-08-19,Asia Pacific,Australia,Technology,Business Tablet,9113.32,3429.21,495.31,2933.9
2025-01-30,Asia Pacific,Japan,Office Supplies,Office Chair,8653.98,4075.75,305.75,3770.0
2025-01-21,South America,Argentina,Technology,Cloud Server,5781.17,2690.66,367.69,2322.98
2025-12-12,South America,Chile,Furniture,Ergonomic Chair,5562.54,2380.81,339.48,2041.33
2024-03-29,Europe,Italy,Furniture,Storage Cabinet,4848.44,1813.92,249.4,1564.52
2024-04-03,South America,Chile,Technology,Cloud Server,5610.76,2663.69,229.09,2434.59
2025-04-29,Europe,Germany,Technology,Business Tablet,5962.41,2786.22,211.52,2574.7
2024-09-29,Asia Pacific,Japan,Office Supplies,Office Chair,9872.38,3914.5,303.37,3611.13
2025-03-26,Europe,United Kingdom,Technology,Cloud Server,6468.53,2440.99,305.5,2135.49
2025-06-05,South America,Argentina,Office Supplies,Office Chair,9864.63,5032.23,741.21,4291.02
2024-05-22,Europe,France,Furniture,Conference Table,4961.42,1877.23,233.75,1643.48
2025-05-23,Europe,France,Office Supplies,Desk Organizer,8964.75,4733.25,712.25,4020.99
2024-06-07,North America,United States,Technology,Business Tablet,4849.43,2108.03,285.17,1822.86
2025-08-24,Europe,United Kingdom,Technology,Smartphone X,7203.57,2852.79,495.46,2357.33
2025-01-24,Europe,Germany,Furniture,Executive Desk,8816.89,3567.33,481.01,3086.32
2025-07-04,North America,Canada,Furniture,Executive Desk,7128.94,2644.41,285.94,2358.47
2024-10-02,Europe,France,Furniture,Storage Cabinet,3714.59,1440.42,220.7,1219.71
2024-11-26,South America,Chile,Furniture,Ergonomic Chair,6357.06,3063.13,507.92,2555.21
2025-03-30,South America,Brazil,Furniture,Storage Cabinet,8112.05,3205.67,253.46,2952.21
2024-10-05,South America,Brazil,Office Supplies,Office Chair,2851.45,1272.93,227.1,1045.83
2024-10-11,Europe,Italy,Office Supplies,Printer,2371.26,991.41,80.91,910.5
2025-10-14,South America,Brazil,Furniture,Storage Cabinet,4648.3,2354.71,350.14,2004.57
2025-05-04,South America,Argentina,Technology,Business Tablet,2922.18,1201.83,160.95,1040.88
2025-03-15,Europe,Spain,Technology,Business Tablet,7722.97,3506.58,350.47,3156.11
2024-10-07,North America,Canada,Furniture,Ergonomic Chair,8882.6,3879.03,377.82,3501.21
2025-09-10,South America,Brazil,Office Supplies,Office Chair,7233.62,3193.71,279.23,2914.48
2025-10-10,North America,United States,Technology,Smartphone X,5974.3,2735.24,418.5,2316.74
2024-06-12,Europe,United Kingdom,Furniture,Executive Desk,635.84,280.37,22.98,257.39
2024-05-21,Europe,United Kingdom,Furniture,Ergonomic Chair,9506.72,3876.97,656.23,3220.74
2025-03-05,South America,Argentina,Technology,Business Tablet,8385.45,3652.17,297.88,3354.29
2025-04-20,South America,Argentina,Technology,Business Tablet,3498.68,1588.75,251.52,1337.23
2025-08-13,Europe,Germany,Office Supplies,Printer,4020.54,1819.35,219.43,1599.92
2025-11-14,South America,Argentina,Office Supplies,Desk Organizer,7335.98,3160.31,536.01,2624.3
2025-05-07,South America,Brazil,Furniture,Ergonomic Chair,1694.36,748.72,113.3,635.42
2024-12-16,North America,Mexico,Office Supplies,Printer,3630.56,1406.3,142.51,1263.79
2025-05-17,Asia Pacific,India,Office Supplies,Desk Organizer,5527.59,2454.56,304.37,2150.19
2024-05-27,South America,Argentina,Office Supplies,Printer,1846.56,617.84,62.51,555.34
2025-12-17,Asia Pacific,India,Office Supplies,Office Chair,6151.66,2765.87,425.58,2340.29
2024-08-25,South America,Chile,Office Supplies,Premium Paper,1086.18,496.43,40.17,456.26
2025-02-28,South America,Brazil,Furniture,Executive Desk,2834.66,1288.07,97.47,1190.6
2024-09-10,Europe,France,Technology,Smartphone X,9998.33,4649.9,419.46,4230.44
2024-01-21,Europe,Germany,Technology,Business Tablet,6851.55,2758.79,291.74,2467.06
2025-06-28,Asia Pacific,Australia,Furniture,Storage Cabinet,3537.93,1289.55,157.36,1132.19
2024-06-06,South America,Brazil,Office Supplies,Premium Paper,3126.56,1296.53,165.31,1131.22
2024-09-16,Asia Pacific,Singapore,Furniture,Conference Table,3515.12,1822.59,273.77,1548.83
2025-07-13,North America,Mexico,Furniture,Storage Cabinet,7269.88,2583.9,305.89,2278.01
2024-12-23,South America,Argentina,Furniture,Storage Cabinet,9747.08,4059.34,773.43,3285.9
2025-07-09,Asia Pacific,Singapore,Furniture,Ergonomic Chair,1148.77,544.71,87.5,457.21
2024-11-30,South America,Brazil,Furniture,Executive Desk,6200.06,3051.39,493.89,2557.5
2025-03-18,North America,Canada,Office Supplies,Printer,6521.3,2873.18,505.07,2368.12
2025-08-29,North America,Canada,Furniture,Ergonomic Chair,1805.19,770.59,86.82,683.77
2024-04-29,South America,Chile,Office Supplies,Office Chair,4624.02,2111.38,332.57,1778.81
2024-02-19,Europe,Germany,Technology,Cloud Server,8225.31,3486.82,270.67,3216.16
2025-09-27,Asia Pacific,Japan,Technology,Smartphone X,5630.25,2460.44,213.62,2246.81
2024-05-11,Europe,United Kingdom,Furniture,Executive Desk,5935.25,2789.8,444.86,2344.94
2025-01-26,North America,Canada,Furniture,Ergonomic Chair,4462.19,1602.88,141.82,1461.06
2025-02-04,Asia Pacific,Singapore,Office Supplies,Office Chair,6505.61,2445.98,264.17,2181.81
2025-11-25,Asia Pacific,India,Furniture,Conference Table,3235.51,1484.88,159.07,1325.81
2024-11-26,North America,Mexico,Furniture,Executive Desk,9566.89,3203.54,312.67,2890.87
2025-05-21,Asia Pacific,Australia,Furniture,Ergonomic Chair,1122.68,425.53,42.64,382.89
2024-05-24,Asia Pacific,Australia,Technology,Business Tablet,968.07,360.83,29.74,331.08
2025-09-06,North America,Mexico,Technology,Smartphone X,5397.17,2645.84,334.53,2311.31
2025-08-01,South America,Brazil,Technology,Business Tablet,3063.38,1270.47,212.56,1057.91
2024-03-29,Europe,Spain,Technology,Cloud Server,5100.06,2239.36,197.34,2042.02
2025-11-24,Asia Pacific,Japan,Technology,Cloud Server,5009.79,2259.1,272.91,1986.18
2024-12-29,Asia Pacific,Australia,Office Supplies,Desk Organizer,1116.28,409.61,53.41,356.19
2024-08-18,Asia Pacific,Australia,Office Supplies,Premium Paper,3236.96,1552.54,126.2,1426.34
2025-02-02,South America,Argentina,Technology,Business Tablet,8967.5,3388.97,366.39,3022.58
2025-08-13,North America,Mexico,Office Supplies,Office Chair,4895.38,1686.91,180.84,1506.07
2024-03-11,Asia Pacific,India,Furniture,Executive Desk,2473.09,1016.2,179.79,836.41
2025-10-13,North America,Mexico,Technology,Cloud Server,1997.18,918.41,133.9,784.51
2025-09-19,Asia Pacific,Japan,Office Supplies,Desk Organizer,4994.97,2030.51,370.77,1659.74
2025-08-01,Europe,France,Furniture,Executive Desk,2599.95,1305.89,167.52,1138.37
2024-04-22,North America,Canada,Office Supplies,Office Chair,5889.91,2732.21,269.48,2462.73
2025-11-14,Europe,United Kingdom,Technology,Laptop Pro,8002.82,4876.39,885.4,3990.98
2025-12-24,South America,Chile,Furniture,Ergonomic Chair,6181.38,2304.02,407.09,1896.93
2024-09-14,North America,Canada,Office Supplies,Office Chair,4226.81,1623.22,171.24,1451.97
2024-06-13,South America,Chile,Technology,Business Tablet,1899.86,916.74,150.14,766.6
2025-12-25,Europe,Germany,Office Supplies,Office Chair,2068.93,1378.15,236.56,1141.59
2024-06-09,South America,Chile,Technology,Cloud Server,9256.54,3721.7,500.97,3220.73
2024-02-27,North America,United States,Furniture,Ergonomic Chair,2571.45,929.68,152.74,776.94
2024-03-02,South America,Brazil,Furniture,Conference Table,3750.01,1728.15,192.02,1536.13
2025-05-02,South America,Argentina,Office Supplies,Desk Organizer,4011.92,1668.76,216.53,1452.23
2025-07-20,Asia Pacific,Singapore,Furniture,Executive Desk,2792.63,1095.24,142.59,952.66
2024-08-09,North America,United States,Furniture,Ergonomic Chair,8290.43,3502.74,575.75,2926.99
2025-11-17,South America,Chile,Office Supplies,Premium Paper,3674.76,1760.31,245.26,1515.05
2024-12-06,Europe,Italy,Office Supplies,Desk Organizer,2438.12,1252.57,165.34,1087.23
2025-06-11,Asia Pacific,India,Furniture,Storage Cabinet,4260.89,1913.74,204.3,1709.44
2025-08-02,Asia Pacific,Singapore,Office Supplies,Desk Organizer,619.77,297.41,38.44,258.97
2024-08-22,North America,Canada,Furniture,Ergonomic Chair,1957.74,851.94,97.41,754.52
2024-10-05,Asia Pacific,Japan,Technology,Laptop Pro,5857.56,2354.54,435.6,1918.95
2024-11-29,Europe,United Kingdom,Office Supplies,Printer,5059.59,2208.99,244.95,1964.04
2024-07-21,South America,Chile,Technology,Smartphone X,5104.39,2070.51,222.81,1847.7
2024-10-18,North America,Canada,Office Supplies,Office Chair,1045.47,466.72,56.03,410.69
2025-07-12,Europe,France,Office Supplies,Office Chair,2199.91,924.02,79.4,844.62
2025-09-26,North America,Canada,Furniture,Conference Table,3458.27,1681.93,136.63,1545.3
2024-06-05,North America,Mexico,Furniture,Ergonomic Chair,812.9,382.98,51.77,331.21
2024-11-08,South America,Brazil,Furniture,Ergonomic Chair,742.98,360.07,47.43,312.64
2025-11-14,Asia Pacific,Japan,Furniture,Executive Desk,9250.9,4133.92,709.47,3424.46
2025-11-06,Asia Pacific,Singapore,Office Supplies,Desk Organizer,7026.86,2678.3,544.89,2133.4
2025-03-24,North America,Canada,Office Supplies,Desk Organizer,4593.95,1925.78,277.37,1648.4
2025-12-05,North America,Canada,Furniture,Executive Desk,6960.07,2994.4,316.44,2677.96
2025-06-14,South America,Chile,Technology,Business Tablet,9101.51,3174.69,421.85,2752.84
2025-08-16,North America,Canada,Furniture,Storage Cabinet,2069.09,849.83,81.15,768.68
2025-01-24,North America,United States,Technology,Business Tablet,4755.3,2266.3,258.65,2007.65
2025-10-09,Asia Pacific,Singapore,Furniture,Conference Table,4998.98,1861.27,320.44,1540.82
2025-04-23,North America,United States,Furniture,Conference Table,2906.5,1196.32,214.76,981.56
2025-03-16,South America,Argentina,Technology,Laptop Pro,3857.66,1872.95,173.26,1699.69
2025-01-30,Europe,Spain,Technology,Cloud Server,8765.84,3633.32,483.07,3150.25
2025-07-16,South America,Chile,Furniture,Storage Cabinet,9455.14,4074.05,363.74,3710.3
2024-09-13,Asia Pacific,India,Technology,Business Tablet,1292.16,652.08,78.92,573.15
2024-11-27,South America,Brazil,Technology,Business Tablet,3094.19,1566.48,243.67,1322.81
2024-08-21,North America,United States,Furniture,Conference Table,5672.33,2139.38,334.47,1804.91
2024-07-14,Asia Pacific,Singapore,Office Supplies,Premium Paper,8142.76,3797.05,565.92,3231.13
2024-07-27,South America,Argentina,Furniture,Conference Table,6500.56,3002.22,457.33,2544.89
2024-04-03,North America,United States,Technology,Laptop Pro,4162.78,1592.63,283.98,1308.65
2024-07-03,Europe,Germany,Furniture,Conference Table,2784.37,981.51,104.68,876.83
2024-03-15,North America,United States,Office Supplies,Office Chair,6949.45,2598.45,210.18,2388.27
2025-07-20,North America,United States,Technology,Cloud Server,932.26,367.43,53.57,313.86
2025-03-12,South America,Brazil,Technology,Laptop Pro,2237.86,857.24,69.17,788.07
2024-09-07,Europe,Italy,Office Supplies,Printer,4289.1,1933.34,276.49,1656.85
2024-01-08,Europe,Germany,Furniture,Executive Desk,9536.57,3848.68,449.53,3399.15
2024-08-05,North America,Canada,Office Supplies,Office Chair,2943.2,1194.94,215.42,979.52
2025-05-07,Europe,United Kingdom,Technology,Business Tablet,3204.44,1364.1,165.89,1198.21
2024-04-28,Europe,Italy,Furniture,Executive Desk,9030.14,4118.67,475.07,3643.59
2024-05-16,South America,Brazil,Furniture,Conference Table,9108.08,4182.67,297.48,3885.19
2025-09-30,North America,Mexico,Furniture,Executive Desk,8679.95,3889.94,575.95,3313.98
2024-10-16,Europe,France,Technology,Smartphone X,1575.93,678.5,48.27,630.23
2025-01-18,North America,United States,Office Supplies,Premium Paper,5690.65,2205.85,380.14,1825.7
2024-12-24,North America,Mexico,Office Supplies,Desk Organizer,2021.68,799.74,148.49,651.25
2024-06-16,Europe,France,Technology,Laptop Pro,4648.2,2095.77,308.07,1787.7
2024-06-18,North America,United States,Office Supplies,Desk Organizer,6956.52,2665.04,472.16,2192.88
2025-02-14,South America,Chile,Technology,Laptop Pro,8130.44,4077.39,434.28,3643.11
2025-07-03,South America,Chile,Technology,Laptop Pro,2205.42,780.32,86.98,693.33
2025-02-10,Asia Pacific,Japan,Office Supplies,Desk Organizer,2721.69,927.87,104.94,822.93
2025-09-21,Asia Pacific,India,Office Supplies,Printer,2482.8,1173.66,109.6,1064.05
2025-11-20,Europe,United Kingdom,Technology,Laptop Pro,6279.18,4069.68,638.27,3431.41
2024-11-26,Asia Pacific,India,Furniture,Ergonomic Chair,5267.11,1944.26,234.71,1709.56
2025-05-16,South America,Brazil,Technology,Cloud Server,5289.97,2253.12,320.04,1933.09
2024-02-20,Europe,Spain,Furniture,Conference Table,9963.79,4455.78,494.55,3961.22
2025-11-06,Asia Pacific,India,Office Supplies,Office Chair,3558.34,1558.81,108.13,1450.67
2025-05-24,North America,Canada,Technology,Cloud Server,6591.79,3226.05,277.64,2948.41
2024-05-20,North America,Mexico,Technology,Laptop Pro,8544.13,3621.72,357.25,3264.47
2024-01-12,Asia Pacific,India,Technology,Smartphone X,1100.5,396.59,34.54,362.06
2024-07-19,South America,Chile,Technology,Laptop Pro,8915.05,3901.89,429.65,3472.24
2024-07-02,Asia Pacific,India,Office Supplies,Printer,1110.05,514.02,68.71,445.31
2024-10-06,South America,Brazil,Furniture,Executive Desk,4878.44,2165.15,212.58,1952.57
2024-12-26,South America,Chile,Office Supplies,Desk Organizer,9545.22,4095.77,329.1,3766.67
2024-09-17,Europe,Italy,Furniture,Executive Desk,3425.1,1400.53,220.02,1180.51
2024-09-09,Europe,Spain,Technology,Laptop Pro,1448.09,702.59,104.59,598.0
2024-12-09,South America,Argentina,Furniture,Storage Cabinet,4914.86,1946.16,164.95,1781.21
2024-12-12,North America,Canada,Furniture,Storage Cabinet,7509.04,2601.25,239.92,2361.33
2024-06-05,Europe,Italy,Office Supplies,Printer,3645.51,1800.72,197.44,1603.29
2025-04-22,Europe,France,Technology,Smartphone X,5773.63,2407.58,457.61,1949.97
2024-08-23,Asia Pacific,Singapore,Furniture,Conference Table,4684.06,2082.99,216.07,1866.92
2024-07-13,North America,United States,Furniture,Ergonomic Chair,6543.05,2851.33,256.03,2595.3
2024-10-01,South America,Brazil,Office Supplies,Desk Organizer,2159.19,879.56,83.28,796.28
2025-09-14,North America,United States,Furniture,Ergonomic Chair,7155.58,3542.82,439.0,3103.82
2024-06-16,Asia Pacific,India,Furniture,Conference Table,5965.6,2453.75,305.35,2148.41
2025-09-12,Asia Pacific,Singapore,Office Supplies,Printer,3032.39,1346.45,128.64,1217.81
2025-07-24,North America,Canada,Furniture,Storage Cabinet,8062.61,3366.35,528.15,2838.2
2025-09-09,Europe,Spain,Furniture,Storage Cabinet,6784.38,2918.92,471.19,2447.73
2024-06-08,South America,Brazil,Office Supplies,Office Chair,8389.14,4222.09,627.07,3595.02
2025-02-03,North America,United States,Technology,Cloud Server,4529.2,1838.19,312.41,1525.78
2024-04-29,Asia Pacific,Japan,Technology,Business Tablet,4284.4,1728.96,317.53,1411.44
2024-12-17,North America,Canada,Technology,Cloud Server,2127.61,1038.57,123.04,915.53
2024-07-05,North America,United States,Office Supplies,Desk Organizer,805.47,313.8,38.82,274.98
2024-04-30,Asia Pacific,Japan,Office Supplies,Printer,9373.15,3260.64,330.52,2930.12
2024-12-13,Asia Pacific,Australia,Office Supplies,Printer,5041.49,2075.02,344.16,1730.86
2024-03-23,Asia Pacific,Japan,Furniture,Ergonomic Chair,4096.37,1846.69,307.07,1539.62
2024-03-17,North America,Mexico,Technology,Laptop Pro,9797.67,4201.26,662.53,3538.73
2025-10-19,North America,Canada,Furniture,Storage Cabinet,3238.6,1495.97,239.4,1256.56
2025-03-28,North America,Canada,Office Supplies,Office Chair,3570.48,1638.35,218.12,1420.24
2025-06-24,South America,Argentina,Furniture,Executive Desk,3921.27,1808.36,129.63,1678.74
2024-11-19,Europe,United Kingdom,Office Supplies,Premium Paper,8070.91,3042.2,354.3,2687.91
2025-08-05,North America,Mexico,Technology,Laptop Pro,3726.24,1655.43,277.35,1378.08
2024-06-24,Asia Pacific,Australia,Furniture,Conference Table,9977.6,3582.11,550.35,3031.76
2024-05-23,Asia Pacific,Singapore,Office Supplies,Office Chair,7556.47,3357.25,483.82,2873.43
2025-01-28,North America,Canada,Technology,Laptop Pro,9883.97,4659.3,751.63,3907.66
2025-10-09,South America,Brazil,Office Supplies,Desk Organizer,7495.62,3180.11,267.68,2912.43
2024-01-28,South America,Chile,Furniture,Storage Cabinet,2802.28,1155.54,127.44,1028.1
2024-04-14,North America,United States,Furniture,Storage Cabinet,6178.35,2699.05,196.77,2502.28
2024-12-12,Europe,Italy,Technology,Business Tablet,4658.82,1784.09,141.86,1642.23
2024-04-20,North America,Canada,Technology,Smartphone X,7407.9,2810.69,376.07,2434.62
2024-01-02,Asia Pacific,India,Technology,Cloud Server,2068.05,1034.65,126.25,908.4
2025-03-01,North America,Mexico,Technology,Laptop Pro,9292.28,3331.91,460.48,2871.42
2024-03-22,Asia Pacific,Australia,Technology,Business Tablet,848.52,355.59,42.22,313.37
2025-01-24,South America,Chile,Office Supplies,Office Chair,807.99,276.83,26.96,249.87
2024-03-27,Asia Pacific,Australia,Technology,Business Tablet,4226.44,1848.59,173.88,1674.71
2025-05-15,North America,United States,Furniture,Storage Cabinet,1143.43,578.47,67.39,511.07
2024-06-22,Asia Pacific,Australia,Office Supplies,Printer,6767.13,3013.38,275.2,2738.18
2025-05-16,North America,Mexico,Technology,Laptop Pro,3730.14,1617.3,219.1,1398.19
2025-11-06,North America,Canada,Office Supplies,Desk Organizer,650.76,265.56,39.88,225.67
2024-02-11,Asia Pacific,Japan,Furniture,Ergonomic Chair,7432.75,3167.43,340.59,2826.84
2024-10-14,North America,Mexico,Technology,Smartphone X,3739.5,1826.29,250.93,1575.35
2024-05-16,Asia Pacific,Singapore,Furniture,Storage Cabinet,4542.58,1649.56,276.51,1373.05
2024-08-04,Asia Pacific,Australia,Furniture,Storage Cabinet,9118.42,3959.74,686.96,3272.78
2024-11-30,Europe,France,Technology,Laptop Pro,1341.73,527.45,66.38,461.08
2025-11-10,North America,Canada,Office Supplies,Printer,9191.32,4161.66,678.53,3483.14
2024-05-13,Asia Pacific,Australia,Furniture,Ergonomic Chair,1078.41,454.73,74.74,379.98
2025-10-10,North America,Canada,Office Supplies,Printer,2783.83,1022.9,121.99,900.91
2024-09-07,South America,Argentina,Furniture,Ergonomic Chair,861.64,380.69,64.39,316.3
2025-11-29,Asia Pacific,Australia,Office Supplies,Office Chair,5115.49,2491.06,296.73,2194.33
2024-12-27,North America,Canada,Technology,Smartphone X,2120.06,891.55,150.29,741.27
2025-07-18,Asia Pacific,Singapore,Office Supplies,Premium Paper,1281.76,538.34,59.26,479.08
2024-06-22,North America,Canada,Furniture,Conference Table,6401.07,2896.04,435.52,2460.51
2025-03-14,Asia Pacific,Japan,Technology,Cloud Server,5215.33,2404.46,308.96,2095.5
2025-07-31,Europe,France,Technology,Smartphone X,6815.35,2609.02,217.43,2391.59
2024-01-01,Europe,Spain,Office Supplies,Premium Paper,3753.64,1817.67,289.28,1528.39
2024-10-16,North America,Canada,Furniture,Ergonomic Chair,4962.96,2083.86,356.63,1727.23
2025-07-10,Asia Pacific,India,Furniture,Conference Table,6919.29,3081.47,374.36,2707.11
2025-12-23,North America,Canada,Technology,Business Tablet,4463.69,1843.48,295.28,1548.2
2024-06-20,Europe,United Kingdom,Technology,Business Tablet,1837.0,738.45,77.71,660.73
2024-09-26,South America,Brazil,Technology,Cloud Server,5492.98,2007.82,204.32,1803.5
2024-07-02,South America,Argentina,Furniture,Conference Table,6760.61,2946.17,216.7,2729.47
2024-04-14,Europe,Italy,Technology,Cloud Server,958.56,398.81,75.99,322.83
2025-11-24,North America,United States,Furniture,Ergonomic Chair,3272.82,1229.04,204.57,1024.48
2024-09-12,South America,Chile,Office Supplies,Premium Paper,6817.22,3156.85,419.42,2737.44
2024-07-22,Europe,France,Office Supplies,Premium Paper,7446.03,3246.2,248.26,2997.94
2025-08-17,North America,Canada,Office Supplies,Desk Organizer,5237.37,2209.34,278.57,1930.77
2024-09-02,South America,Argentina,Office Supplies,Desk Organizer,3455.94,1378.33,160.84,1217.49
2024-02-29,North America,Canada,Furniture,Executive Desk,6327.12,3072.95,409.94,2663.01
2024-07-25,Asia Pacific,India,Technology,Laptop Pro,1827.25,826.56,107.28,719.28
2025-01-15,North America,United States,Technology,Smartphone X,2325.34,930.28,145.66,784.62
2024-03-25,North America,Canada,Furniture,Executive Desk,3457.6,1535.07,158.17,1376.9
2024-01-30,South America,Brazil,Technology,Cloud Server,2878.79,1251.81,201.56,1050.25
2025-03-08,Europe,Italy,Office Supplies,Printer,7314.36,3130.02,584.81,2545.21
2024-10-31,Asia Pacific,Singapore,Office Supplies,Office Chair,1519.94,789.41,119.97,669.44
2024-10-19,North America,Mexico,Office Supplies,Office Chair,4805.08,2433.23,358.33,2074.89
2025-04-09,North America,United States,Technology,Business Tablet,1009.96,460.81,71.96,388.85
2024-06-21,Asia Pacific,Japan,Furniture,Executive Desk,1997.99,958.69,137.36,821.33
2025-01-04,North America,Canada,Office Supplies,Premium Paper,2027.68,889.71,115.27,774.43
2025-06-27,Europe,Spain,Furniture,Ergonomic Chair,8386.44,3252.79,286.21,2966.58
2025-11-25,Asia Pacific,India,Furniture,Ergonomic Chair,3478.89,1688.36,218.62,1469.74
2024-10-27,Asia Pacific,Singapore,Office Supplies,Printer,1871.61,849.7,56.7,793.0
2024-09-21,Europe,United Kingdom,Technology,Business Tablet,8793.71,4578.77,650.23,3928.54
2025-06-22,South America,Argentina,Furniture,Ergonomic Chair,3637.22,1471.34,110.81,1360.53
2024-03-11,South America,Argentina,Furniture,Ergonomic Chair,7762.74,2973.0,498.7,2474.3
2025-01-19,South America,Brazil,Furniture,Conference Table,4523.43,1735.06,280.83,1454.23
2024-12-17,Europe,France,Furniture,Executive Desk,1044.31,487.67,66.11,421.57
2025-04-17,South America,Chile,Technology,Cloud Server,2792.48,1274.28,142.89,1131.4
2025-11-20,North America,United States,Office Supplies,Premium Paper,2604.82,1073.28,175.37,897.91
2025-08-24,North America,Mexico,Furniture,Executive Desk,4160.74,1640.58,224.98,1415.61
2024-06-30,South America,Argentina,Office Supplies,Office Chair,7316.8,3439.46,463.39,2976.07
2024-07-25,North America,Mexico,Office Supplies,Desk Organizer,7029.03,3172.48,534.36,2638.12
2024-12-29,Europe,Italy,Office Supplies,Premium Paper,3801.5,1698.88,134.92,1563.97
2024-11-28,Asia Pacific,Singapore,Furniture,Storage Cabinet,1269.03,534.5,73.58,460.92
2025-08-19,Asia Pacific,India,Furniture,Conference Table,4495.49,2073.95,222.08,1851.87
2025-02-21,Europe,United Kingdom,Furniture,Ergonomic Chair,3479.04,1531.36,124.65,1406.72
2024-03-14,North America,United States,Furniture,Ergonomic Chair,4445.6,1621.61,162.64,1458.97
2025-01-15,Europe,Spain,Technology,Business Tablet,4251.8,1786.97,253.72,1533.26
2024-03-24,North America,Mexico,Furniture,Storage Cabinet,9083.64,3947.85,608.18,3339.67
2024-11-15,South America,Chile,Office Supplies,Printer,5493.15,2510.5,392.01,2118.49
2025-10-04,South America,Chile,Technology,Laptop Pro,5930.71,2801.55,195.26,2606.29
2024-06-14,South America,Chile,Technology,Business Tablet,7231.9,3124.58,533.37,2591.21
2024-07-06,North America,Canada,Furniture,Executive Desk,4508.58,1578.85,136.23,1442.62
2024-05-03,North America,Canada,Office Supplies,Desk Organizer,6070.9,2660.71,185.16,2475.55
2025-05-14,South America,Brazil,Technology,Laptop Pro,5921.35,2526.19,303.54,2222.65
2025-04-22,Europe,Spain,Office Supplies,Printer,2649.11,1084.15,135.11,949.03
2024-06-02,North America,United States,Technology,Cloud Server,2291.35,923.14,92.35,830.79
2024-12-27,South America,Argentina,Office Supplies,Desk Organizer,6393.25,2632.21,436.77,2195.44
2025-06-17,Asia Pacific,India,Technology,Business Tablet,8858.79,4351.54,580.22,3771.31
2024-08-10,North America,Canada,Technology,Laptop Pro,2571.02,996.19,175.73,820.46
2024-06-27,South America,Argentina,Furniture,Storage Cabinet,2466.68,1123.42,89.7,1033.71
2024-08-22,Asia Pacific,Singapore,Technology,Laptop Pro,5789.5,2553.97,217.47,2336.5
2024-09-05,Europe,Italy,Furniture,Ergonomic Chair,5302.97,2789.76,415.38,2374.38
2025-11-08,Europe,Spain,Office Supplies,Office Chair,9225.55,6057.96,974.52,5083.44
2024-06-16,Europe,Italy,Office Supplies,Premium Paper,8190.62,3120.05,405.97,2714.08
2025-01-29,South America,Brazil,Office Supplies,Printer,5061.53,2219.83,316.36,1903.48
2024-06-11,South America,Argentina,Furniture,Ergonomic Chair,3694.73,1506.46,291.36,1215.1
2025-05-18,Europe,France,Furniture,Ergonomic Chair,9884.95,3418.96,407.71,3011.25
2025-01-04,North America,Canada,Furniture,Conference Table,6829.8,2432.72,273.49,2159.23
2025-12-28,Asia Pacific,Australia,Technology,Cloud Server,9552.11,3840.76,502.26,3338.49
2024-04-10,Asia Pacific,India,Furniture,Conference Table,1017.89,420.55,53.68,366.87
2024-03-04,South America,Brazil,Technology,Cloud Server,3632.75,1508.76,264.16,1244.6
2024-10-26,Europe,Spain,Office Supplies,Office Chair,8093.56,3603.06,447.3,3155.75
2025-06-03,North America,United States,Furniture,Executive Desk,3616.06,1427.7,192.88,1234.81
2025-05-23,South America,Argentina,Furniture,Executive Desk,2837.87,1303.41,143.06,1160.35
2024-12-26,South America,Argentina,Office Supplies,Office Chair,5327.37,2808.63,415.22,2393.42
2025-12-21,South America,Brazil,Furniture,Ergonomic Chair,6737.21,3129.05,391.96,2737.09
2024-01-25,North America,Mexico,Office Supplies,Printer,6013.81,2453.76,382.15,2071.61
2024-09-19,Asia Pacific,Singapore,Office Supplies,Desk Organizer,8702.69,3355.71,644.61,2711.09
2025-07-09,South America,Argentina,Furniture,Ergonomic Chair,656.33,318.06,48.62,269.44
2024-02-04,Europe,United Kingdom,Furniture,Ergonomic Chair,7342.5,3432.62,409.55,3023.07
2024-05-25,North America,Mexico,Furniture,Ergonomic Chair,9613.1,4627.26,652.06,3975.2
2025-01-27,Europe,Germany,Furniture,Ergonomic Chair,1326.12,566.39,41.82,524.57
2025-01-27,Europe,Spain,Office Supplies,Office Chair,4392.74,2022.67,240.0,1782.67
2024-02-12,South America,Brazil,Technology,Smartphone X,776.14,364.68,31.96,332.72
2025-10-11,North America,Mexico,Furniture,Executive Desk,9463.28,3705.91,642.72,3063.18
2025-08-14,South America,Argentina,Office Supplies,Desk Organizer,9795.77,4345.84,756.36,3589.48
2024-07-23,South America,Brazil,Office Supplies,Printer,5281.23,2623.75,257.55,2366.2
2025-03-06,South America,Brazil,Office Supplies,Premium Paper,6003.4,2712.66,284.41,2428.24
2025-11-06,Asia Pacific,Singapore,Office Supplies,Office Chair,6095.06,2468.9,193.2,2275.7
2024-09-23,South America,Argentina,Technology,Smartphone X,1221.0,485.39,73.08,412.32
2025-08-27,Asia Pacific,Australia,Office Supplies,Desk Organizer,7589.51,3029.86,478.55,2551.31
2024-12-28,South America,Chile,Technology,Laptop Pro,8573.43,3674.82,677.74,2997.08
2024-05-19,North America,Canada,Office Supplies,Office Chair,3504.25,1810.06,241.33,1568.73
2024-02-19,Europe,Spain,Office Supplies,Premium Paper,3405.62,1690.52,234.92,1455.6
2025-01-30,Europe,United Kingdom,Furniture,Storage Cabinet,7801.38,2599.64,244.02,2355.62
2025-08-16,Europe,Germany,Office Supplies,Office Chair,5431.0,2626.48,232.89,2393.59
2025-03-27,North America,Mexico,Office Supplies,Desk Organizer,3189.04,1576.48,215.78,1360.71
2024-08-25,Europe,Spain,Furniture,Ergonomic Chair,1494.03,556.76,84.5,472.26
2025-08-12,South America,Argentina,Technology,Smartphone X,1862.79,672.16,57.12,615.04
2024-10-27,North America,Mexico,Furniture,Ergonomic Chair,6720.09,3053.49,322.05,2731.44
2024-03-10,Europe,Germany,Furniture,Executive Desk,2365.03,941.32,106.45,834.87
2024-01-15,Asia Pacific,Japan,Furniture,Ergonomic Chair,1099.01,423.62,64.0,359.61
2025-09-28,Europe,France,Technology,Smartphone X,5799.31,2728.14,370.98,2357.17
2025-04-24,South America,Argentina,Technology,Cloud Server,8398.21,4051.39,471.81,3579.58
2024-11-23,Europe,France,Office Supplies,Premium Paper,6652.82,3030.57,471.72,2558.85
2025-04-26,North America,Mexico,Office Supplies,Printer,3256.87,1448.26,129.37,1318.9
2025-06-24,Europe,Spain,Technology,Cloud Server,2768.77,1279.2,161.76,1117.44
2024-07-28,South America,Chile,Technology,Smartphone X,4155.87,1715.43,230.61,1484.82
2024-01-05,South America,Brazil,Office Supplies,Printer,5812.78,2432.65,208.45,2224.2
2024-08-16,Europe,Germany,Office Supplies,Desk Organizer,1036.56,433.4,54.37,379.03
2025-04-08,South America,Brazil,Furniture,Conference Table,9881.61,4821.98,698.03,4123.94
2025-07-26,North America,United States,Technology,Laptop Pro,9257.74,4246.79,732.55,3514.24
2025-03-30,Asia Pacific,Singapore,Office Supplies,Premium Paper,3896.46,1827.61,293.82,1533.79
2024-08-31,Europe,France,Office Supplies,Premium Paper,4091.68,1748.9,221.4,1527.51
2025-08-31,North America,Canada,Furniture,Storage Cabinet,6792.71,2529.79,313.7,2216.09
2025-04-21,Europe,France,Office Supplies,Printer,5973.78,2625.67,462.38,2163.29
2025-12-15,Asia Pacific,India,Furniture,Ergonomic Chair,3505.37,1528.93,239.33,1289.59
2024-12-29,South America,Chile,Office Supplies,Printer,6940.27,3458.2,388.03,3070.17
2024-05-29,Asia Pacific,Japan,Furniture,Storage Cabinet,6719.6,3365.8,394.25,2971.55
2024-02-19,Europe,Spain,Office Supplies,Premium Paper,7738.03,2716.55,275.56,2440.99
2025-03-19,South America,Brazil,Technology,Business Tablet,1208.39,499.47,53.58,445.89
2025-03-06,South America,Brazil,Furniture,Ergonomic Chair,1072.7,466.99,78.61,388.38
2025-06-28,Europe,Spain,Furniture,Conference Table,5288.05,1929.15,176.54,1752.61
2025-08-19,North America,Canada,Office Supplies,Printer,7174.2,2732.4,389.15,2343.25
2025-06-05,South America,Brazil,Technology,Business Tablet,7592.26,3673.39,370.81,3302.57
2025-12-05,North America,United States,Furniture,Conference Table,2819.99,1319.3,209.49,1109.81
2024-05-21,Asia Pacific,Australia,Office Supplies,Premium Paper,3720.52,1568.39,275.44,1292.95
2024-12-11,South America,Chile,Furniture,Conference Table,4323.07,1775.44,131.33,1644.12
2025-10-17,North America,United States,Office Supplies,Office Chair,4907.88,2060.75,310.45,1750.3
2025-11-18,South America,Brazil,Furniture,Storage Cabinet,6010.05,2621.56,401.42,2220.14
2025-05-07,South America,Chile,Technology,Smartphone X,6509.66,2395.0,418.09,1976.9
2024-12-18,Asia Pacific,Singapore,Furniture,Storage Cabinet,7644.94,3477.84,387.3,3090.54
2024-04-08,North America,United States,Furniture,Conference Table,2199.1,945.2,96.82,848.38
2025-12-30,North America,Mexico,Technology,Smartphone X,5349.07,2556.5,392.37,2164.13
2025-02-05,North America,Canada,Technology,Business Tablet,8741.64,3228.37,481.58,2746.79
2024-10-08,Asia Pacific,Australia,Office Supplies,Premium Paper,8511.47,3726.77,390.8,3335.96
2025-06-26,North America,United States,Office Supplies,Premium Paper,986.08,379.59,49.42,330.18
2024-01-29,North America,United States,Furniture,Conference Table,4595.38,1801.41,291.29,1510.12
2025-09-19,Europe,United Kingdom,Office Supplies,Desk Organizer,3922.75,1515.97,280.15,1235.82
2025-05-30,South America,Chile,Technology,Laptop Pro,2349.64,1143.35,163.74,979.61
2024-03-02,South America,Brazil,Furniture,Storage Cabinet,9118.62,3571.47,406.77,3164.7
2025-10-02,North America,Canada,Office Supplies,Desk Organizer,980.12,463.81,69.78,394.02
2025-07-05,North America,United States,Technology,Smartphone X,8584.86,3610.03,333.56,3276.47
2025-09-04,Asia Pacific,Singapore,Office Supplies,Office Chair,4232.85,1489.21,169.81,1319.4
2024-01-17,Asia Pacific,Singapore,Technology,Laptop Pro,4956.35,2428.64,388.44,2040.2
2024-06-04,Europe,France,Technology,Cloud Server,3460.17,1310.14,246.6,1063.54
2024-10-17,South America,Argentina,Furniture,Executive Desk,6501.04,2892.33,519.67,2372.66
2024-09-17,North America,Mexico,Technology,Smartphone X,9456.46,3656.78,733.23,2923.55
2024-04-10,South America,Argentina,Technology,Cloud Server,4599.56,2420.59,361.32,2059.27
2025-06-20,Asia Pacific,Australia,Office Supplies,Printer,1187.52,557.17,67.3,489.88
2024-12-05,South America,Chile,Office Supplies,Office Chair,2046.99,859.81,69.18,790.63
2024-04-16,Europe,Spain,Office Supplies,Desk Organizer,1258.09,549.18,99.54,449.64
2025-02-28,Europe,Germany,Technology,Cloud Server,8964.6,3621.57,533.9,3087.67
2025-10-14,Europe,Italy,Office Supplies,Printer,2392.89,1708.63,342.53,1366.1
2024-05-17,Asia Pacific,Australia,Technology,Laptop Pro,4455.93,2010.77,255.26,1755.52
2024-10-21,Asia Pacific,Singapore,Technology,Smartphone X,9137.19,3630.98,299.69,3331.29
2024-06-30,Asia Pacific,Japan,Technology,Smartphone X,3792.18,1834.42,274.39,1560.03
2024-01-15,South America,Brazil,Technology,Laptop Pro,7026.66,3332.18,427.41,2904.77
2025-01-18,Europe,France,Technology,Laptop Pro,9909.46,4590.61,668.41,3922.2
2025-03-11,South America,Argentina,Technology,Business Tablet,5638.44,2121.27,231.85,1889.43
2024-07-22,Europe,Italy,Technology,Business Tablet,4823.28,2227.85,230.75,1997.1
2024-03-08,North America,Mexico,Furniture,Conference Table,3280.71,1485.03,127.58,1357.44
2024-01-06,North America,Mexico,Furniture,Executive Desk,3887.11,1673.07,125.86,1547.21
2025-08-23,Asia Pacific,Japan,Technology,Cloud Server,8792.92,3676.68,316.63,3360.05
2024-06-10,South America,Chile,Office Supplies,Office Chair,3674.56,1297.87,170.43,1127.44
2024-02-28,South America,Chile,Technology,Smartphone X,3146.3,1481.51,104.36,1377.15
2025-09-07,Asia Pacific,Japan,Technology,Smartphone X,8274.19,3654.2,318.05,3336.15
2024-02-16,North America,Canada,Office Supplies,Desk Organizer,8233.8,3789.48,345.7,3443.78
2024-08-23,Asia Pacific,Australia,Technology,Smartphone X,5077.4,2040.06,217.54,1822.52
2025-09-02,Asia Pacific,Japan,Furniture,Ergonomic Chair,7505.08,2582.59,309.5,2273.09
2024-01-27,South America,Chile,Office Supplies,Premium Paper,3231.08,1305.39,136.64,1168.75
2024-05-11,Europe,Spain,Office Supplies,Premium Paper,3660.65,1391.33,261.71,1129.62
2025-11-18,South America,Chile,Technology,Business Tablet,6053.24,2792.58,217.29,2575.29
2024-05-08,North America,Canada,Office Supplies,Office Chair,1495.34,667.38,81.0,586.39
2024-10-22,Asia Pacific,Singapore,Furniture,Conference Table,5896.0,2696.57,315.93,2380.64
2025-05-11,Asia Pacific,India,Technology,Smartphone X,7245.24,2969.65,408.59,2561.06
2025-05-31,Asia Pacific,Singapore,Office Supplies,Desk Organizer,7665.96,3379.66,529.23,2850.43
2025-09-05,South America,Argentina,Office Supplies,Premium Paper,4703.59,1795.79,230.11,1565.68
2024-02-29,Asia Pacific,Singapore,Office Supplies,Premium Paper,1905.81,840.29,108.94,731.35
2024-07-16,South America,Chile,Furniture,Conference Table,5260.17,2078.23,378.78,1699.44
2024-05-15,Asia Pacific,India,Office Supplies,Office Chair,6018.21,2719.66,215.74,2503.92
2024-01-19,North America,Canada,Furniture,Ergonomic Chair,5089.94,2050.19,186.39,1863.8
2025-03-16,South America,Chile,Office Supplies,Premium Paper,2561.77,1184.7,131.59,1053.1
2025-02-13,South America,Chile,Technology,Cloud Server,3493.44,1403.04,217.91,1185.13
2024-03-09,North America,Canada,Technology,Cloud Server,4162.0,1667.44,251.76,1415.68
2025-06-11,North America,Mexico,Technology,Laptop Pro,2487.33,1175.32,196.26,979.06
2024-09-03,Asia Pacific,Japan,Furniture,Storage Cabinet,896.78,427.86,70.92,356.94
2024-07-11,North America,Mexico,Furniture,Storage Cabinet,8856.81,3691.48,648.8,3042.69
2024-04-05,Europe,United Kingdom,Furniture,Storage Cabinet,8439.79,3583.54,666.02,2917.53
2024-10-05,South America,Brazil,Furniture,Storage Cabinet,8634.03,3225.53,587.48,2638.05
2025-09-22,Europe,Spain,Office Supplies,Desk Organizer,5573.09,2444.93,268.79,2176.14
2025-02-02,Asia Pacific,Singapore,Office Supplies,Office Chair,6291.19,2457.26,481.11,1976.15
2025-11-10,North America,Mexico,Office Supplies,Premium Paper,3759.67,1525.26,281.41,1243.85
2025-07-08,Europe,Germany,Furniture,Executive Desk,3286.71,1249.43,209.43,1040.0
2024-11-17,South America,Chile,Furniture,Ergonomic Chair,8958.87,3382.23,651.98,2730.26
2024-06-14,Europe,Spain,Furniture,Storage Cabinet,6786.68,3285.79,433.48,2852.32
2025-03-10,Europe,Italy,Office Supplies,Desk Organizer,2219.86,903.34,100.8,802.54
2024-03-12,Europe,Germany,Office Supplies,Printer,4676.71,2100.23,307.23,1793.0
2025-04-05,Europe,France,Office Supplies,Printer,8187.56,3779.35,470.46,3308.89
2024-03-09,North America,Mexico,Technology,Smartphone X,8570.21,4070.08,524.41,3545.68
2025-06-30,Asia Pacific,Japan,Office Supplies,Premium Paper,6432.95,2718.3,398.26,2320.04
2024-10-26,Europe,United Kingdom,Furniture,Ergonomic Chair,8818.84,3480.43,579.07,2901.36
2024-03-04,Asia Pacific,Japan,Office Supplies,Desk Organizer,2430.42,1039.89,117.68,922.2
2025-02-17,South America,Brazil,Office Supplies,Premium Paper,4634.47,2021.14,198.23,1822.91
2025-07-14,Europe,United Kingdom,Furniture,Ergonomic Chair,521.53,195.88,34.79,161.08
2024-02-07,South America,Argentina,Office Supplies,Premium Paper,1915.47,949.84,152.74,797.09
2024-02-22,South America,Argentina,Technology,Cloud Server,7802.94,3347.74,296.09,3051.65
2025-02-24,North America,United States,Furniture,Ergonomic Chair,7617.0,3035.36,401.21,2634.15
2024-07-30,Asia Pacific,Australia,Furniture,Storage Cabinet,5969.37,2677.79,223.61,2454.17
2025-01-18,Europe,Spain,Office Supplies,Office Chair,8218.25,3553.41,585.14,2968.27
2024-11-25,Asia Pacific,Singapore,Furniture,Ergonomic Chair,5332.93,2651.47,382.99,2268.48
2025-12-20,North America,Mexico,Office Supplies,Premium Paper,9147.46,4318.12,421.98,3896.14
2025-08-24,North America,Canada,Furniture,Executive Desk,8062.9,3698.92,441.67,3257.25
2024-05-03,Asia Pacific,Japan,Furniture,Storage Cabinet,519.21,233.15,27.92,205.23
2024-08-17,Europe,United Kingdom,Technology,Smartphone X,3826.85,1821.8,126.07,1695.73
2024-10-27,Europe,France,Technology,Cloud Server,6979.73,3352.02,371.62,2980.4
2024-05-31,South America,Brazil,Office Supplies,Premium Paper,9910.82,4866.06,582.58,4283.48
2025-12-24,South America,Brazil,Office Supplies,Desk Organizer,2523.41,1196.31,76.87,1119.44
2024-10-29,North America,Mexico,Office Supplies,Office Chair,5909.96,2495.77,184.25,2311.52
2024-10-28,North America,Mexico,Furniture,Executive Desk,5127.27,2363.6,272.22,2091.38
2024-05-18,North America,Canada,Technology,Smartphone X,7513.3,3188.19,582.56,2605.62
2025-02-09,North America,Mexico,Technology,Business Tablet,5347.61,2636.25,233.35,2402.9
2025-05-09,North America,Canada,Office Supplies,Premium Paper,8348.53,3430.93,445.56,2985.37
2025-06-08,North America,Mexico,Technology,Smartphone X,4640.45,1707.23,300.17,1407.06
2024-04-20,Asia Pacific,Australia,Technology,Smartphone X,4232.27,1492.16,181.43,1310.73
2025-12-19,South America,Brazil,Technology,Smartphone X,1969.92,883.3,64.56,818.74
2025-12-30,South America,Argentina,Office Supplies,Desk Organizer,4356.48,1791.58,273.58,1518.0
2024-11-28,North America,Mexico,Furniture,Conference Table,3138.3,1433.19,196.45,1236.75
2025-12-09,South America,Chile,Office Supplies,Office Chair,3681.93,1776.32,284.44,1491.89
2025-05-27,South America,Brazil,Office Supplies,Premium Paper,3974.08,1889.31,166.86,1722.45
2025-06-15,Europe,United Kingdom,Office Supplies,Office Chair,2274.51,915.09,156.46,758.63
2025-03-30,South America,Argentina,Office Supplies,Printer,8405.51,2988.31,298.49,2689.83
2024-05-02,Europe,Italy,Technology,Business Tablet,6823.14,3259.32,207.56,3051.76
2024-06-09,Asia Pacific,India,Furniture,Storage Cabinet,5550.22,2646.17,240.58,2405.59
2024-04-04,North America,United States,Office Supplies,Desk Organizer,6730.1,3269.58,308.9,2960.68
2025-02-10,North America,Canada,Technology,Business Tablet,4593.41,1688.8,286.66,1402.13
2024-12-08,Asia Pacific,India,Office Supplies,Premium Paper,5084.4,2407.84,301.86,2105.98
2025-04-02,Asia Pacific,India,Furniture,Conference Table,5008.91,2191.63,297.52,1894.11
2024-08-11,Europe,France,Office Supplies,Office Chair,3037.62,1520.65,213.73,1306.92
2024-12-08,Europe,Germany,Furniture,Storage Cabinet,4519.55,1644.18,180.19,1464.0
2024-10-02,South America,Brazil,Office Supplies,Printer,6990.81,2439.63,261.7,2177.93
